time,loss,learning_rate,step,accuracy
11.543480634689331,3.5979595,0.001,1,0.06
22.3642795085907,3.1691415,0.001,2,0.08
34.06476354598999,3.077618,0.001,3,0.1
44.950042963027954,2.9053288,0.001,4,0.07
53.08219909667969,2.8317866,0.001,5,0.06
64.16026306152344,2.706581,0.001,6,0.07
75.1567587852478,2.6613789,0.001,7,0.09
85.86979746818542,2.628635,0.001,8,0.1
96.82693386077881,2.606059,0.001,9,0.1
107.87116050720215,2.6043148,0.001,10,0.11
120.25059747695923,2.4982743,0.001,11,0.12
129.32909488677979,2.4968839,0.001,12,0.11
137.42992281913757,2.4283319,0.001,13,0.11
148.25934171676636,2.5045164,0.001,14,0.1
156.24991369247437,2.4906683,0.001,15,0.09
168.10572338104248,2.4756656,0.001,16,0.1
179.31572270393372,2.382096,0.001,17,0.09
187.5650990009308,2.4030554,0.001,18,0.11
198.78186631202698,2.3842683,0.001,19,0.1
207.04522681236267,2.342269,0.001,20,0.11
218.9602153301239,2.3814576,0.001,21,0.11
229.47535228729248,2.3296192,0.001,22,0.11
239.9858205318451,2.3348167,0.001,23,0.12
248.32097506523132,2.3344526,0.001,24,0.15
259.65503430366516,2.3408833,0.001,25,0.18
267.9294443130493,2.3324149,0.001,26,0.16
278.64165902137756,2.3211749,0.001,27,0.17
289.5442900657654,2.3440533,0.001,28,0.18
300.4285321235657,2.3339612,0.001,29,0.15
308.32365703582764,2.3310068,0.001,30,0.2
319.37747955322266,2.3152,0.001,31,0.2
330.03709506988525,2.3011398,0.001,32,0.19
341.1923530101776,2.2855215,0.001,33,0.18
349.22813510894775,2.310174,0.001,34,0.21
360.5218708515167,2.2691557,0.001,35,0.19
371.31329464912415,2.311872,0.001,36,0.2
381.93841004371643,2.2733474,0.001,37,0.17
393.1203372478485,2.2880456,0.001,38,0.16
403.912136554718,2.3150666,0.001,39,0.14
415.1040229797363,2.2786598,0.001,40,0.13
423.1104805469513,2.3057802,0.001,41,0.14
446.8646216392517,2.2732358,0.001,42,0.2
454.7393591403961,2.2904081,0.001,43,0.17
466.3296420574188,2.286332,0.001,44,0.13
478.2620916366577,2.3045192,0.001,45,0.12
489.5024883747101,2.275455,0.001,46,0.1
500.38524055480957,2.279963,0.001,47,0.12
511.32419300079346,2.2873237,0.001,48,0.16
521.9754824638367,2.2614424,0.001,49,0.15
532.5235035419464,2.2824042,0.001,50,0.17
540.8785111904144,2.2726882,0.001,51,0.19
552.1598834991455,2.2483118,0.001,52,0.19
562.7006001472473,2.279324,0.001,53,0.19
573.5176277160645,2.2346153,0.001,54,0.08
582.4802560806274,2.2755003,0.001,55,0.13
590.6629800796509,2.2288163,0.001,56,0.12
600.2839951515198,2.2393026,0.001,57,0.16
610.705867767334,2.288031,0.001,58,0.11
618.801450252533,2.272457,0.001,59,0.16
629.5394394397736,2.2508585,0.001,60,0.16
641.6577377319336,2.258782,0.001,61,0.12
652.6018161773682,2.2123933,0.001,62,0.17
661.1612930297852,2.270761,0.001,63,0.21
672.3613805770874,2.2432897,0.001,64,0.16
683.0140373706818,2.244005,0.001,65,0.26
691.2726593017578,2.2941685,0.001,66,0.13
699.3846008777618,2.2735422,0.001,67,0.26
710.1966741085052,2.2737546,0.001,68,0.19
721.5184464454651,2.3098183,0.001,69,0.11
729.381844997406,2.260415,0.001,70,0.13
741.1490254402161,2.2640758,0.001,71,0.17
750.1510474681854,2.314951,0.001,72,0.18
761.1709721088409,2.2872093,0.001,73,0.16
772.8218972682953,2.2930577,0.001,74,0.2
780.382926940918,2.2209651,0.001,75,0.29
791.7157082557678,2.2402086,0.001,76,0.27
799.7812809944153,2.250089,0.001,77,0.15
811.2427189350128,2.324723,0.001,78,0.15
819.8231434822083,2.373291,0.001,79,0.15
828.5274708271027,2.2864938,0.001,80,0.08
839.8837783336639,2.2678764,0.001,81,0.16
848.4295480251312,2.2520387,0.001,82,0.19
878.7542190551758,2.2711782,0.001,83,0.23
891.1815898418427,2.2630048,0.001,84,0.17
899.0524792671204,2.2398071,0.001,85,0.12
910.1644911766052,2.3880148,0.001,86,0.14
921.233341217041,2.23952,0.001,87,0.25
932.0548751354218,2.2266614,0.001,88,0.13
942.8194167613983,2.3249087,0.001,89,0.16
950.9523160457611,2.3065114,0.001,90,0.11
957.6433229446411,2.2780194,0.001,91,0.1
968.5430624485016,2.2701142,0.001,92,0.14
979.5477693080902,2.2455804,0.001,93,0.11
990.3702356815338,2.2715516,0.001,94,0.17
997.84193110466,2.35074,0.001,95,0.15
1008.594603061676,2.2541087,0.001,96,0.16
1016.7338378429413,2.2700002,0.001,97,0.1
1027.8152441978455,2.2986047,0.001,98,0.09
1039.7188425064087,2.301734,0.001,99,0.23
1050.1283807754517,2.2025611,0.001,100,0.14
1058.3660032749176,2.3343084,0.001,101,0.19
1069.902349948883,2.3224766,0.001,102,0.12
1080.5256655216217,2.310679,0.001,103,0.1
1091.2891149520874,2.2918177,0.001,104,0.12
1101.750734090805,2.2823021,0.001,105,0.12
1112.6443071365356,2.262563,0.001,106,0.15
1123.44859457016,2.2801104,0.001,107,0.14
1131.555537223816,2.249002,0.001,108,0.12
1142.4847400188446,2.2812996,0.001,109,0.13
1153.125977754593,2.477684,0.001,110,0.08
1164.409502506256,2.2925603,0.001,111,0.15
1172.4807436466217,2.2784984,0.001,112,0.15
1183.2116148471832,2.259999,0.001,113,0.16
1192.0447571277618,2.2563624,0.001,114,0.15
1202.5466973781586,2.2778726,0.001,115,0.11
1213.2386112213135,2.2367578,0.001,116,0.26
1224.7393894195557,2.2336073,0.001,117,0.16
1233.0109720230103,2.31323,0.001,118,0.14
1243.9010653495789,2.3125734,0.001,119,0.15
1251.6624341011047,2.291089,0.001,120,0.13
1263.6462290287018,2.2553644,0.001,121,0.21
1274.6095304489136,2.174604,0.001,122,0.23
1283.3680720329285,2.1880262,0.001,123,0.13
1302.1627566814423,2.1798353,0.001,124,0.15
1312.9795517921448,2.307048,0.001,125,0.1
1324.046350479126,2.3010907,0.001,126,0.16
1331.59699344635,2.2231755,0.001,127,0.16
1342.8189351558685,2.2855146,0.001,128,0.1
1350.419897556305,2.3285878,0.001,129,0.09
1358.7900087833405,2.3024786,0.001,130,0.18
1370.057720899582,2.2515788,0.001,131,0.1
1378.9922211170197,2.3294313,0.001,132,0.14
1386.9438877105713,2.3178434,0.001,133,0.19
1395.0754928588867,2.2687433,0.001,134,0.13
1405.639944076538,2.2487388,0.001,135,0.19
1416.2648949623108,2.2403727,0.001,136,0.14
1424.2652513980865,2.3120337,0.001,137,0.14
1432.9764301776886,2.4490986,0.001,138,0.11
1443.7575912475586,2.2910814,0.001,139,0.19
1454.495243549347,2.2502418,0.001,140,0.2
1466.2108504772186,2.2189627,0.001,141,0.21
1476.7253229618073,2.2371995,0.001,142,0.13
1488.1217110157013,2.217062,0.001,143,0.19
1494.9832544326782,2.2963529,0.001,144,0.11
1506.7944996356964,2.2616134,0.001,145,0.24
1517.7678141593933,2.1626875,0.001,146,0.15
1525.9389300346375,2.133939,0.001,147,0.16
1536.637904882431,2.5007472,0.001,148,0.15
1544.4833343029022,2.2210424,0.001,149,0.17
1555.6160790920258,2.3052077,0.001,150,0.15
1563.9099192619324,2.270465,0.001,151,0.16
1575.661866426468,2.242947,0.001,152,0.08
1584.6297175884247,2.270264,0.001,153,0.09
1593.122447013855,2.3041978,0.001,154,0.05
1605.223239660263,2.28456,0.001,155,0.19
1616.7624402046204,2.2431843,0.001,156,0.18
1624.9302566051483,2.1552665,0.001,157,0.12
1632.9557173252106,2.322893,0.001,158,0.13
1643.9009346961975,2.1694853,0.001,159,0.19
1654.8661341667175,2.1931534,0.001,160,0.16
1666.0169146060944,2.300366,0.001,161,0.2
1672.7830340862274,2.3208144,0.001,162,0.23
1684.0485560894012,2.2402196,0.001,163,0.24
1692.1975450515747,2.1769443,0.001,164,0.16
1709.9030108451843,2.112866,0.001,165,0.19
1720.827139377594,2.1712267,0.001,166,0.14
1731.394690990448,2.4475243,0.001,167,0.16
1742.960380077362,2.1888514,0.001,168,0.16
1751.972186088562,2.1439683,0.001,169,0.16
1760.571409702301,2.2714753,0.001,170,0.23
1768.82909822464,2.2100034,0.001,171,0.19
1775.5428595542908,2.1223698,0.001,172,0.23
1786.6070728302002,2.1889033,0.001,173,0.15
1797.580298423767,2.238543,0.001,174,0.19
1808.408346414566,2.0390236,0.001,175,0.19
1819.28493642807,2.0595345,0.001,176,0.2
1830.2236409187317,2.02337,0.001,177,0.24
1838.0922992229462,2.023394,0.001,178,0.17
1848.6763393878937,2.3069434,0.001,179,0.13
1859.8139533996582,2.620082,0.001,180,0.2
1870.5914759635925,2.2641008,0.001,181,0.24
1878.863285779953,2.2193773,0.001,182,0.16
1887.135046005249,2.1752238,0.001,183,0.11
1897.955840587616,4.0091963,0.001,184,0.14
1908.86714553833,2.299896,0.001,185,0.12
1916.5204372406006,2.3068025,0.001,186,0.13
1927.3155553340912,2.2701705,0.001,187,0.13
1939.295062303543,2.2774246,0.001,188,0.09
1947.589702129364,2.2498658,0.001,189,0.21
1957.7868385314941,2.2057772,0.001,190,0.15
1965.8605513572693,2.1058106,0.001,191,0.22
1973.4198606014252,2.1958635,0.001,192,0.21
1981.4100532531738,2.1919348,0.001,193,0.22
1990.0511221885681,2.2189958,0.001,194,0.25
1998.9653985500336,2.12567,0.001,195,0.22
2010.1070761680603,2.0897613,0.001,196,0.19
2021.0347249507904,1.97935,0.001,197,0.22
2032.1606602668762,2.0640254,0.001,198,0.26
2040.1542098522186,2.153852,0.001,199,0.19
2050.676504135132,2.436206,0.001,200,0.13
2061.7071890830994,2.234314,0.001,201,0.25
2072.477476119995,2.1278818,0.001,202,0.25
2083.9547827243805,2.0637085,0.001,203,0.23
2095.986480474472,1.9603791,0.001,204,0.27
2103.963244199753,1.8995212,0.001,205,0.31
2115.1168591976166,1.9273064,0.001,206,0.16
2126.163172483444,2.3372147,0.001,207,0.28
2136.976278066635,2.1326804,0.001,208,0.18
2145.9807255268097,2.1588395,0.001,209,0.21
2154.4553923606873,2.0675786,0.001,210,0.16
2165.7441544532776,2.0096035,0.001,211,0.3
2177.2303097248077,1.9747663,0.001,212,0.28
2188.1096045970917,1.8689691,0.001,213,0.29
2198.8697414398193,1.8468012,0.001,214,0.25
2209.6612861156464,1.9846772,0.001,215,0.22
2216.365483045578,1.9504586,0.001,216,0.19
2227.236757993698,1.9581093,0.001,217,0.3
2237.93780875206,2.0236392,0.001,218,0.25
2248.8982298374176,1.9927311,0.001,219,0.3
2258.183429956436,1.9164284,0.001,220,0.28
2269.629502058029,1.9824001,0.001,221,0.32
2280.746589422226,1.9666488,0.001,222,0.23
2288.742851495743,1.7931341,0.001,223,0.28
2296.639369726181,1.8335087,0.001,224,0.28
2307.357795715332,1.956523,0.001,225,0.3
2316.0102038383484,2.02704,0.001,226,0.17
2323.9846045970917,2.1466713,0.001,227,0.18
2331.9501016139984,2.3003461,0.001,228,0.28
2342.533124446869,2.0427468,0.001,229,0.31
2353.796954870224,1.9446155,0.001,230,0.26
2361.777282476425,1.9064833,0.001,231,0.31
2373.686697244644,1.8551518,0.001,232,0.29
2384.895434856415,1.9180062,0.001,233,0.24
2393.315702199936,1.9229275,0.001,234,0.3
2404.4256834983826,2.0080557,0.001,235,0.28
2412.193069934845,1.9697951,0.001,236,0.39
2421.535220861435,1.8373086,0.001,237,0.3
2433.6465725898743,1.7810878,0.001,238,0.28
2444.3325707912445,1.6832099,0.001,239,0.22
2452.8350615501404,1.84109,0.001,240,0.19
2464.0275678634644,1.8450127,0.001,241,0.28
2472.3471965789795,1.7855586,0.001,242,0.27
2483.2053282260895,1.825464,0.001,243,0.29
2493.5502791404724,2.0695097,0.001,244,0.22
2501.6212186813354,1.9691195,0.001,245,0.21
2512.902372121811,1.9413435,0.001,246,0.27
2524.112144947052,1.7977898,0.001,247,0.33
2531.8414413928986,1.7439485,0.001,248,0.32
2543.5990273952484,1.8224198,0.001,249,0.32
2554.561147928238,1.8101984,0.001,250,0.29
2562.4068875312805,1.8652766,0.001,251,0.38
2574.0485665798187,1.76415,0.001,252,0.37
2585.5745866298676,1.7276859,0.001,253,0.31
2593.5139281749725,1.7224773,0.001,254,0.29
2602.1552209854126,2.0559947,0.001,255,0.3
2612.9936306476593,2.0363503,0.001,256,0.31
2623.851358652115,1.9691637,0.001,257,0.31
2635.2644543647766,1.8329501,0.001,258,0.39
2643.894029855728,1.627798,0.001,259,0.39
2652.08314037323,1.7032375,0.001,260,0.29
2662.809913635254,1.8532499,0.001,261,0.23
2673.396669626236,1.7551758,0.001,262,0.3
2681.387392759323,1.730622,0.001,263,0.33
2692.3115379810333,1.7129297,0.001,264,0.35
2703.4371490478516,1.5646067,0.001,265,0.38
2713.8466861248016,1.5108935,0.001,266,0.34
2721.742854118347,1.7088059,0.001,267,0.38
2729.7116391658783,1.6788276,0.001,268,0.34
2737.4210963249207,1.4953959,0.001,269,0.42
2747.894490003586,1.5514235,0.001,270,0.32
2754.645251274109,1.8867506,0.001,271,0.22
2762.4614839553833,1.8142781,0.001,272,0.25
2770.609965801239,2.1611607,0.001,273,0.21
2781.5449500083923,2.426979,0.001,274,0.26
2792.9141223430634,2.0599914,0.001,275,0.26
2803.7344217300415,1.9606866,0.001,276,0.38
2814.467759847641,1.7748626,0.001,277,0.42
2825.9881250858307,1.7020029,0.001,278,0.44
2837.6794633865356,1.62865,0.001,279,0.41
2845.7879416942596,1.520746,0.001,280,0.39
2857.120418548584,1.7154607,0.001,281,0.39
2865.01203417778,1.7574095,0.001,282,0.37
2875.6391971111298,1.532356,0.001,283,0.45
2886.5354056358337,1.574789,0.001,284,0.49
2895.078842163086,1.5310906,0.001,285,0.45
2905.9344487190247,1.5806905,0.001,286,0.37
2916.4224638938904,1.6563892,0.001,287,0.34
2924.9403660297394,1.6770803,0.001,288,0.29
2935.6280076503754,1.6734164,0.001,289,0.44
2943.4175045490265,1.785824,0.001,290,0.45
2951.9937925338745,1.5914624,0.001,291,0.4
2962.832220554352,1.5839703,0.001,292,0.37
2971.7728214263916,1.5731163,0.001,293,0.36
2982.841581583023,1.6745394,0.001,294,0.42
2991.593295097351,1.5463517,0.001,295,0.39
2998.6297273635864,1.5768536,0.001,296,0.42
3009.833996295929,1.4958127,0.001,297,0.44
3020.5037949085236,1.5847158,0.001,298,0.49
3031.476461172104,1.4927323,0.001,299,0.42
3042.264331817627,1.4445472,0.001,300,0.42
3050.186402320862,1.4886242,0.001,301,0.46
3060.907646179199,1.2981595,0.001,302,0.46
3072.1872017383575,1.4447026,0.001,303,0.37
3083.5107686519623,1.6883838,0.001,304,0.39
3094.117199420929,1.7604175,0.001,305,0.34
3104.8257806301117,1.688786,0.001,306,0.29
3116.56001162529,1.6629825,0.001,307,0.45
3125.276008605957,1.8156095,0.001,308,0.42
3133.7425384521484,1.6402488,0.001,309,0.42
3144.9264998435974,1.6106973,0.001,310,0.5
3156.5170555114746,1.4174502,0.001,311,0.48
3166.9124743938446,1.5111126,0.001,312,0.49
3175.1788959503174,1.4494456,0.001,313,0.39
3186.363062143326,1.5855265,0.001,314,0.38
3194.4050023555756,1.65235,0.001,315,0.45
3205.661559343338,1.6225893,0.001,316,0.48
3216.714672088623,1.4108827,0.001,317,0.5
3227.5906145572662,1.6185024,0.001,318,0.45
3238.102640390396,1.5714813,0.001,319,0.51
3249.625148296356,1.393611,0.001,320,0.46
3260.2249295711517,1.3791353,0.001,321,0.56
3268.677362680435,1.3637263,0.001,322,0.42
3276.756278038025,1.5796272,0.001,323,0.4
3287.7099153995514,1.5789812,0.001,324,0.52
3295.6304104328156,1.4949603,0.001,325,0.44
3306.3525390625,1.463909,0.001,326,0.51
3317.901168346405,1.6010022,0.001,327,0.47
3329.1498765945435,1.4214209,0.001,328,0.5
3340.4189829826355,1.471518,0.001,329,0.52
3348.410268306732,1.3253258,0.001,330,0.43
3359.697117328644,1.5490888,0.001,331,0.46
3368.179938316345,1.5570834,0.001,332,0.53
3379.4317128658295,1.3250284,0.001,333,0.51
3388.0789473056793,1.4744581,0.001,334,0.42
3396.9138021469116,1.5627156,0.001,335,0.53
3409.1041960716248,1.4332513,0.001,336,0.47
3419.699903011322,1.4011322,0.001,337,0.57
3430.566517353058,1.4116668,0.001,338,0.47
3441.348072052002,1.5386021,0.001,339,0.51
3448.789231300354,1.3518941,0.001,340,0.54
3456.9965229034424,1.437713,0.001,341,0.46
3467.746277809143,1.3462212,0.001,342,0.52
3479.326724767685,1.3866187,0.001,343,0.43
3491.6066296100616,1.6566145,0.001,344,0.37
3502.494641304016,1.6384953,0.001,345,0.44
3510.7812626361847,1.5395255,0.001,346,0.42
3519.6726541519165,1.5261465,0.001,347,0.43
3531.332914352417,1.4654392,0.001,348,0.48
3538.999899148941,1.3859667,0.001,349,0.54
3550.058555841446,1.2422249,0.001,350,0.53
3560.9425573349,1.2413113,0.001,351,0.54
3571.780748605728,1.3378134,0.001,352,0.57
3579.9277625083923,1.2903446,0.001,353,0.45
3591.876537322998,1.4005806,0.001,354,0.46
3602.4358649253845,1.4283879,0.001,355,0.44
3610.6136071681976,1.4474287,0.001,356,0.49
3621.6278762817383,1.3589042,0.001,357,0.54
3632.6453115940094,1.117776,0.001,358,0.54
3640.444107532501,1.4353485,0.001,359,0.55
3651.520620584488,1.2451018,0.001,360,0.53
3659.3381140232086,1.267333,0.001,361,0.49
3670.566875934601,1.4232807,0.001,362,0.33
3682.93687748909,1.5847597,0.001,363,0.41
3691.0617909431458,1.501239,0.001,364,0.47
3698.8598001003265,1.4449508,0.001,365,0.51
3709.7064621448517,1.4526473,0.001,366,0.54
3720.5848326683044,1.1259784,0.001,367,0.5
3731.5202074050903,1.1720513,0.001,368,0.5
3740.0866136550903,1.1833283,0.001,369,0.5
3749.221284866333,1.216387,0.001,370,0.49
3760.494218826294,1.4236301,0.001,371,0.57
3771.354480266571,1.3318374,0.001,372,0.47
3782.256484270096,1.1047182,0.001,373,0.62
3793.734605550766,1.1643722,0.001,374,0.51
3802.0511503219604,1.2205101,0.001,375,0.54
3812.855817079544,1.166222,0.001,376,0.56
3823.783678293228,1.2048029,0.001,377,0.53
3831.8168251514435,1.1767313,0.001,378,0.54
3842.6396148204803,1.1076876,0.001,379,0.51
3853.736362695694,1.094784,0.001,380,0.57
3860.9911749362946,1.1776689,0.001,381,0.43
3872.0447895526886,1.3094656,0.001,382,0.48
3883.096009492874,1.4496752,0.001,383,0.52
3894.218339204788,1.0954418,0.001,384,0.54
3900.942048549652,1.3969133,0.001,385,0.5
3907.60546541214,1.2325176,0.001,386,0.53
3914.620523452759,1.329803,0.001,387,0.5
3922.8858473300934,1.5462205,0.001,388,0.47
3931.2277369499207,1.3263192,0.001,389,0.49
3943.1066665649414,1.233218,0.001,390,0.48
3954.028822660446,1.2345104,0.001,391,0.53
3961.6097791194916,1.3424586,0.001,392,0.54
3972.9224305152893,1.2129077,0.001,393,0.51
3980.7387239933014,1.3467902,0.001,394,0.53
3989.536485671997,1.1553733,0.001,395,0.51
3999.6980946063995,1.2124995,0.001,396,0.55
4010.696157693863,1.0687457,0.001,397,0.6
4022.0525753498077,1.2337133,0.001,398,0.51
4030.2637391090393,1.2891942,0.001,399,0.53
4041.683099269867,1.2924507,0.001,400,0.49
4049.6410055160522,1.1705451,0.001,401,0.58
4060.510358572006,1.2757617,0.001,402,0.51
4068.2211656570435,1.3252714,0.001,403,0.54
4079.9055483341217,1.1181154,0.001,404,0.56
4087.3235964775085,1.0782007,0.001,405,0.56
4095.4100008010864,1.0293633,0.001,406,0.6
4107.783570051193,1.183285,0.001,407,0.56
4118.550339221954,1.1144117,0.001,408,0.56
4126.728092670441,1.0677047,0.001,409,0.54
4138.5520033836365,1.0960792,0.001,410,0.62
4147.766360998154,1.0153791,0.001,411,0.51
4159.040852308273,1.0434088,0.001,412,0.53
4170.670600652695,1.1774119,0.001,413,0.53
4181.903325080872,1.1084588,0.001,414,0.49
4189.675746202469,1.3851256,0.001,415,0.42
4201.073040723801,1.3103039,0.001,416,0.51
4207.774170160294,1.2424811,0.001,417,0.51
4215.731405258179,1.2061654,0.001,418,0.46
4226.627377748489,1.2025099,0.001,419,0.55
4234.476601362228,1.1209631,0.001,420,0.63
4245.463442325592,0.9155511,0.001,421,0.58
4256.882689476013,0.9226668,0.001,422,0.64
4268.760446071625,0.923034,0.001,423,0.59
4280.417013883591,0.9359089,0.001,424,0.56
4291.000817060471,0.9795686,0.001,425,0.49
4299.969565629959,1.2621193,0.001,426,0.58
4310.816182136536,0.970073,0.001,427,0.59
4321.899434566498,0.9495837,0.001,428,0.62
4332.513115644455,0.88265985,0.001,429,0.62
4343.811764240265,1.0851434,0.001,430,0.49
4351.789174795151,1.1127146,0.001,431,0.57
4362.44602560997,1.2269391,0.001,432,0.58
4373.610018253326,1.0345783,0.001,433,0.61
4385.079606056213,1.0316372,0.001,434,0.48
4396.200701713562,1.0944903,0.001,435,0.53
4406.801012992859,1.0262156,0.001,436,0.52
4415.774708986282,1.115465,0.001,437,0.54
4427.053004980087,0.94690424,0.001,438,0.56
4438.095862150192,0.78438795,0.001,439,0.59
4446.068390846252,0.88397425,0.001,440,0.59
4457.264837026596,0.912109,0.001,441,0.58
4465.1614191532135,0.98648196,0.001,442,0.63
4472.872681379318,1.0120153,0.001,443,0.56
4483.695515155792,1.1375016,0.001,444,0.51
4491.554678916931,1.1297742,0.001,445,0.55
4502.82954788208,1.2294167,0.001,446,0.49
4513.765566110611,1.157898,0.001,447,0.61
4524.248421669006,1.0916871,0.001,448,0.56
4532.408903360367,1.1282616,0.001,449,0.56
4540.574241161346,1.0169561,0.001,450,0.59
4552.422124385834,0.8099339,0.001,451,0.58
4560.86891078949,0.792892,0.001,452,0.55
4571.843059301376,1.0339067,0.001,453,0.6
4583.6690373420715,1.0529935,0.001,454,0.54
4594.441179275513,1.0704249,0.001,455,0.66
4605.242771148682,1.0318496,0.001,456,0.49
4616.14918088913,1.0714883,0.001,457,0.57
4627.595425367355,0.99435943,0.001,458,0.58
4636.192286968231,1.0060822,0.001,459,0.67
4647.08694434166,0.8682238,0.001,460,0.6
4657.442608833313,0.77415204,0.001,461,0.64
4665.590402364731,0.7995965,0.001,462,0.6
4676.59964466095,0.78681433,0.001,463,0.6
4685.223843097687,0.7917723,0.001,464,0.63
4695.93292760849,0.6427303,0.001,465,0.59
4704.834746837616,0.8870185,0.001,466,0.47
4712.579587697983,1.1494535,0.001,467,0.51
4721.401973485947,1.0262065,0.001,468,0.54
4729.306810617447,1.1975085,0.001,469,0.52
4740.839115619659,0.9813277,0.001,470,0.51
4751.570462465286,0.9598188,0.001,471,0.6
4762.398801326752,1.0674716,0.001,472,0.55
4773.510268449783,0.900079,0.001,473,0.69
4784.288740634918,0.8371021,0.001,474,0.54
4795.2186958789825,0.83494455,0.001,475,0.63
4806.110208749771,0.7597018,0.001,476,0.49
4817.368547677994,0.9720914,0.001,477,0.57
4828.024345636368,1.0364512,0.001,478,0.6
4836.11031126976,0.726695,0.001,479,0.61
4846.89816904068,0.8384227,0.001,480,0.62
4855.462647438049,0.84753156,0.001,481,0.62
4866.672773599625,0.81015044,0.001,482,0.55
4874.47052693367,0.8059777,0.001,483,0.59
4885.241060495377,0.7860414,0.001,484,0.58
4896.455144405365,1.0057138,0.001,485,0.59
4906.771771430969,0.9216015,0.001,486,0.59
4917.46830534935,0.8810453,0.001,487,0.56
4928.321776390076,0.9458512,0.001,488,0.6
4938.862639904022,0.8288023,0.001,489,0.59
4946.859272241592,0.7504614,0.001,490,0.62
4958.011697769165,0.8429052,0.001,491,0.53
4969.248106241226,0.85492563,0.001,492,0.67
4980.896080732346,0.84059787,0.001,493,0.59
4991.948583841324,0.6325153,0.001,494,0.64
5002.889183282852,0.7210735,0.001,495,0.54
5013.792870044708,0.6815549,0.001,496,0.66
5022.0678832530975,0.7582655,0.001,497,0.55
5033.066084384918,0.7925539,0.001,498,0.56
5044.277873516083,0.6696376,0.001,499,0.6
5055.027116537094,0.7081938,0.001,500,0.58
5066.4805245399475,0.7337145,0.001,501,0.55
5077.651262283325,0.8884838,0.001,502,0.62
5088.431836605072,0.95123,0.001,503,0.53
5099.58145737648,1.1310453,0.001,504,0.61
5110.229431629181,1.2587495,0.001,505,0.58
5120.831517457962,0.9450875,0.001,506,0.63
5128.910217523575,0.7649906,0.001,507,0.62
5137.221435785294,0.73029876,0.001,508,0.65
5147.995572805405,0.48609954,0.001,509,0.66
5159.114716529846,0.5810965,0.001,510,0.56
5167.936634540558,0.57593274,0.001,511,0.68
5175.476275205612,0.588698,0.001,512,0.62
5186.488098144531,0.42916876,0.001,513,0.69
5197.683937549591,0.7133103,0.001,514,0.55
5208.765027284622,0.880287,0.001,515,0.64
5216.414530754089,0.82320946,0.001,516,0.58
5224.523206233978,0.8907375,0.001,517,0.59
5232.576593875885,0.6451626,0.001,518,0.64
5243.439747810364,0.685892,0.001,519,0.61
5254.72856926918,0.77273524,0.001,520,0.66
5265.894084453583,0.7010277,0.001,521,0.61
5274.0855576992035,0.504103,0.001,522,0.64
5284.776522636414,0.6238236,0.001,523,0.59
5295.47629904747,0.94136447,0.001,524,0.59
5303.89319562912,0.7317082,0.001,525,0.64
5314.485866308212,0.5394764,0.001,526,0.63
5325.256231069565,0.61794525,0.001,527,0.55
5332.930426836014,0.8086848,0.001,528,0.59
5341.072550058365,0.6017789,0.001,529,0.7
5348.92432808876,0.476972,0.001,530,0.64
5360.709343910217,0.43630594,0.001,531,0.72
5372.281293392181,0.41908133,0.001,532,0.58
5383.212894201279,0.46989888,0.001,533,0.64
5394.860272407532,0.53597856,0.001,534,0.63
5405.880888223648,0.79221785,0.001,535,0.6
5417.88803935051,0.6505818,0.001,536,0.55
5428.378736495972,0.7294105,0.001,537,0.56
5435.107793807983,0.9688656,0.001,538,0.53
5443.033156871796,0.8199213,0.001,539,0.52
5454.072434186935,0.79525,0.001,540,0.63
5462.984635353088,0.87224096,0.001,541,0.59
5473.749929428101,0.6730476,0.001,542,0.63
5485.123717069626,0.70882785,0.001,543,0.59
5492.7807376384735,0.8177523,0.001,544,0.66
5503.823241233826,0.67421573,0.001,545,0.64
5514.461697101593,0.63532287,0.001,546,0.65
5525.27614068985,0.6141382,0.001,547,0.68
5533.6128714084625,0.49758387,0.001,548,0.69
5540.902216911316,0.43377122,0.001,549,0.63
5552.457172870636,0.6010302,0.001,550,0.64
5563.224009037018,0.60670024,0.001,551,0.63
5571.367306470871,0.48863477,0.001,552,0.69
5582.5517141819,0.67014706,0.001,553,0.55
5591.492142677307,0.6341513,0.001,554,0.71
5600.01446056366,0.6494385,0.001,555,0.59
5611.124417304993,0.5558084,0.001,556,0.65
5621.88442158699,0.7635307,0.001,557,0.6
5630.172611474991,0.4801815,0.001,558,0.68
5642.622003555298,0.47100002,0.001,559,0.6
5653.48318862915,0.7244196,0.001,560,0.59
5664.294461727142,0.8560043,0.001,561,0.62
5675.324346065521,0.58280027,0.001,562,0.59
5683.387135028839,0.6479226,0.001,563,0.57
5691.641362190247,0.732528,0.001,564,0.58
5700.419981002808,0.76881397,0.001,565,0.67
5711.263576745987,0.65479463,0.001,566,0.58
5719.362916707993,0.6598861,0.001,567,0.64
5728.045212030411,0.5131962,0.001,568,0.61
5738.652229547501,0.58305043,0.001,569,0.62
5747.3543174266815,0.61640567,0.001,570,0.61
5758.383920669556,0.51245964,0.001,571,0.68
5769.276663541794,0.5189659,0.001,572,0.6
5779.997386932373,0.5919138,0.001,573,0.69
5787.33241891861,0.45675236,0.001,574,0.6
5799.514348268509,0.6259282,0.001,575,0.65
5806.482576131821,0.52328175,0.001,576,0.68
5817.449397087097,0.51514447,0.001,577,0.6
5829.0314083099365,0.5445601,0.001,578,0.65
5837.095663309097,0.4625076,0.001,579,0.57
5845.844103813171,0.69451106,0.001,580,0.64
5856.941864728928,0.60688585,0.001,581,0.63
5864.871202468872,0.7908736,0.001,582,0.57
5872.906784057617,1.0203038,0.001,583,0.59
5883.980430603027,0.87012774,0.001,584,0.56
5891.955092906952,0.99378014,0.001,585,0.63
5902.852676868439,0.6734572,0.001,586,0.67
5911.128976345062,0.5589193,0.001,587,0.63
5921.710151433945,0.685034,0.001,588,0.6
5933.90195608139,0.65918684,0.001,589,0.73
5942.850361824036,0.7042401,0.001,590,0.56
5953.89764547348,0.54690564,0.001,591,0.71
5961.933888912201,0.62346727,0.001,592,0.66
5973.34322142601,0.47910234,0.001,593,0.73
5984.534096240997,0.3595025,0.001,594,0.68
5995.361188411713,0.41710278,0.001,595,0.74
6003.340139627457,0.40390846,0.001,596,0.62
6011.294336080551,0.51298875,0.001,597,0.76
6019.839242696762,0.52947587,0.001,598,0.65
6027.471270799637,0.40865365,0.001,599,0.62
6035.762946844101,0.4895323,0.001,600,0.69
6046.829637527466,0.4499141,0.001,601,0.62
6057.904839754105,0.37527025,0.001,602,0.68
6069.069317102432,0.5378607,0.001,603,0.54
6079.544085264206,0.5341368,0.001,604,0.72
6091.02786564827,0.8553397,0.001,605,0.58
6097.802245378494,0.7705553,0.001,606,0.64
6105.20348739624,0.8584057,0.001,607,0.56
6116.001982212067,0.651046,0.001,608,0.69
6127.76304101944,0.49846235,0.001,609,0.66
6138.867522239685,0.42442822,0.001,610,0.68
6149.316203594208,0.4964761,0.001,611,0.63
6160.11638879776,0.43824664,0.001,612,0.63
6170.751766443253,0.48110536,0.001,613,0.59
6178.675045013428,0.65577006,0.001,614,0.58
6189.348321199417,0.5272263,0.001,615,0.61
6200.749712467194,0.5254476,0.001,616,0.66
6211.984108686447,0.3840675,0.001,617,0.6
6220.566578626633,0.47668025,0.001,618,0.69
6231.583396911621,0.4096065,0.001,619,0.62
6242.2622146606445,0.43906787,0.001,620,0.69
6253.324555635452,0.3603427,0.001,621,0.64
6260.89737033844,0.41197956,0.001,622,0.61
6272.796029806137,0.33976194,0.001,623,0.63
6283.710941791534,0.37409955,0.001,624,0.68
6295.266867160797,0.31564638,0.001,625,0.65
6306.315098285675,0.29158625,0.001,626,0.71
6314.407699346542,0.30498272,0.001,627,0.62
6322.590789079666,0.43122,0.001,628,0.58
6333.848162889481,0.5308948,0.001,629,0.63
6344.891060590744,0.5157387,0.001,630,0.57
6356.700925350189,0.5765667,0.001,631,0.55
6367.889284133911,0.787401,0.001,632,0.62
6374.627469778061,0.6161616,0.001,633,0.58
6386.102387905121,0.93805355,0.001,634,0.54
6398.305654525757,0.88972557,0.001,635,0.63
6409.418461084366,0.55896217,0.001,636,0.65
6420.855783462524,0.42043215,0.001,637,0.72
6429.138210773468,0.35874426,0.001,638,0.62
6436.185264825821,0.28449407,0.001,639,0.71
6447.540401935577,0.3069036,0.001,640,0.64
6456.292515039444,0.24419484,0.001,641,0.68
6467.457464694977,0.32710356,0.001,642,0.62
6478.859739303589,0.26055497,0.001,643,0.67
6487.787983894348,0.349284,0.001,644,0.63
6499.709611654282,0.22843808,0.001,645,0.7
6507.591981172562,0.26610744,0.001,646,0.6
6519.468008041382,0.2635119,0.001,647,0.68
6531.787945508957,0.27048883,0.001,648,0.6
6543.09509062767,0.25589117,0.001,649,0.68
6554.321786165237,0.2621206,0.001,650,0.59
6562.195926427841,0.3481005,0.001,651,0.6
6570.693013429642,0.76753634,0.001,652,0.59
6578.587959527969,0.51085234,0.001,653,0.49
6586.346678495407,1.3003172,0.001,654,0.49
6597.407979726791,1.0895993,0.001,655,0.49
6608.791438817978,0.9364434,0.001,656,0.61
6618.049543619156,0.6843957,0.001,657,0.53
6625.7073402404785,0.7296007,0.001,658,0.6
6637.116199016571,0.49768013,0.001,659,0.72
6644.686264753342,0.4243386,0.001,660,0.66
6652.7531843185425,0.3868681,0.001,661,0.71
6660.961337327957,0.3702351,0.001,662,0.69
6672.088604927063,0.24494083,0.001,663,0.67
6680.627201795578,0.24622327,0.001,664,0.7
6689.688563585281,0.24719258,0.001,665,0.65
6701.353799581528,0.1414657,0.001,666,0.69
6709.390461683273,0.20304944,0.001,667,0.66
6718.203741312027,0.28728795,0.001,668,0.66
6725.841839551926,0.2597838,0.001,669,0.68
6736.773200511932,0.39112625,0.001,670,0.69
6747.681485652924,0.21849217,0.001,671,0.65
6755.527631759644,0.26539686,0.001,672,0.71
6763.728427410126,0.10217637,0.001,673,0.68
6774.465694904327,0.18788452,0.001,674,0.67
6786.110377073288,0.17353347,0.001,675,0.7
6796.85461807251,0.15669008,0.001,676,0.59
6804.981099128723,0.18159182,0.001,677,0.74
6817.057183742523,0.24832183,0.001,678,0.56
6828.308337688446,0.18224354,0.001,679,0.71
6840.081080675125,0.62620527,0.001,680,0.56
6851.06214094162,0.6527308,0.001,681,0.65
6862.724010705948,0.5576164,0.001,682,0.61
6871.290629148483,0.6023915,0.001,683,0.64
6879.47074174881,0.9332646,0.001,684,0.59
6890.417465925217,0.5080559,0.001,685,0.59
6901.522859811783,0.48600388,0.001,686,0.6
6912.679951429367,0.49289396,0.001,687,0.69
6924.612504005432,0.1849717,0.001,688,0.7
6936.540885448456,0.16485229,0.001,689,0.69
6947.580952882767,0.1619883,0.001,690,0.71
6956.5582439899445,0.13332014,0.001,691,0.7
6967.743273019791,0.13908878,0.001,692,0.71
6978.447381258011,0.1117902,0.001,693,0.72
6987.101728916168,0.10141171,0.001,694,0.76
6998.483792066574,0.10304572,0.001,695,0.69
7006.801849603653,0.105872266,0.001,696,0.72
7017.61243724823,0.122670546,0.001,697,0.72
7027.52846455574,0.14549045,0.001,698,0.69
7035.4160940647125,0.16758,0.001,699,0.7
7046.252778053284,0.17072171,0.001,700,0.7
7057.6174120903015,0.38193384,0.001,701,0.56
7068.259347915649,0.40597013,0.001,702,0.69
7080.145294189453,0.35446858,0.001,703,0.68
7088.06365776062,0.316329,0.001,704,0.57
7099.016112327576,1.0284625,0.001,705,0.53
7110.430070877075,0.9123358,0.001,706,0.52
7118.946272611618,0.68469375,0.001,707,0.55
7130.139699935913,0.78886276,0.001,708,0.58
7139.084960699081,0.71699053,0.001,709,0.52
7150.201756000519,0.82979125,0.001,710,0.65
7159.402566194534,0.33716306,0.001,711,0.69
7171.321675777435,0.20561303,0.001,712,0.71
7182.471917629242,0.15180701,0.001,713,0.71
7193.949559926987,0.0686186,0.001,714,0.71
7205.21043920517,0.11724664,0.001,715,0.69
7214.214192867279,0.09163701,0.001,716,0.73
7221.962996721268,0.07713449,0.001,717,0.72
7232.464358329773,0.07804267,0.001,718,0.72
7243.410116195679,0.08618926,0.001,719,0.73
7251.8448078632355,0.075911015,0.001,720,0.73
7262.2772743701935,0.10128789,0.001,721,0.7
7270.675557613373,0.034324493,0.001,722,0.72
7281.3523490428925,0.07076034,0.001,723,0.72
7288.943418741226,0.10582984,0.001,724,0.73
7296.96487736702,0.24214143,0.001,725,0.61
7308.077227830887,0.39197272,0.001,726,0.66
7319.489380121231,0.58643603,0.001,727,0.61
7330.5346620082855,0.52188843,0.001,728,0.62
7338.590010643005,0.6495,0.001,729,0.58
7349.779674053192,0.665489,0.001,730,0.69
7358.403286457062,0.3755394,0.001,731,0.62
7369.300494432449,0.2433363,0.001,732,0.7
7377.790398359299,0.2932188,0.001,733,0.65
7386.999493360519,0.15273826,0.001,734,0.72
7397.865832090378,0.14352788,0.001,735,0.7
7406.799646615982,0.2078064,0.001,736,0.72
7416.322428703308,0.08879506,0.001,737,0.73
7427.123199939728,0.0636683,0.001,738,0.71
7438.830035209656,0.028862225,0.001,739,0.72
7449.862726211548,0.06257813,0.001,740,0.75
7457.7884349823,0.045417942,0.001,741,0.7
7465.492835283279,0.040595476,0.001,742,0.76
7476.756322145462,0.032142848,0.001,743,0.72
7484.782933473587,0.038240585,0.001,744,0.73
7495.594470739365,0.07416649,0.001,745,0.7
7507.000465393066,0.17791648,0.001,746,0.63
7517.827262163162,0.25262207,0.001,747,0.63
7528.924728155136,0.57033396,0.001,748,0.56
7539.7743191719055,0.55651015,0.001,749,0.55
7546.588384151459,1.349854,0.001,750,0.59
7557.634037494659,0.67996615,0.001,751,0.63
7568.305401325226,0.29275042,0.001,752,0.64
7579.4863538742065,0.50452256,0.001,753,0.64
7587.765949487686,0.3339152,0.001,754,0.68
7595.995018482208,0.23942195,0.001,755,0.67
7604.201518058777,0.09708108,0.001,756,0.71
7615.12855887413,0.10111174,0.001,757,0.71
7624.107563734055,0.06819449,0.001,758,0.73
7635.907507181168,0.04626513,0.001,759,0.72
7646.8246812820435,0.06646052,0.001,760,0.71
7658.263009786606,0.027364472,0.001,761,0.73
7665.641229152679,0.04268785,0.001,762,0.76
7673.601620435715,0.038879134,0.001,763,0.73
7684.557460069656,0.039837193,0.001,764,0.72
7692.225117921829,0.028440688,0.001,765,0.72
7701.037099123001,0.05756739,0.001,766,0.72
7711.764622926712,0.044138663,0.001,767,0.71
7719.498020172119,0.052230358,0.001,768,0.69
7728.301396846771,0.111828394,0.001,769,0.68
7736.812074184418,0.3614818,0.001,770,0.63
7748.814042568207,0.32459512,0.001,771,0.62
7760.106847286224,0.34223163,0.001,772,0.65
7768.425476074219,1.1392152,0.001,773,0.52
7776.880405187607,0.8148944,0.001,774,0.56
7788.316771507263,0.63582873,0.001,775,0.6
7796.358899354935,0.55144286,0.001,776,0.6
7807.391901254654,0.33409512,0.001,777,0.6
7818.977588176727,0.33713728,0.001,778,0.61
7830.158547878265,0.17169018,0.001,779,0.69
7839.797113656998,0.15941946,0.001,780,0.69
7850.738104343414,0.1080333,0.001,781,0.72
7859.642956733704,0.0544889,0.001,782,0.71
7870.534049510956,0.092754684,0.001,783,0.71
7878.733017683029,0.052991413,0.001,784,0.72
7886.997609615326,0.034944247,0.001,785,0.7
7894.963898181915,0.04733352,0.001,786,0.72
7903.029009342194,0.045262024,0.001,787,0.69
7911.681757926941,0.06553928,0.001,788,0.73
7922.2508893013,0.043475688,0.001,789,0.68
7933.943095445633,0.022559235,0.001,790,0.72
7945.248842954636,0.03448473,0.001,791,0.71
7953.877047538757,0.025809176,0.001,792,0.71
7962.106492757797,0.07688063,0.001,793,0.71
7972.900305271149,0.02618163,0.001,794,0.72
7983.805958747864,0.029429251,0.001,795,0.71
7994.6488308906555,0.032612063,0.001,796,0.71
8005.994203090668,0.042030398,0.001,797,0.7
8016.611203670502,0.060850162,0.001,798,0.72
8024.684908628464,0.055282366,0.001,799,0.71
8032.868223190308,0.046137355,0.001,800,0.63
8043.692839860916,0.20079836,0.001,801,0.63
8051.908264398575,0.72461396,0.001,802,0.57
8063.575098991394,1.117322,0.001,803,0.58
8074.679447650909,0.6968759,0.001,804,0.5
8087.1707882881165,1.2565026,0.001,805,0.46
8097.809282302856,1.1193562,0.001,806,0.55
8108.754138946533,1.254502,0.001,807,0.57
8119.752399682999,0.9280847,0.001,808,0.59
8131.058112382889,0.34863764,0.001,809,0.68
8139.358394861221,0.44716966,0.001,810,0.63
8147.667198896408,0.2737077,0.001,811,0.7
8156.907091140747,0.17454687,0.001,812,0.67
8168.138781547546,0.07078516,0.001,813,0.7
8179.3604209423065,0.028205955,0.001,814,0.7
8187.96396279335,0.04034362,0.001,815,0.7
8199.080582618713,0.041527294,0.001,816,0.72
8210.533897399902,0.049920082,0.001,817,0.71
8218.886266946793,0.039209034,0.001,818,0.72
8230.40303182602,0.038762655,0.001,819,0.71
8241.818521499634,0.036265705,0.001,820,0.71
8249.098979234695,0.036714558,0.001,821,0.71
8259.877925634384,0.015939068,0.001,822,0.73
8270.888043880463,0.040707305,0.001,823,0.72
8282.136873483658,0.01915929,0.001,824,0.71
8290.520540952682,0.017935185,0.001,825,0.7
8301.422333478928,0.02385697,0.001,826,0.7
8309.395715475082,0.018956043,0.001,827,0.7
8317.347457885742,0.009623375,0.001,828,0.71
8328.4439265728,0.020055978,0.001,829,0.72
8336.651609659195,0.010499378,0.001,830,0.68
8348.648992061615,0.046936292,0.001,831,0.71
8359.119074583054,0.37033582,0.001,832,0.65
8369.811608314514,0.35795742,0.001,833,0.6
8377.238448143005,0.57723635,0.001,834,0.59
8385.144517421722,0.8510976,0.001,835,0.52
8394.23719549179,0.5213467,0.001,836,0.64
8404.690798521042,1.0771784,0.001,837,0.57
8412.69259428978,0.6585588,0.001,838,0.6
8423.665986299515,0.54316455,0.001,839,0.65
8434.264260530472,0.35384306,0.001,840,0.68
8442.816617250443,0.20230672,0.001,841,0.65
8454.009475946426,0.14609192,0.001,842,0.67
8464.489492177963,0.025228774,0.001,843,0.7
8475.236654520035,0.043343496,0.001,844,0.7
8485.28153538704,0.02429844,0.001,845,0.71
8496.32441830635,0.009326086,0.001,846,0.74
8503.831858873367,0.010338073,0.001,847,0.72
8511.644749164581,0.016674627,0.001,848,0.72
8520.106283903122,0.021470504,0.001,849,0.71
8529.228595495224,0.022613408,0.001,850,0.71
8540.221666097641,0.016815376,0.001,851,0.7
8552.035298585892,0.0079714935,0.001,852,0.73
8560.252337217331,0.010440693,0.001,853,0.75
8571.465609073639,0.013393062,0.001,854,0.73
8582.812958955765,0.0074297106,0.001,855,0.73
8593.696724414825,0.007974477,0.001,856,0.72
8604.50652885437,0.0063619344,0.001,857,0.72
8615.363531827927,0.009446416,0.001,858,0.74
8627.132358074188,0.004924871,0.001,859,0.71
8638.142801046371,0.0058431085,0.001,860,0.73
8649.131253004074,0.007353194,0.001,861,0.73
8660.732805252075,0.01995132,0.001,862,0.72
8671.699452161789,0.0868683,0.001,863,0.73
8682.781804561615,0.03836746,0.001,864,0.75
8690.49630355835,0.04908249,0.001,865,0.6
8701.321448087692,0.14548099,0.001,866,0.59
8712.123319387436,0.595526,0.001,867,0.56
8722.82956957817,0.70632297,0.001,868,0.48
8733.78874707222,1.3781704,0.001,869,0.46
8745.074238538742,1.6130728,0.001,870,0.42
8752.988576173782,1.7351433,0.001,871,0.51
8763.667388916016,1.3780612,0.001,872,0.59
8775.488274335861,0.8313199,0.001,873,0.61
8786.85620355606,0.5499755,0.001,874,0.7
8795.276106119156,0.15403414,0.001,875,0.71
8803.670306682587,0.11015408,0.001,876,0.71
8815.02213048935,0.085175835,0.001,877,0.74
8826.825619459152,0.07351673,0.001,878,0.73
8834.605696678162,0.043144338,0.001,879,0.71
8845.191260576248,0.039943032,0.001,880,0.73
8856.213983297348,0.050886605,0.001,881,0.74
8864.214530706406,0.05231317,0.001,882,0.74
8874.86391711235,0.042525433,0.001,883,0.72
8882.339314699173,0.027113521,0.001,884,0.72
8893.768272638321,0.040544584,0.001,885,0.72
8904.541726589203,0.027926864,0.001,886,0.69
8912.909081935883,0.035894062,0.001,887,0.74
8920.77963423729,0.014309913,0.001,888,0.72
8932.542763710022,0.020310195,0.001,889,0.73
8940.656825065613,0.055646047,0.001,890,0.72
8951.336214065552,0.035628345,0.001,891,0.73
8962.300482988358,0.029028397,0.001,892,0.72
8973.209289073944,0.038170423,0.001,893,0.69
8983.94808769226,0.016708115,0.001,894,0.68
8994.767046928406,0.012894321,0.001,895,0.76
9003.060991048813,0.08496341,0.001,896,0.62
9013.651923418045,0.16174264,0.001,897,0.71
9021.91727590561,0.38858268,0.001,898,0.57
9032.997565746307,0.33911917,0.001,899,0.64
9044.523092985153,0.5765012,0.001,900,0.5
9055.285231590271,0.89071757,0.001,901,0.53
9067.057450771332,0.6390023,0.001,902,0.64
9075.678312301636,0.41312337,0.001,903,0.7
9086.675078868866,0.14670426,0.001,904,0.66
9097.658076286316,0.09004094,0.001,905,0.69
9108.506613492966,0.16876723,0.001,906,0.65
9119.877376317978,0.062280472,0.001,907,0.71
9130.506699800491,0.026350636,0.001,908,0.68
9142.469305753708,0.022169873,0.001,909,0.72
9154.293929100037,0.043296184,0.001,910,0.71
9165.630387067795,0.02026939,0.001,911,0.7
9176.015143871307,0.018296404,0.001,912,0.69
9188.06908774376,0.05522759,0.001,913,0.71
9199.02325630188,0.021288512,0.001,914,0.72
9210.061198711395,0.027408874,0.001,915,0.71
9216.795935869217,0.015583624,0.001,916,0.72
9227.629564762115,0.008706335,0.001,917,0.71
9234.785961866379,0.012371419,0.001,918,0.72
9246.035912513733,0.037879497,0.001,919,0.73
9254.204086303711,0.08710654,0.001,920,0.65
9265.130861759186,0.09086574,0.001,921,0.65
9275.910505771637,0.37597573,0.001,922,0.62
9286.835304737091,0.68258,0.001,923,0.56
9298.63879609108,0.74202895,0.001,924,0.67
9307.267816066742,0.44298366,0.001,925,0.5
9318.075733184814,0.49884117,0.001,926,0.57
9329.295543909073,0.7460612,0.001,927,0.58
9340.212128400803,0.63074106,0.001,928,0.65
9350.84875369072,0.4644156,0.001,929,0.61
9362.609806060791,0.5702109,0.001,930,0.64
9373.635593175888,0.3355967,0.001,931,0.68
9385.027338027954,0.09839979,0.001,932,0.7
9396.898444652557,0.05339194,0.001,933,0.72
9408.05119562149,0.02482222,0.001,934,0.7
9418.700707674026,0.026495596,0.001,935,0.7
9427.2068400383,0.02585654,0.001,936,0.72
9438.319412231445,0.036217164,0.001,937,0.69
9449.165981769562,0.023085598,0.001,938,0.7
9460.174841880798,0.023847988,0.001,939,0.73
9468.373430728912,0.02453424,0.001,940,0.7
9479.74173784256,0.011317471,0.001,941,0.67
9490.544696569443,0.01732609,0.001,942,0.7
9498.793828964233,0.022766564,0.001,943,0.7
9510.037453889847,0.005576671,0.001,944,0.69
9517.567813873291,0.0025119283,0.001,945,0.69
9528.282569885254,0.012510455,0.001,946,0.71
9539.191985368729,0.0036506616,0.001,947,0.7
9551.313360452652,0.0048900163,0.001,948,0.71
9559.432304859161,0.0036396508,0.001,949,0.71
9570.624891281128,0.0031816144,0.001,950,0.7
9582.114195108414,0.0041312673,0.001,951,0.69
9590.127219200134,0.014405363,0.001,952,0.69
9601.099029779434,0.01833203,0.001,953,0.67
9607.81972193718,0.044623803,0.001,954,0.69
9615.929116725922,0.03308478,0.001,955,0.61
9627.09510064125,0.2656193,0.001,956,0.58
9638.142083644867,0.66358316,0.001,957,0.49
9649.798486948013,1.0175316,0.001,958,0.54
9657.95336651802,1.0918752,0.001,959,0.57
9666.055008649826,1.0474652,0.001,960,0.49
9677.395052909851,1.2493567,0.001,961,0.58
9685.80502462387,0.51533884,0.001,962,0.6
9697.046401023865,0.4256561,0.001,963,0.64
9708.652078390121,0.22428904,0.001,964,0.7
9719.573127269745,0.13562669,0.001,965,0.71
9727.589383840561,0.034116365,0.001,966,0.75
9736.564441919327,0.024554126,0.001,967,0.75
9747.786020755768,0.016892485,0.001,968,0.74
9758.797359466553,0.020933047,0.001,969,0.73
9765.615436553955,0.025187647,0.001,970,0.73
9773.517141819,0.017800307,0.001,971,0.71
9784.8783493042,0.010543691,0.001,972,0.73
9792.647723674774,0.02613646,0.001,973,0.71
9803.174846410751,0.017612882,0.001,974,0.74
9811.545336008072,0.013045192,0.001,975,0.73
9819.487005710602,0.006235819,0.001,976,0.7
9830.23994898796,0.009374533,0.001,977,0.69
9838.636211156845,0.027418502,0.001,978,0.73
9849.899446964264,0.007827407,0.001,979,0.73
9861.02339720726,0.009964585,0.001,980,0.73
9869.450938224792,0.035012655,0.001,981,0.74
9880.324584007263,0.0035842387,0.001,982,0.68
9888.846604824066,0.010899564,0.001,983,0.72
9900.031985759735,0.022816261,0.001,984,0.73
9911.635485649109,0.0052764765,0.001,985,0.66
9923.180832862854,0.004328847,0.001,986,0.69
9934.67182636261,0.0057047373,0.001,987,0.68
9946.458459615707,0.022023005,0.001,988,0.62
9957.508493900299,0.31157398,0.001,989,0.57
9965.407354354858,1.0993822,0.001,990,0.52
9975.676092386246,0.8988328,0.001,991,0.6
9986.962096691132,0.6377239,0.001,992,0.64
9997.785554409027,1.614822,0.001,993,0.35
10009.015649080276,1.4834683,0.001,994,0.48
10020.932496786118,1.2555119,0.001,995,0.57
10031.911870479584,0.8300655,0.001,996,0.61
10042.876088619232,0.2419272,0.001,997,0.66
10053.912416696548,0.1108101,0.001,998,0.68
10061.928803682327,0.07509619,0.001,999,0.7
10072.717660427094,0.081320725,0.001,1000,0.7
10083.72551870346,0.051752698,0.001,1001,0.72
10094.642244815826,0.030584892,0.001,1002,0.71
10105.921648979187,0.023562983,0.001,1003,0.72
10114.03900885582,0.020710472,0.001,1004,0.71
10122.396837711334,0.01892612,0.001,1005,0.7
10133.810926437378,0.018377807,0.001,1006,0.71
10141.68689918518,0.032330275,0.001,1007,0.73
10152.425517082214,0.024810517,0.001,1008,0.71
10160.404627084732,0.010855077,0.001,1009,0.72
10168.71917128563,0.013837201,0.001,1010,0.72
10179.410331726074,0.028163224,0.001,1011,0.72
10186.150374650955,0.024609603,0.001,1012,0.72
10197.111968040466,0.018052546,0.001,1013,0.74
10208.47933125496,0.01423343,0.001,1014,0.74
10218.882844209671,0.025870163,0.001,1015,0.7
10229.612356424332,0.01348596,0.001,1016,0.73
10237.620585680008,0.04318534,0.001,1017,0.71
10248.861981153488,0.024473118,0.001,1018,0.7
10259.22586941719,0.0378754,0.001,1019,0.7
10269.91940689087,0.09759961,0.001,1020,0.64
10280.817169189453,0.30171973,0.001,1021,0.64
10291.402020692825,0.64440435,0.001,1022,0.65
10302.444807767868,0.47210166,0.001,1023,0.7
10311.096364736557,0.34298953,0.001,1024,0.54
10318.960671663284,0.5478612,0.001,1025,0.55
10327.611189603806,0.61067104,0.001,1026,0.63
10338.746136188507,0.5886704,0.001,1027,0.53
10349.716288089752,1.097603,0.001,1028,0.52
10358.289692640305,1.1045523,0.001,1029,0.6
10365.019072532654,0.5021803,0.001,1030,0.67
10372.979176998138,0.19605438,0.001,1031,0.71
10381.37030005455,0.055752102,0.001,1032,0.71
10393.0754134655,0.04052813,0.001,1033,0.71
10401.23004937172,0.02194067,0.001,1034,0.71
10412.09998345375,0.023421327,0.001,1035,0.71
10423.404689073563,0.02173285,0.001,1036,0.71
10435.137738704681,0.016157612,0.001,1037,0.71
10443.58161854744,0.004766449,0.001,1038,0.71
10455.439507484436,0.013413057,0.001,1039,0.7
10463.455565452576,0.009892259,0.001,1040,0.7
10474.762657880783,0.005232577,0.001,1041,0.71
10485.266872882843,0.005451694,0.001,1042,0.71
10497.080769062042,0.013025302,0.001,1043,0.72
10505.075256824493,0.0060870377,0.001,1044,0.7
10515.751112937927,0.004968889,0.001,1045,0.71
10524.541531801224,0.017177537,0.001,1046,0.71
10536.077176094055,0.0072551384,0.001,1047,0.72
10547.093209266663,0.005685335,0.001,1048,0.72
10555.93765926361,0.0060863313,0.001,1049,0.71
10566.916087150574,0.0040201857,0.001,1050,0.74
10577.952192783356,0.011571328,0.001,1051,0.73
10589.181456327438,0.010012762,0.001,1052,0.73
10597.272047042847,0.014052382,0.001,1053,0.71
10605.799992084503,0.005137945,0.001,1054,0.72
10616.959115028381,0.032882772,0.001,1055,0.72
10628.115515232086,0.03083939,0.001,1056,0.65
10639.31991815567,0.05017797,0.001,1057,0.72
10650.035646915436,0.32855207,0.001,1058,0.63
10661.376527786255,0.30049312,0.001,1059,0.52
10672.257508277893,0.48593527,0.001,1060,0.53
10680.33614206314,2.171798,0.001,1061,0.45
10691.236954450607,1.5094475,0.001,1062,0.45
10699.418860435486,1.3875333,0.001,1063,0.63
10710.759577989578,0.43394136,0.001,1064,0.63
10719.15865445137,0.18009585,0.001,1065,0.73
10730.52845954895,0.10530528,0.001,1066,0.72
10743.199019908905,0.06373328,0.001,1067,0.74
10754.189337015152,0.03484557,0.001,1068,0.74
10765.082339286804,0.023249483,0.001,1069,0.75
10773.453010559082,0.012979298,0.001,1070,0.73
10784.95718073845,0.019184282,0.001,1071,0.73
10793.161079645157,0.0112617295,0.001,1072,0.73
10803.907137393951,0.008973867,0.001,1073,0.73
10810.778487205505,0.01495371,0.001,1074,0.73
10821.668862104416,0.02524556,0.001,1075,0.76
10832.674138307571,0.0035773383,0.001,1076,0.74
10844.36996126175,0.019779308,0.001,1077,0.75
10855.265872240067,0.007705362,0.001,1078,0.72
10865.975739002228,0.012457557,0.001,1079,0.74
10873.813575983047,0.006887686,0.001,1080,0.75
10884.793176651001,0.0029438992,0.001,1081,0.75
10894.132467508316,0.009353783,0.001,1082,0.75
10905.346821308136,0.013381905,0.001,1083,0.74
10917.031646251678,0.0103182215,0.001,1084,0.76
10928.100654363632,0.0020013025,0.001,1085,0.76
10939.511425495148,0.008821531,0.001,1086,0.73
10948.563412189484,0.004524788,0.001,1087,0.76
10959.180891752243,0.005009295,0.001,1088,0.75
10967.457344532013,0.0025465218,0.001,1089,0.73
10975.08036327362,0.004485157,0.001,1090,0.74
10986.018718481064,0.016781215,0.001,1091,0.72
10993.949853181839,0.0024360833,0.001,1092,0.73
11005.020095348358,0.023488248,0.001,1093,0.71
11015.635923624039,0.12889463,0.001,1094,0.53
11026.354856967926,0.9036704,0.001,1095,0.43
11036.682728767395,1.9808303,0.001,1096,0.32
11044.608774900436,2.1794446,0.001,1097,0.31
11055.972977638245,2.5212057,0.001,1098,0.47
11066.709434986115,1.622131,0.001,1099,0.58
11077.762333154678,0.8295113,0.001,1100,0.56
11086.156541347504,0.6277572,0.001,1101,0.65
11093.88367486,0.19730927,0.001,1102,0.63
11104.470275640488,0.12005613,0.001,1103,0.69
11115.059809684753,0.054660562,0.001,1104,0.71
11126.04340171814,0.06241036,0.001,1105,0.71
11134.417045354843,0.032521877,0.001,1106,0.73
11145.252838611603,0.016057236,0.001,1107,0.71
11153.86773967743,0.04297925,0.001,1108,0.7
11162.707554340363,0.022483006,0.001,1109,0.72
11173.711759090424,0.009717475,0.001,1110,0.7
11181.275704622269,0.030888468,0.001,1111,0.69
11189.530873060226,0.023966687,0.001,1112,0.69
11200.302887678146,0.011578207,0.001,1113,0.69
11208.499725341797,0.005515395,0.001,1114,0.69
11216.432132482529,0.0045777154,0.001,1115,0.71
11223.891394138336,0.010891677,0.001,1116,0.7
11232.20462346077,0.004297975,0.001,1117,0.72
11240.450556993484,0.004888654,0.001,1118,0.7
11251.616366386414,0.00705116,0.001,1119,0.69
11262.550526380539,0.0046662595,0.001,1120,0.68
11273.80474114418,0.0016528588,0.001,1121,0.7
11284.949882030487,0.010603528,0.001,1122,0.68
11296.273600578308,0.004108105,0.001,1123,0.69
11307.140814065933,0.00266596,0.001,1124,0.7
11318.296928882599,0.004959394,0.001,1125,0.66
11329.476068735123,0.047680452,0.001,1126,0.72
11341.291342258453,0.053834528,0.001,1127,0.68
11350.065829753876,0.01589566,0.001,1128,0.52
11360.972079992294,1.2591172,0.001,1129,0.6
11367.716306686401,1.0984012,0.001,1130,0.47
11378.590914011002,1.8473082,0.001,1131,0.4
11389.807434797287,2.1145828,0.001,1132,0.38
11398.261959552765,1.8896815,0.001,1133,0.51
11409.615782260895,1.3058856,0.001,1134,0.63
11420.936569929123,0.6272383,0.001,1135,0.62
11429.061418533325,0.29964674,0.001,1136,0.7
11439.91053199768,0.23691227,0.001,1137,0.63
11447.694734811783,0.12634236,0.001,1138,0.7
11456.348984003067,0.101979114,0.001,1139,0.68
11467.311682462692,0.07972672,0.001,1140,0.68
11475.216181278229,0.017264241,0.001,1141,0.7
11486.064948797226,0.037549023,0.001,1142,0.69
11494.134732484818,0.014988156,0.001,1143,0.68
11505.169223546982,0.012599739,0.001,1144,0.7
11514.01566028595,0.016258078,0.001,1145,0.69
11524.992982625961,0.013075542,0.001,1146,0.71
11533.671924829483,0.012976079,0.001,1147,0.69
11544.80077958107,0.019570688,0.001,1148,0.7
11553.265263795853,0.05553008,0.001,1149,0.71
11561.038243055344,0.054324035,0.001,1150,0.69
11572.01518201828,0.053215884,0.001,1151,0.71
11579.72050333023,0.026556855,0.001,1152,0.7
11590.686834812164,0.034825668,0.001,1153,0.68
11598.510691642761,0.011107014,0.001,1154,0.71
11609.169400215149,0.048198253,0.001,1155,0.69
11617.6611161232,0.017347198,0.001,1156,0.71
11628.182226896286,0.015211858,0.001,1157,0.72
11638.55833363533,0.009849563,0.001,1158,0.71
11649.10857963562,0.017568363,0.001,1159,0.71
11660.610567569733,0.044852402,0.001,1160,0.7
11671.437737226486,0.026361171,0.001,1161,0.7
11682.643453121185,0.03653182,0.001,1162,0.68
11693.562847614288,0.11338732,0.001,1163,0.6
11701.852371692657,0.44010743,0.001,1164,0.64
11713.114419460297,0.926699,0.001,1165,0.45
11724.050016403198,1.2094696,0.001,1166,0.49
11735.456355571747,1.3450261,0.001,1167,0.46
11746.306770563126,1.3953648,0.001,1168,0.56
11758.206317901611,0.89912134,0.001,1169,0.71
11765.52908372879,0.30770484,0.001,1170,0.6
11777.658516168594,0.27968222,0.001,1171,0.74
11788.4455575943,0.13240558,0.001,1172,0.73
11800.706811189651,0.024769781,0.001,1173,0.71
11811.477807760239,0.04369756,0.001,1174,0.74
11822.685451984406,0.022129396,0.001,1175,0.72
11830.444976568222,0.008112135,0.001,1176,0.74
11841.611828327179,0.011640627,0.001,1177,0.73
11852.562708854675,0.027945854,0.001,1178,0.74
11863.401187896729,0.009210507,0.001,1179,0.74
11872.184164524078,0.0069880243,0.001,1180,0.75
11883.092282772064,0.0025304058,0.001,1181,0.75
11894.205632209778,0.017529696,0.001,1182,0.73
11904.977468252182,0.0060814074,0.001,1183,0.72
11913.498047351837,0.01523668,0.001,1184,0.71
11921.537358522415,0.020820092,0.001,1185,0.73
11931.997902154922,0.0024189472,0.001,1186,0.75
11943.734929800034,0.004649839,0.001,1187,0.73
11952.029387712479,0.009523757,0.001,1188,0.74
11959.965857028961,0.0074165915,0.001,1189,0.71
11971.04516029358,0.0051387744,0.001,1190,0.72
11981.36879992485,0.011313438,0.001,1191,0.73
11992.663482666016,0.024408331,0.001,1192,0.68
12004.084429979324,0.06032451,0.001,1193,0.63
12014.64109659195,0.6529207,0.001,1194,0.56
12025.332324266434,0.79687357,0.001,1195,0.59
12032.063930034637,0.8839576,0.001,1196,0.47
12042.979666948318,0.67773193,0.001,1197,0.66
12055.258314609528,0.5932015,0.001,1198,0.62
12066.568359613419,0.43123385,0.001,1199,0.69
12077.662306547165,0.264681,0.001,1200,0.76
12085.48078918457,0.024937842,0.001,1201,0.72
12096.277828216553,0.01350853,0.001,1202,0.72
12107.465433597565,0.009899496,0.001,1203,0.73
12116.174993038177,0.014781994,0.001,1204,0.72
12126.962605953217,0.011576827,0.001,1205,0.69
12135.951098680496,0.016406512,0.001,1206,0.69
12147.291279792786,0.009608317,0.001,1207,0.69
12158.642013788223,0.0034515106,0.001,1208,0.71
12169.439356803894,0.005599885,0.001,1209,0.71
12178.47387766838,0.011141721,0.001,1210,0.7
12189.20267033577,0.02111835,0.001,1211,0.71
12200.96886563301,0.009127199,0.001,1212,0.73
12212.094673633575,0.0038631142,0.001,1213,0.71
12220.197980642319,0.0041880826,0.001,1214,0.7
12228.724951267242,0.002249564,0.001,1215,0.72
12236.830819129944,0.012900116,0.001,1216,0.7
12245.047859430313,0.027566172,0.001,1217,0.71
12256.251572847366,0.003989626,0.001,1218,0.71
12264.758867502213,0.0062852353,0.001,1219,0.72
12275.356215000153,0.0031183662,0.001,1220,0.71
12282.249238967896,0.0032932824,0.001,1221,0.71
12290.348918914795,0.031571914,0.001,1222,0.72
12301.87139749527,0.0058408314,0.001,1223,0.71
12309.12919974327,0.018727964,0.001,1224,0.73
12320.448829889297,0.06875761,0.001,1225,0.63
12331.050091028214,0.6279161,0.001,1226,0.5
12339.232602357864,1.1077611,0.001,1227,0.5
12350.32116150856,1.0771928,0.001,1228,0.55
12358.216054439545,1.6252542,0.001,1229,0.46
12365.649298667908,1.039761,0.001,1230,0.6
12372.888190507889,0.5657924,0.001,1231,0.67
12379.757662296295,0.22656876,0.001,1232,0.71
12391.083738803864,0.10140509,0.001,1233,0.72
12401.550522089005,0.06580776,0.001,1234,0.73
12412.574536800385,0.046922114,0.001,1235,0.73
12420.981733560562,0.021004478,0.001,1236,0.73
12431.187151193619,0.018167181,0.001,1237,0.73
12441.898375988007,0.010013921,0.001,1238,0.71
12453.188356637955,0.008562876,0.001,1239,0.71
12465.412193775177,0.006617399,0.001,1240,0.72
12473.139141321182,0.0073126564,0.001,1241,0.74
12484.246459245682,0.0055722017,0.001,1242,0.74
12496.063371896744,0.004065249,0.001,1243,0.74
12504.320872545242,0.0046093413,0.001,1244,0.76
12512.171545267105,0.0053273197,0.001,1245,0.74
12523.316902637482,0.0034671503,0.001,1246,0.73
12532.559531450272,0.003592032,0.001,1247,0.75
12543.523350715637,0.0021117975,0.001,1248,0.75
12551.731750488281,0.00208697,0.001,1249,0.73
12563.16545510292,0.005496476,0.001,1250,0.72
12573.613038301468,0.0064522633,0.001,1251,0.74
12581.896786212921,0.0036622565,0.001,1252,0.75
12590.00442123413,0.017090078,0.001,1253,0.74
12600.897582769394,0.05986576,0.001,1254,0.69
12612.087037324905,0.055573586,0.001,1255,0.66
12623.011361122131,0.18642896,0.001,1256,0.58
12630.829113483429,0.7385403,0.001,1257,0.54
12642.480637311935,1.0849652,0.001,1258,0.54
12653.420951604843,0.9700685,0.001,1259,0.45
12664.496323108673,1.0419139,0.001,1260,0.66
12675.515411376953,0.6010608,0.001,1261,0.66
12686.278048753738,0.09114887,0.001,1262,0.69
12694.25184726715,0.07715188,0.001,1263,0.72
12705.458592891693,0.025764609,0.001,1264,0.7
12713.600736141205,0.022173861,0.001,1265,0.74
12724.595613956451,0.012143917,0.001,1266,0.74
12736.132725477219,0.011050518,0.001,1267,0.72
12747.167111873627,0.0061570522,0.001,1268,0.72
12758.512345790863,0.009244891,0.001,1269,0.73
12767.429474830627,0.0040012943,0.001,1270,0.75
12775.428724765778,0.006075328,0.001,1271,0.75
12787.218519449234,0.0088063385,0.001,1272,0.75
12798.941163539886,0.0045802146,0.001,1273,0.74
12806.151175022125,0.004258398,0.001,1274,0.74
12816.678609848022,0.001536323,0.001,1275,0.74
12827.654101371765,0.010416847,0.001,1276,0.75
12838.116690397263,0.0052717663,0.001,1277,0.72
12846.882575035095,0.018734379,0.001,1278,0.76
12858.42546749115,0.011560658,0.001,1279,0.68
12866.585108757019,0.12332187,0.001,1280,0.7
12877.705666542053,0.20927845,0.001,1281,0.62
12885.809473991394,0.5316493,0.001,1282,0.61
12894.591476678848,0.7495036,0.001,1283,0.52
12905.514002799988,0.8761531,0.001,1284,0.64
12913.786448478699,0.9285109,0.001,1285,0.51
12923.820884943008,1.3330021,0.001,1286,0.47
12935.376100063324,1.0349635,0.001,1287,0.58
12943.404863119125,0.47791997,0.001,1288,0.61
12950.746748447418,0.18795514,0.001,1289,0.7
12959.145095825195,0.068955,0.001,1290,0.71
12967.501141786575,0.04184859,0.001,1291,0.71
12978.498311519623,0.0204889,0.001,1292,0.71
12986.877560377121,0.032191414,0.001,1293,0.71
12994.366668224335,0.016237155,0.001,1294,0.73
13004.992528676987,0.010041025,0.001,1295,0.72
13013.001635789871,0.015499168,0.001,1296,0.72
13019.903101205826,0.010947418,0.001,1297,0.72
13027.690908670425,0.0059600663,0.001,1298,0.71
13036.756245613098,0.011606118,0.001,1299,0.71
13047.790094614029,0.0056939055,0.001,1300,0.71
13056.213633775711,0.0035678828,0.001,1301,0.7
13064.377077102661,0.0069415937,0.001,1302,0.7
13075.657444477081,0.0023561323,0.001,1303,0.71
13086.449545383453,0.02266967,0.001,1304,0.7
13094.929255723953,0.0036483398,0.001,1305,0.72
13106.392139911652,0.009695388,0.001,1306,0.72
13117.126719713211,0.0041679293,0.001,1307,0.73
13128.019252300262,0.0054699495,0.001,1308,0.72
13138.578632354736,0.0039208033,0.001,1309,0.72
13149.118905067444,0.0054267813,0.001,1310,0.72
13157.094410181046,0.012174606,0.001,1311,0.72
13167.462389469147,0.0035820145,0.001,1312,0.71
13176.811465740204,0.001939515,0.001,1313,0.69
13187.84604024887,0.015688978,0.001,1314,0.71
13198.312457323074,0.0045814184,0.001,1315,0.7
13206.32424211502,0.0015643478,0.001,1316,0.69
13217.551984071732,0.0015207822,0.001,1317,0.7
13225.258539915085,0.003424762,0.001,1318,0.69
13236.69229054451,0.0026386473,0.001,1319,0.69
13246.89122080803,0.0007440786,0.001,1320,0.69
13257.302448749542,0.002742891,0.001,1321,0.7
13267.873529195786,0.09578626,0.001,1322,0.63
13275.858769416809,0.23095109,0.001,1323,0.6
13286.57403421402,1.0913146,0.001,1324,0.45
13294.83546423912,1.4231846,0.001,1325,0.44
13305.749306201935,1.8075646,0.001,1326,0.41
13316.547079324722,3.1738923,0.001,1327,0.4
13324.768167972565,1.7928644,0.001,1328,0.42
13332.397407770157,1.5422317,0.001,1329,0.66
13342.995385885239,0.6566677,0.001,1330,0.64
13351.15267109871,0.2949738,0.001,1331,0.69
