time,learning_rate,step,loss,accuracy
27.35571026802063,0.001,1,3.6545403,0.07
34.41916012763977,0.001,2,3.3599885,0.08
41.514222383499146,0.001,3,3.2555923,0.08
48.62887644767761,0.001,4,3.1737058,0.08
55.59511661529541,0.001,5,2.9018023,0.07
62.71508431434631,0.001,6,2.8317735,0.08
69.85134601593018,0.001,7,2.7268314,0.1
77.05120706558228,0.001,8,2.656606,0.12
84.20502018928528,0.001,9,2.6425614,0.11
91.35464286804199,0.001,10,2.6127572,0.15
98.49211072921753,0.001,11,2.5830798,0.15
105.67055916786194,0.001,12,2.4535952,0.15
112.83709669113159,0.001,13,2.5098543,0.18
119.97091555595398,0.001,14,2.4318573,0.17
127.05371975898743,0.001,15,2.448704,0.19
134.15197324752808,0.001,16,2.4320114,0.18
141.282940864563,0.001,17,2.4661088,0.17
148.51122546195984,0.001,18,2.4323125,0.19
155.64784860610962,0.001,19,2.4047642,0.19
162.79182720184326,0.001,20,2.3573158,0.18
169.99408435821533,0.001,21,2.3836896,0.16
177.07681560516357,0.001,22,2.3970292,0.16
184.2175633907318,0.001,23,2.3451939,0.14
191.2661097049713,0.001,24,2.3461862,0.15
199.13178253173828,0.001,25,2.3315449,0.15
206.20347380638123,0.001,26,2.3636277,0.16
213.35539317131042,0.001,27,2.3515656,0.17
220.51512503623962,0.001,28,2.3317332,0.17
242.8325231075287,0.001,29,2.3192286,0.15
249.95342659950256,0.001,30,2.3121789,0.15
257.0764636993408,0.001,31,2.3326554,0.15
264.12370562553406,0.001,32,2.3195884,0.18
271.2491662502289,0.001,33,2.3213382,0.18
278.3198096752167,0.001,34,2.2775805,0.15
285.510546207428,0.001,35,2.325917,0.18
292.61806654930115,0.001,36,2.2949982,0.22
299.98472452163696,0.001,37,2.2912543,0.25
307.0333068370819,0.001,38,2.2941618,0.19
314.197425365448,0.001,39,2.309978,0.18
321.2890374660492,0.001,40,2.2993853,0.18
328.4272532463074,0.001,41,2.2648544,0.2
335.5471034049988,0.001,42,2.279573,0.16
342.64972591400146,0.001,43,2.2939088,0.21
349.74929022789,0.001,44,2.254819,0.15
356.7983911037445,0.001,45,2.2714925,0.18
363.79521775245667,0.001,46,2.2664182,0.17
370.8471908569336,0.001,47,2.2530754,0.19
377.98863101005554,0.001,48,2.2695682,0.22
385.221066236496,0.001,49,2.2771823,0.21
392.43411803245544,0.001,50,2.248176,0.18
399.6155915260315,0.001,51,2.2940695,0.23
406.7203063964844,0.001,52,2.2809925,0.28
413.9224669933319,0.001,53,2.274053,0.19
421.0579631328583,0.001,54,2.263853,0.22
428.19565749168396,0.001,55,2.2716475,0.21
435.30483388900757,0.001,56,2.2595265,0.23
462.6241264343262,0.001,57,2.2500775,0.23
469.75660014152527,0.001,58,2.2654061,0.22
476.9477035999298,0.001,59,2.24707,0.22
484.0374131202698,0.001,60,2.2689888,0.18
491.18826031684875,0.001,61,2.2568195,0.17
498.39450335502625,0.001,62,2.2593856,0.17
505.67528223991394,0.001,63,2.2853103,0.21
512.746059179306,0.001,64,2.2964776,0.21
519.920975446701,0.001,65,2.245385,0.16
526.9078829288483,0.001,66,2.2764096,0.2
534.1731836795807,0.001,67,2.3073142,0.1
541.2873592376709,0.001,68,2.273883,0.23
548.3849577903748,0.001,69,2.2371957,0.19
555.5553448200226,0.001,70,2.2835374,0.16
562.6893427371979,0.001,71,2.2943106,0.1
569.7504529953003,0.001,72,2.3189828,0.12
576.8835744857788,0.001,73,2.2618258,0.21
584.2086815834045,0.001,74,2.2276747,0.24
591.2294988632202,0.001,75,2.2340434,0.16
598.3065333366394,0.001,76,2.242911,0.14
605.3337879180908,0.001,77,2.334616,0.07
612.4518873691559,0.001,78,2.312971,0.12
619.6004631519318,0.001,79,2.292371,0.09
626.7318654060364,0.001,80,2.2554698,0.16
633.9429888725281,0.001,81,2.217206,0.11
641.1418087482452,0.001,82,2.2526631,0.1
648.2695922851562,0.001,83,2.3014364,0.08
655.3202583789825,0.001,84,2.3934245,0.09
673.7994613647461,0.001,85,2.3176022,0.2
681.0977036952972,0.001,86,2.269616,0.18
688.1698112487793,0.001,87,2.2358112,0.18
695.302102804184,0.001,88,2.220987,0.16
702.4869265556335,0.001,89,2.294325,0.12
709.6765332221985,0.001,90,2.317192,0.17
716.7921051979065,0.001,91,2.2806742,0.14
723.9827516078949,0.001,92,2.2391841,0.2
731.1095383167267,0.001,93,2.2174473,0.25
738.2776987552643,0.001,94,2.2184074,0.18
745.4533808231354,0.001,95,2.2676175,0.14
752.646256685257,0.001,96,2.6062381,0.16
759.7212665081024,0.001,97,2.2531266,0.14
766.8507297039032,0.001,98,2.235494,0.14
773.9440152645111,0.001,99,2.2075057,0.18
781.4659147262573,0.001,100,2.2658775,0.14
788.6170632839203,0.001,101,2.269509,0.19
795.7890019416809,0.001,102,2.2678697,0.15
802.9072706699371,0.001,103,2.2785223,0.16
810.1143040657043,0.001,104,2.278311,0.23
817.1723532676697,0.001,105,2.2244847,0.17
824.3189945220947,0.001,106,2.426251,0.08
831.468478679657,0.001,107,2.4150918,0.15
838.578314781189,0.001,108,2.2929258,0.19
845.6759979724884,0.001,109,2.2914317,0.2
852.7779326438904,0.001,110,2.2895856,0.13
859.9124853610992,0.001,111,2.2912614,0.11
866.9185466766357,0.001,112,2.297932,0.08
892.287618637085,0.001,113,2.2838602,0.22
899.4356696605682,0.001,114,2.2757916,0.16
906.5737729072571,0.001,115,2.2720835,0.18
913.751405954361,0.001,116,2.22893,0.16
921.268471956253,0.001,117,2.2549582,0.17
928.6028985977173,0.001,118,2.5436182,0.16
935.8711462020874,0.001,119,2.3679001,0.1
942.8575348854065,0.001,120,2.3000164,0.16
949.9228622913361,0.001,121,2.2885616,0.15
957.0602262020111,0.001,122,2.2896292,0.18
964.1988470554352,0.001,123,2.245878,0.24
971.3832604885101,0.001,124,2.221691,0.16
978.4632630348206,0.001,125,2.2347383,0.16
985.7141590118408,0.001,126,2.2608442,0.14
992.9197323322296,0.001,127,2.6669388,0.16
1000.079452753067,0.001,128,2.2636604,0.21
1007.2571909427643,0.001,129,2.220054,0.22
1014.2841956615448,0.001,130,2.2238712,0.21
1021.4413788318634,0.001,131,2.238911,0.15
1028.6607117652893,0.001,132,2.303708,0.19
1035.9029049873352,0.001,133,2.281386,0.12
1043.1051850318909,0.001,134,2.286061,0.09
1050.261379480362,0.001,135,2.3253508,0.14
1057.3233542442322,0.001,136,2.297288,0.16
1064.4143314361572,0.001,137,2.2332687,0.25
1071.505122423172,0.001,138,2.187547,0.2
1078.5401995182037,0.001,139,2.3286045,0.14
1085.6090025901794,0.001,140,2.3284264,0.12
1093.0640637874603,0.001,141,2.2811623,0.12
1100.2268385887146,0.001,142,2.302697,0.09
1107.6023437976837,0.001,143,2.2961497,0.08
1114.6172604560852,0.001,144,2.2732046,0.17
1122.0313394069672,0.001,145,2.229662,0.11
1129.13831615448,0.001,146,2.2887712,0.21
1136.3918597698212,0.001,147,2.2131236,0.18
1143.359399318695,0.001,148,2.2235055,0.09
1150.539788722992,0.001,149,2.5680618,0.13
1157.7744843959808,0.001,150,2.4414604,0.17
1165.0623264312744,0.001,151,2.2860355,0.17
1172.1803398132324,0.001,152,2.2825332,0.21
1179.3678166866302,0.001,153,2.2487323,0.08
1186.5236563682556,0.001,154,2.4086235,0.13
1193.6550741195679,0.001,155,2.2941458,0.21
1200.7978088855743,0.001,156,2.2695749,0.21
1207.9903991222382,0.001,157,2.2490828,0.22
1215.2171621322632,0.001,158,2.1864483,0.16
1222.3233757019043,0.001,159,2.266428,0.24
1229.5157177448273,0.001,160,2.191604,0.17
1236.5805099010468,0.001,161,2.4889164,0.14
1243.6694869995117,0.001,162,2.3823078,0.13
1250.7834815979004,0.001,163,2.2985628,0.12
1257.9805269241333,0.001,164,2.297195,0.09
1265.208791255951,0.001,165,2.2870882,0.13
1272.4335255622864,0.001,166,2.2605772,0.11
1279.6309340000153,0.001,167,2.392078,0.14
1287.2909965515137,0.001,168,2.2962449,0.13
1294.9123899936676,0.001,169,2.273021,0.12
1302.0545070171356,0.001,170,2.2537458,0.2
1317.7043430805206,0.001,171,2.2296371,0.18
1324.7941703796387,0.001,172,2.160342,0.11
1331.9749686717987,0.001,173,2.3837392,0.14
1340.0468549728394,0.001,174,2.7775147,0.22
1347.1970806121826,0.001,175,2.2701735,0.21
1354.4123899936676,0.001,176,2.2158327,0.21
1361.5511631965637,0.001,177,2.1769073,0.22
1368.597716808319,0.001,178,2.127407,0.19
1375.7702639102936,0.001,179,2.153247,0.17
1383.002835035324,0.001,180,2.1464605,0.26
1390.172666311264,0.001,181,2.0511286,0.07
1397.3222031593323,0.001,182,2.2373893,0.21
1404.3100962638855,0.001,183,2.2660365,0.15
1411.4926035404205,0.001,184,2.2463198,0.26
1418.7054705619812,0.001,185,2.1487224,0.24
1425.8243522644043,0.001,186,2.006154,0.2
1432.86679148674,0.001,187,2.1703992,0.15
1439.9301187992096,0.001,188,2.6861923,0.14
1446.9939382076263,0.001,189,2.2935982,0.18
1454.1085431575775,0.001,190,2.2324674,0.19
1461.1840755939484,0.001,191,2.1853764,0.18
1468.3910789489746,0.001,192,2.104611,0.23
1475.5455975532532,0.001,193,2.0947459,0.16
1482.6929976940155,0.001,194,2.2482567,0.14
1489.807814836502,0.001,195,2.567664,0.23
1496.9179651737213,0.001,196,2.1773167,0.19
1504.5069468021393,0.001,197,2.0960476,0.17
1511.6495168209076,0.001,198,2.026182,0.21
1518.775898218155,0.001,199,2.094666,0.16
1525.9441595077515,0.001,200,2.005904,0.22
1533.0742931365967,0.001,201,1.9830447,0.19
1540.222663640976,0.001,202,2.0268495,0.14
1547.2490532398224,0.001,203,2.4126053,0.18
1554.3867855072021,0.001,204,2.1700268,0.21
1561.4318425655365,0.001,205,2.0358286,0.21
1568.530556678772,0.001,206,1.9672809,0.24
1575.5701248645782,0.001,207,1.9881822,0.21
1582.726152896881,0.001,208,1.9654976,0.28
1589.7559008598328,0.001,209,2.027045,0.24
1596.9302978515625,0.001,210,2.010703,0.2
1604.1463196277618,0.001,211,2.0231018,0.21
1611.2823603153229,0.001,212,2.161842,0.17
1618.2687311172485,0.001,213,2.2645864,0.19
1625.425725698471,0.001,214,2.1555676,0.21
1632.4086561203003,0.001,215,2.0343606,0.24
1639.6715304851532,0.001,216,1.9626828,0.26
1646.7958221435547,0.001,217,1.9579631,0.23
1653.9352462291718,0.001,218,1.8419429,0.22
1661.0231935977936,0.001,219,1.9019645,0.22
1668.1298053264618,0.001,220,2.1263013,0.23
1675.3781056404114,0.001,221,2.159537,0.17
1682.5212171077728,0.001,222,2.0223513,0.18
1689.6533527374268,0.001,223,1.8982832,0.24
1696.8725864887238,0.001,224,2.0626237,0.22
1704.4940478801727,0.001,225,1.9825937,0.27
1711.6524457931519,0.001,226,1.8738995,0.19
1722.5948860645294,0.001,227,1.8785847,0.29
1729.7534577846527,0.001,228,2.0511081,0.19
1736.8338301181793,0.001,229,2.0098383,0.16
1743.9549190998077,0.001,230,2.0781405,0.26
1751.1013977527618,0.001,231,1.9796196,0.2
1758.273591041565,0.001,232,1.8662348,0.29
1765.4819333553314,0.001,233,1.8440027,0.23
1772.6716041564941,0.001,234,1.8103598,0.37
1779.8517785072327,0.001,235,1.733789,0.28
1786.992056131363,0.001,236,1.7763356,0.3
1794.0597791671753,0.001,237,1.9571764,0.26
1801.2136161327362,0.001,238,1.8920134,0.24
1808.1603617668152,0.001,239,1.8986965,0.27
1815.364930152893,0.001,240,2.1180663,0.27
1822.4829187393188,0.001,241,1.9939412,0.25
1829.670518398285,0.001,242,1.9586983,0.23
1836.8816587924957,0.001,243,1.8947124,0.38
1844.0670037269592,0.001,244,1.9174119,0.28
1851.1804769039154,0.001,245,1.7682644,0.34
1858.3341052532196,0.001,246,1.7712969,0.31
1865.339587688446,0.001,247,1.8127824,0.33
1872.2473847866058,0.001,248,1.8040779,0.29
1879.4706320762634,0.001,249,1.8091915,0.22
1886.6126780509949,0.001,250,1.9434204,0.21
1893.7929537296295,0.001,251,1.9256275,0.39
1900.8449249267578,0.001,252,1.7473664,0.3
1908.4476110935211,0.001,253,1.7466905,0.33
1915.5080029964447,0.001,254,1.8993226,0.31
1922.6543011665344,0.001,255,1.730345,0.35
1929.8768692016602,0.001,256,1.6129848,0.37
1937.3147294521332,0.001,257,1.5909075,0.32
1944.3667511940002,0.001,258,1.658976,0.35
1951.5327920913696,0.001,259,1.7322336,0.32
1958.681240081787,0.001,260,1.8756908,0.37
1965.8253724575043,0.001,261,1.7929254,0.24
1972.9999611377716,0.001,262,2.0023038,0.27
1980.0467398166656,0.001,263,2.0413625,0.19
1987.006202697754,0.001,264,2.395191,0.3
1994.1358785629272,0.001,265,1.9217186,0.32
2001.3301544189453,0.001,266,1.749084,0.38
2008.3612270355225,0.001,267,1.6268169,0.33
2015.3974709510803,0.001,268,1.6672914,0.42
2022.4062218666077,0.001,269,1.6596484,0.39
2029.4323275089264,0.001,270,1.6570054,0.34
2036.578322172165,0.001,271,1.7251352,0.31
2043.6977684497833,0.001,272,1.8860242,0.28
2050.8855798244476,0.001,273,1.7749774,0.34
2058.180565595627,0.001,274,1.6227275,0.39
2065.299548625946,0.001,275,1.6113077,0.37
2072.3376026153564,0.001,276,1.5896932,0.4
2079.4876787662506,0.001,277,1.6261339,0.35
2086.681715488434,0.001,278,1.5630963,0.4
2093.6609013080597,0.001,279,1.525135,0.36
2100.6685366630554,0.001,280,1.6928753,0.4
2108.328777074814,0.001,281,1.5203983,0.41
2115.554523706436,0.001,282,1.7574431,0.27
2122.7646355628967,0.001,283,1.8391945,0.29
2129.836583137512,0.001,284,1.7879416,0.41
2136.7960493564606,0.001,285,1.664528,0.3
2143.8239889144897,0.001,286,1.774265,0.34
2150.9600756168365,0.001,287,1.8023819,0.37
2158.113405227661,0.001,288,1.7748863,0.4
2165.2269365787506,0.001,289,1.5610245,0.44
2172.366449356079,0.001,290,1.5570108,0.36
2179.693032026291,0.001,291,1.5426799,0.35
2186.9112412929535,0.001,292,1.6121663,0.4
2194.084233045578,0.001,293,1.7612526,0.39
2201.183970451355,0.001,294,1.6991951,0.38
2208.388153553009,0.001,295,1.6150376,0.35
2215.4952445030212,0.001,296,1.533716,0.44
2222.657774925232,0.001,297,1.4449663,0.45
2229.8155856132507,0.001,298,1.5314571,0.42
2237.035684108734,0.001,299,1.4338946,0.44
2244.15628862381,0.001,300,1.5115596,0.36
2251.359548807144,0.001,301,1.4981898,0.4
2258.5284123420715,0.001,302,1.5176822,0.38
2265.682872533798,0.001,303,1.5463274,0.43
2272.8455531597137,0.001,304,1.4636445,0.32
2280.0251321792603,0.001,305,1.90217,0.39
2287.0408551692963,0.001,306,1.7128413,0.31
2294.1380863189697,0.001,307,1.8266046,0.26
2301.3043711185455,0.001,308,2.0065243,0.36
2309.0019478797913,0.001,309,1.671152,0.36
2316.1790482997894,0.001,310,1.6916817,0.34
2323.392064809799,0.001,311,1.5797682,0.4
2330.3973858356476,0.001,312,1.5106874,0.43
2337.4067430496216,0.001,313,1.4200394,0.43
2344.6120624542236,0.001,314,1.2809442,0.48
2351.590192556381,0.001,315,1.4121395,0.44
2358.7825746536255,0.001,316,1.4635537,0.45
2365.8602962493896,0.001,317,1.3781137,0.49
2372.9638619422913,0.001,318,1.3495334,0.49
2380.137255191803,0.001,319,1.3447905,0.55
2387.309226036072,0.001,320,1.4737111,0.36
2394.4052333831787,0.001,321,1.5373112,0.42
2401.48991894722,0.001,322,1.5938721,0.47
2408.620709180832,0.001,323,1.5950572,0.3
2415.8081300258636,0.001,324,1.5974125,0.32
2422.8756721019745,0.001,325,1.673537,0.42
2430.123964548111,0.001,326,1.5224849,0.39
2437.2384152412415,0.001,327,1.6664041,0.41
2444.3877568244934,0.001,328,1.5070066,0.49
2451.4666209220886,0.001,329,1.3829339,0.48
2458.6755108833313,0.001,330,1.3132213,0.5
2465.865565061569,0.001,331,1.3391331,0.39
2473.0380895137787,0.001,332,1.6594266,0.46
2480.108903646469,0.001,333,1.4122304,0.52
2487.250303030014,0.001,334,1.3576607,0.53
2494.4771180152893,0.001,335,1.2133547,0.41
2501.749005317688,0.001,336,1.3645988,0.54
2509.431699991226,0.001,337,1.3769004,0.45
2516.8663108348846,0.001,338,1.3313913,0.52
2523.9575741291046,0.001,339,1.419083,0.4
2531.0976781845093,0.001,340,1.5466254,0.53
2538.1826219558716,0.001,341,1.5691475,0.51
2545.306388616562,0.001,342,1.4344125,0.47
2552.462980031967,0.001,343,1.7200575,0.32
2559.6371505260468,0.001,344,1.6031688,0.47
2566.6221356391907,0.001,345,1.5989083,0.44
2573.7884159088135,0.001,346,1.5974133,0.35
2580.858050584793,0.001,347,1.7031267,0.5
2588.0266451835632,0.001,348,1.3855083,0.46
2595.252687931061,0.001,349,1.4054984,0.52
2602.3621962070465,0.001,350,1.268128,0.44
2609.535269021988,0.001,351,1.2486672,0.51
2616.937445163727,0.001,352,1.2444844,0.45
2624.1533675193787,0.001,353,1.2483776,0.56
2631.262733221054,0.001,354,1.2873336,0.5
2638.399552822113,0.001,355,1.1933271,0.56
2645.5650238990784,0.001,356,1.3238051,0.53
2652.669000148773,0.001,357,1.1880847,0.51
2660.055512189865,0.001,358,1.2114835,0.5
2667.147198677063,0.001,359,1.2893298,0.38
2674.369828224182,0.001,360,1.3791647,0.5
2681.4825847148895,0.001,361,1.4040303,0.43
2688.5131344795227,0.001,362,1.3051351,0.45
2695.5462007522583,0.001,363,1.4321073,0.35
2702.681867837906,0.001,364,1.5834733,0.48
2710.3104362487793,0.001,365,1.4289287,0.49
2717.4401280879974,0.001,366,1.189756,0.59
2724.4817292690277,0.001,367,1.2668304,0.48
2731.533239364624,0.001,368,1.2551848,0.48
2738.583715438843,0.001,369,1.3768977,0.47
2745.8033158779144,0.001,370,1.331424,0.49
2752.9636282920837,0.001,371,1.3689512,0.53
2760.0077979564667,0.001,372,1.1898686,0.55
2767.048339366913,0.001,373,1.2288414,0.53
2774.0814921855927,0.001,374,1.2478294,0.47
2781.267876148224,0.001,375,1.3049973,0.46
2788.443259239197,0.001,376,1.2731545,0.63
2795.5173814296722,0.001,377,1.1538507,0.56
2802.5834600925446,0.001,378,1.0200398,0.6
2809.7047271728516,0.001,379,1.1223435,0.56
2816.7958199977875,0.001,380,1.1864686,0.54
2823.9426534175873,0.001,381,1.1931659,0.54
2831.191311120987,0.001,382,1.2311629,0.49
2838.9576845169067,0.001,383,1.1728517,0.48
2846.0825955867767,0.001,384,1.3902401,0.49
2853.1855976581573,0.001,385,1.5274972,0.45
2860.346198320389,0.001,386,1.3149002,0.5
2867.4914648532867,0.001,387,1.2428536,0.51
2874.5438153743744,0.001,388,1.2225405,0.52
2881.8679704666138,0.001,389,1.2621657,0.6
2889.025355577469,0.001,390,1.071955,0.62
2896.231540441513,0.001,391,1.0543343,0.53
2903.3108627796173,0.001,392,1.0544537,0.54
2910.761732339859,0.001,393,1.2073277,0.51
2917.8107619285583,0.001,394,1.369029,0.57
2924.997946500778,0.001,395,1.1200954,0.58
2932.0447261333466,0.001,396,1.1033146,0.44
2939.128886938095,0.001,397,1.7929418,0.31
2946.3377261161804,0.001,398,1.8167143,0.44
2953.371867418289,0.001,399,1.5136254,0.52
2960.436331987381,0.001,400,1.3428694,0.58
2967.674882411957,0.001,401,1.2022842,0.62
2974.739489555359,0.001,402,0.99892426,0.57
2981.9294488430023,0.001,403,1.0487183,0.6
2989.062023162842,0.001,404,1.0023992,0.61
2996.180862426758,0.001,405,1.1509786,0.61
3003.2706322669983,0.001,406,1.067049,0.46
3010.357983350754,0.001,407,1.1882327,0.53
3017.5757677555084,0.001,408,1.1885346,0.58
3024.686702489853,0.001,409,1.0342151,0.59
3031.6388025283813,0.001,410,1.0879741,0.54
3038.790405035019,0.001,411,1.1066589,0.56
3046.005469560623,0.001,412,1.0615501,0.58
3053.1571362018585,0.001,413,1.076183,0.53
3060.2858939170837,0.001,414,1.215721,0.58
3067.420285463333,0.001,415,1.1631981,0.55
3074.576648712158,0.001,416,1.3088105,0.58
3081.7716839313507,0.001,417,1.3026992,0.53
3088.9677350521088,0.001,418,1.0120714,0.63
3096.196783065796,0.001,419,0.9775606,0.55
3103.360250234604,0.001,420,0.9733049,0.56
3110.967479467392,0.001,421,1.3550355,0.5
3118.0994403362274,0.001,422,1.1114125,0.57
3125.248730659485,0.001,423,1.0361558,0.58
3132.4419479370117,0.001,424,1.0439115,0.56
3139.618597507477,0.001,425,1.2254704,0.54
3146.7860136032104,0.001,426,1.1385554,0.5
3153.9113183021545,0.001,427,1.1584523,0.62
3160.9526031017303,0.001,428,1.0870452,0.61
3167.9146530628204,0.001,429,0.9087407,0.61
3175.03111076355,0.001,430,0.9649058,0.54
3182.16956782341,0.001,431,1.1002927,0.58
3189.291179418564,0.001,432,1.1530769,0.61
3196.531655073166,0.001,433,1.1842964,0.57
3203.665929555893,0.001,434,1.0711066,0.67
3210.775706768036,0.001,435,1.001873,0.65
3217.974141597748,0.001,436,0.95011145,0.69
3225.137036085129,0.001,437,1.0206277,0.66
3232.2445545196533,0.001,438,1.0554723,0.65
3239.4667913913727,0.001,439,1.1200266,0.5
3246.5450069904327,0.001,440,1.2488456,0.61
3253.6426413059235,0.001,441,1.3272587,0.61
3260.6654810905457,0.001,442,1.0072857,0.66
3267.8387298583984,0.001,443,0.9585067,0.67
3274.961083173752,0.001,444,0.9718092,0.65
3282.130372285843,0.001,445,1.0666884,0.63
3289.261828184128,0.001,446,1.1061592,0.56
3296.4082415103912,0.001,447,0.9022492,0.61
3303.466908454895,0.001,448,1.2756743,0.56
3311.0500161647797,0.001,449,0.9901356,0.57
3318.172048330307,0.001,450,1.0173663,0.59
3325.417427301407,0.001,451,0.9542664,0.54
3332.631941795349,0.001,452,1.1492692,0.65
3339.8364474773407,0.001,453,1.0300648,0.62
3346.99968624115,0.001,454,1.0983293,0.64
3354.1326816082,0.001,455,0.98133284,0.62
3361.1719098091125,0.001,456,0.98162395,0.68
3368.244032382965,0.001,457,0.985595,0.49
3375.441285133362,0.001,458,1.2818465,0.54
3382.539213180542,0.001,459,1.230401,0.53
3389.7634031772614,0.001,460,1.1074897,0.6
3396.796374797821,0.001,461,1.0519153,0.58
3403.9628574848175,0.001,462,1.0394292,0.61
3411.083088874817,0.001,463,0.999418,0.64
3418.262934923172,0.001,464,0.8633797,0.62
3425.333104610443,0.001,465,0.8103564,0.53
3432.323614835739,0.001,466,1.2852823,0.52
3439.40997838974,0.001,467,1.1320382,0.6
3446.5401573181152,0.001,468,1.0165652,0.66
3453.64635515213,0.001,469,1.1098161,0.54
3460.661292076111,0.001,470,1.0971731,0.65
3467.89732336998,0.001,471,0.97958535,0.59
3475.0518610477448,0.001,472,1.1407726,0.67
3482.1301715373993,0.001,473,1.0454413,0.6
3489.2729320526123,0.001,474,0.79256815,0.71
3496.4788694381714,0.001,475,0.7788552,0.65
3504.203615665436,0.001,476,0.7081684,0.66
3511.726817846298,0.001,477,0.7885856,0.56
3518.9259593486786,0.001,478,1.0083165,0.6
3526.0001401901245,0.001,479,0.95356554,0.64
3533.085076570511,0.001,480,0.89877087,0.56
3540.174001932144,0.001,481,0.9548147,0.57
3547.3377022743225,0.001,482,1.0365351,0.58
3554.4925389289856,0.001,483,0.82426256,0.63
3561.68199133873,0.001,484,0.8960478,0.56
3568.8401577472687,0.001,485,1.002729,0.58
3575.9903366565704,0.001,486,0.98025316,0.69
3583.157711982727,0.001,487,0.88591975,0.59
3590.3103301525116,0.001,488,0.9867041,0.63
3597.3012833595276,0.001,489,0.7871426,0.63
3604.4988791942596,0.001,490,0.7140198,0.68
3611.603206396103,0.001,491,0.7941967,0.51
3618.6485545635223,0.001,492,1.0607035,0.62
3625.891513109207,0.001,493,1.0614266,0.66
3633.069326400757,0.001,494,0.8868127,0.55
3640.083060979843,0.001,495,0.8357258,0.62
3647.226066350937,0.001,496,0.7766199,0.67
3654.396409034729,0.001,497,0.6314074,0.6
3661.6083784103394,0.001,498,0.8289061,0.66
3668.65496468544,0.001,499,0.8135562,0.6
3675.882745027542,0.001,500,0.8508279,0.55
3682.952441930771,0.001,501,0.87745667,0.62
3690.1373217105865,0.001,502,0.71534646,0.68
3697.23761177063,0.001,503,0.85672265,0.64
3704.401449203491,0.001,504,0.6273447,0.68
3712.083689928055,0.001,505,0.77453846,0.62
3719.1096873283386,0.001,506,0.7819519,0.67
3726.1946687698364,0.001,507,0.7453646,0.6
3733.288290977478,0.001,508,0.80825025,0.65
3740.4202127456665,0.001,509,0.8787388,0.56
3747.575248479843,0.001,510,0.9320945,0.65
3754.5614879131317,0.001,511,1.1757976,0.53
3761.7378618717194,0.001,512,0.96821713,0.62
3768.9161100387573,0.001,513,0.88952106,0.57
3775.979156970978,0.001,514,0.88006043,0.66
3783.128288269043,0.001,515,0.85437816,0.51
3790.35240149498,0.001,516,0.75675124,0.65
3797.5241944789886,0.001,517,0.72293556,0.63
3804.607316970825,0.001,518,0.7152338,0.62
3811.715390443802,0.001,519,0.728312,0.61
3818.8950457572937,0.001,520,0.74336404,0.67
3826.055844068527,0.001,521,0.7610898,0.62
3833.203852415085,0.001,522,0.72003776,0.68
3840.1550199985504,0.001,523,0.5819093,0.64
3847.274852991104,0.001,524,0.6464252,0.61
3854.3765149116516,0.001,525,0.64829314,0.6
3861.402540922165,0.001,526,0.4693809,0.66
3868.4393303394318,0.001,527,0.6641241,0.59
3875.667624950409,0.001,528,0.7589167,0.57
3882.8512921333313,0.001,529,0.9293185,0.57
3889.938967227936,0.001,530,1.1198369,0.52
3897.036754131317,0.001,531,1.1304653,0.63
3904.1705322265625,0.001,532,0.9815171,0.58
3911.831684589386,0.001,533,0.8366454,0.65
3919.4107649326324,0.001,534,0.6854771,0.64
3926.645683526993,0.001,535,0.6745159,0.66
3933.8265063762665,0.001,536,0.51166743,0.65
3940.9471204280853,0.001,537,0.543583,0.63
3948.048465013504,0.001,538,0.6154433,0.7
3955.184607028961,0.001,539,0.6518547,0.67
3962.3229887485504,0.001,540,0.5859779,0.65
3969.504486322403,0.001,541,0.5323923,0.61
3976.7227835655212,0.001,542,0.5730471,0.64
3983.7108495235443,0.001,543,0.7422495,0.58
3990.9207718372345,0.001,544,0.6475001,0.67
3998.004658937454,0.001,545,0.5922182,0.58
4005.061369895935,0.001,546,0.6528284,0.6
4012.0964102745056,0.001,547,0.92780995,0.6
4019.202497243881,0.001,548,0.7237223,0.64
4026.3267669677734,0.001,549,0.7498335,0.64
4033.4506640434265,0.001,550,0.7453106,0.62
4040.5188999176025,0.001,551,0.68481123,0.72
4047.4844722747803,0.001,552,0.70583093,0.59
4054.6079018115997,0.001,553,0.7550594,0.71
4061.8986718654633,0.001,554,0.6084821,0.6
4069.110624551773,0.001,555,0.6659394,0.64
4076.2126562595367,0.001,556,0.5557176,0.66
4083.3285710811615,0.001,557,0.48726574,0.65
4090.296843767166,0.001,558,0.51131564,0.68
4097.958499670029,0.001,559,0.52024055,0.61
4105.094645738602,0.001,560,0.64385986,0.64
4112.674742460251,0.001,561,0.5275716,0.67
4119.8601360321045,0.001,562,0.5978138,0.66
4126.92068529129,0.001,563,0.5120376,0.68
4134.031702280045,0.001,564,0.5844854,0.68
4141.087582349777,0.001,565,0.5782416,0.68
4148.130532741547,0.001,566,0.40343204,0.67
4155.345513343811,0.001,567,0.43658048,0.65
4162.519080400467,0.001,568,0.58358645,0.64
4169.737377405167,0.001,569,0.652946,0.6
4176.848093509674,0.001,570,0.84073836,0.58
4183.768695354462,0.001,571,1.0506891,0.47
4190.887985467911,0.001,572,1.1751453,0.64
4197.991749763489,0.001,573,0.80594414,0.58
4205.007322311401,0.001,574,0.8151351,0.68
4212.037187099457,0.001,575,0.7015198,0.65
4219.194815158844,0.001,576,0.5972769,0.68
4226.291196346283,0.001,577,0.5241387,0.54
4233.440751791,0.001,578,0.57391393,0.68
4240.637780427933,0.001,579,0.6877311,0.64
4247.79779958725,0.001,580,0.55143195,0.73
4254.985097885132,0.001,581,0.55056816,0.55
4262.142080783844,0.001,582,0.6828962,0.65
4269.1534469127655,0.001,583,0.6724027,0.62
4276.283758163452,0.001,584,0.53445417,0.67
4283.460899353027,0.001,585,0.5819723,0.61
4290.67013502121,0.001,586,0.437714,0.63
4297.757572889328,0.001,587,0.52358973,0.61
4304.854012727737,0.001,588,0.5617711,0.67
4312.475827932358,0.001,589,0.560456,0.59
4319.682023763657,0.001,590,0.92903155,0.59
4326.827659130096,0.001,591,0.76573044,0.65
4333.838393449783,0.001,592,0.77797353,0.58
4340.925774097443,0.001,593,0.724429,0.68
4348.096517801285,0.001,594,0.52501565,0.62
4355.252202510834,0.001,595,0.51982695,0.7
4362.433144569397,0.001,596,0.39395115,0.67
4369.574968576431,0.001,597,0.37354943,0.66
4376.661212921143,0.001,598,0.32665324,0.65
4383.72683596611,0.001,599,0.3106389,0.67
4390.747795820236,0.001,600,0.3343189,0.55
4397.869549036026,0.001,601,0.53382164,0.64
4405.042624235153,0.001,602,0.43173343,0.62
4412.109430074692,0.001,603,0.36207303,0.67
4419.31858921051,0.001,604,0.42959124,0.61
4426.457369804382,0.001,605,0.5135817,0.64
4433.433885335922,0.001,606,0.39526662,0.61
4440.488560199738,0.001,607,0.43470576,0.64
4447.5499012470245,0.001,608,0.60614985,0.6
4454.720219612122,0.001,609,0.62246567,0.54
4461.862009525299,0.001,610,0.8244764,0.63
4469.0101680755615,0.001,611,0.63368535,0.6
4476.225911140442,0.001,612,0.5353718,0.66
4483.368106365204,0.001,613,0.5719571,0.58
4490.4950630664825,0.001,614,0.56634736,0.66
4497.5787525177,0.001,615,0.40680578,0.66
4504.678916931152,0.001,616,0.2995698,0.61
4512.211186170578,0.001,617,0.36218435,0.66
4519.933207511902,0.001,618,0.47216862,0.56
4527.036384820938,0.001,619,0.46511775,0.69
4533.999879360199,0.001,620,0.44797856,0.64
4541.076147317886,0.001,621,0.3550833,0.68
4548.223006248474,0.001,622,0.25897273,0.66
4555.417036533356,0.001,623,0.28250626,0.68
4562.55811214447,0.001,624,0.27914235,0.67
4569.62936258316,0.001,625,0.27503178,0.7
4576.860445737839,0.001,626,0.33940458,0.71
4584.061920404434,0.001,627,0.24872275,0.65
4591.233747243881,0.001,628,0.3312775,0.69
4598.380682706833,0.001,629,0.29656422,0.56
4605.529014110565,0.001,630,0.50925475,0.6
4612.6481239795685,0.001,631,0.8689756,0.62
4619.772149562836,0.001,632,0.55098695,0.65
4626.839620113373,0.001,633,0.7162625,0.56
4634.002133846283,0.001,634,0.69461405,0.63
4641.134617805481,0.001,635,0.45826587,0.65
4648.32417678833,0.001,636,0.32257175,0.68
4655.356262922287,0.001,637,0.32653487,0.62
4662.546993970871,0.001,638,0.30632794,0.71
4669.634790182114,0.001,639,0.2753614,0.68
4676.804094314575,0.001,640,0.22628902,0.74
4683.939413309097,0.001,641,0.20670901,0.67
4690.984820604324,0.001,642,0.3253824,0.64
4698.02880692482,0.001,643,0.2864833,0.67
4705.12362742424,0.001,644,0.3386665,0.55
4712.604781389236,0.001,645,0.6905712,0.63
4719.79082775116,0.001,646,0.91015273,0.54
4726.982334136963,0.001,647,0.71145463,0.61
4734.142330646515,0.001,648,0.5284209,0.59
4741.299165248871,0.001,649,0.49497548,0.68
4748.436891555786,0.001,650,0.329903,0.65
4755.756293773651,0.001,651,0.29833087,0.67
4762.855696439743,0.001,652,0.25146282,0.65
4769.95952129364,0.001,653,0.29794186,0.64
4777.054167032242,0.001,654,0.40921617,0.7
4784.256396055222,0.001,655,0.24957421,0.69
4791.266105413437,0.001,656,0.3090099,0.65
4798.318234443665,0.001,657,0.35409847,0.61
4805.471997022629,0.001,658,0.6832229,0.59
4812.562063455582,0.001,659,0.61550987,0.55
4819.6760511398315,0.001,660,0.7835277,0.58
4826.766875267029,0.001,661,0.8150457,0.58
4833.955621480942,0.001,662,1.0549406,0.62
4841.03502368927,0.001,663,0.68452907,0.64
4848.144492149353,0.001,664,0.6424702,0.68
4855.285270690918,0.001,665,0.6465948,0.72
4862.4390189647675,0.001,666,0.2987537,0.7
4869.5506110191345,0.001,667,0.23356837,0.71
4876.746662855148,0.001,668,0.32883975,0.7
4883.751405477524,0.001,669,0.20737056,0.72
4890.723242044449,0.001,670,0.2249518,0.7
4897.875867128372,0.001,671,0.19011077,0.7
4905.043003082275,0.001,672,0.27086484,0.63
4912.663678407669,0.001,673,0.24430418,0.67
4919.785092592239,0.001,674,0.41686818,0.6
4926.950991153717,0.001,675,0.50333214,0.65
4934.126001596451,0.001,676,0.3999585,0.66
4941.270068883896,0.001,677,0.40780887,0.59
4948.424843072891,0.001,678,0.5038566,0.62
4955.507395029068,0.001,679,0.51617897,0.68
4962.592219591141,0.001,680,0.6181287,0.61
4969.618348121643,0.001,681,0.5730676,0.67
4976.726713418961,0.001,682,0.3611869,0.66
4983.816593647003,0.001,683,0.27356982,0.68
4990.911841869354,0.001,684,0.1738028,0.71
4997.972304582596,0.001,685,0.15762381,0.69
5005.11438536644,0.001,686,0.12013984,0.71
5012.247293949127,0.001,687,0.11179565,0.69
5019.364422798157,0.001,688,0.11423709,0.66
5026.530771970749,0.001,689,0.15214103,0.69
5033.579284906387,0.001,690,0.21261416,0.67
5040.740778684616,0.001,691,0.17163183,0.71
5047.881540060043,0.001,692,0.19328752,0.68
5055.031686544418,0.001,693,0.19016798,0.7
5062.212665557861,0.001,694,0.3119353,0.63
5069.419981718063,0.001,695,0.38887858,0.71
5076.615545034409,0.001,696,0.26906213,0.64
5083.799080610275,0.001,697,0.3042503,0.66
5090.8796219825745,0.001,698,0.37050414,0.58
5097.927260398865,0.001,699,0.5984175,0.62
5105.026747226715,0.001,700,0.4730658,0.59
5112.70907497406,0.001,701,0.59442556,0.72
5119.864357471466,0.001,702,0.46263158,0.66
5127.027275085449,0.001,703,0.1976103,0.7
5134.157171964645,0.001,704,0.12934618,0.69
5141.304850578308,0.001,705,0.11195902,0.74
5148.452127456665,0.001,706,0.14797638,0.69
5155.549937963486,0.001,707,0.12470839,0.69
5162.645513534546,0.001,708,0.124873534,0.72
5169.721038579941,0.001,709,0.18706009,0.6
5176.738883495331,0.001,710,0.42310312,0.7
5183.924621343613,0.001,711,0.40750545,0.63
5191.152117490768,0.001,712,0.28832346,0.64
5198.255800962448,0.001,713,0.2275593,0.7
5205.414134502411,0.001,714,0.18619338,0.69
5212.435117721558,0.001,715,0.15535757,0.71
5219.555771112442,0.001,716,0.22916864,0.68
5226.616729736328,0.001,717,0.12927072,0.65
5233.74294757843,0.001,718,0.17900404,0.66
5240.859842538834,0.001,719,0.4862841,0.63
5247.828021526337,0.001,720,0.43914872,0.67
5254.817766427994,0.001,721,0.37291926,0.64
5261.976084470749,0.001,722,0.39467266,0.6
5269.268092393875,0.001,723,0.7131808,0.55
5276.435786008835,0.001,724,0.85623956,0.58
5283.460534095764,0.001,725,0.8451558,0.61
5290.579865932465,0.001,726,0.77828026,0.46
5297.803700685501,0.001,727,1.244507,0.69
5304.955132484436,0.001,728,0.54100764,0.66
5312.641162395477,0.001,729,0.385437,0.76
5319.824558496475,0.001,730,0.12063743,0.75
5326.993064403534,0.001,731,0.09848861,0.75
5334.087210416794,0.001,732,0.08260105,0.74
5341.170745372772,0.001,733,0.06670763,0.74
5348.2546236515045,0.001,734,0.061223984,0.75
5355.521669387817,0.001,735,0.03403523,0.73
5362.675854921341,0.001,736,0.042958893,0.73
5369.825309276581,0.001,737,0.04338777,0.75
5376.797481060028,0.001,738,0.049571034,0.74
5383.928918600082,0.001,739,0.053880915,0.75
5391.391356229782,0.001,740,0.05862586,0.7
5398.448792934418,0.001,741,0.15108538,0.7
5405.629097938538,0.001,742,0.15663275,0.64
5412.732480764389,0.001,743,0.1784395,0.72
5419.9385759830475,0.001,744,0.087038,0.66
5427.120449066162,0.001,745,0.14661722,0.71
5434.199755907059,0.001,746,0.15300415,0.66
5441.155275821686,0.001,747,0.20541002,0.73
5448.27125620842,0.001,748,0.17759486,0.66
5455.4013040065765,0.001,749,0.112911835,0.65
5462.337299346924,0.001,750,0.20010851,0.69
5469.3848485946655,0.001,751,0.11997912,0.62
5476.555279254913,0.001,752,0.20159008,0.7
5483.734238624573,0.001,753,0.21064837,0.57
5490.838417768478,0.001,754,0.38805133,0.66
5497.968731164932,0.001,755,0.40807003,0.6
5505.065849304199,0.001,756,0.48464328,0.7
5512.7108500003815,0.001,757,0.350987,0.6
5519.782457351685,0.001,758,0.330351,0.69
5526.954397439957,0.001,759,0.17404312,0.7
5534.074303627014,0.001,760,0.106524006,0.71
5541.13761138916,0.001,761,0.05676201,0.73
5548.305703401566,0.001,762,0.07508395,0.72
5555.469832420349,0.001,763,0.05864813,0.72
5562.637622356415,0.001,764,0.090189666,0.72
5569.74825668335,0.001,765,0.036968783,0.72
5576.899657964706,0.001,766,0.037693754,0.73
5584.045686006546,0.001,767,0.04756426,0.73
5591.064026594162,0.001,768,0.059519388,0.69
5598.127676725388,0.001,769,0.07060367,0.71
5605.240169763565,0.001,770,0.093520895,0.66
5612.318059921265,0.001,771,0.13455729,0.59
5619.444718360901,0.001,772,0.44476953,0.61
5626.678249359131,0.001,773,0.521007,0.56
5633.719013214111,0.001,774,0.83240604,0.52
5640.87735748291,0.001,775,1.1699517,0.55
5648.001615285873,0.001,776,0.9376764,0.63
5655.127685785294,0.001,777,0.59413916,0.58
5662.200684070587,0.001,778,0.47161242,0.68
5669.244908571243,0.001,779,0.29045972,0.67
5676.291542053223,0.001,780,0.18173654,0.71
5683.446367025375,0.001,781,0.07509858,0.71
5690.6010410785675,0.001,782,0.04129151,0.71
5697.6889770030975,0.001,783,0.052746687,0.71
5704.7374794483185,0.001,784,0.042383075,0.71
5712.386262655258,0.001,785,0.055503897,0.72
5719.537905693054,0.001,786,0.060268283,0.73
5726.664162874222,0.001,787,0.06885458,0.74
5733.750605344772,0.001,788,0.061760258,0.71
5740.885600328445,0.001,789,0.056364045,0.72
5747.985563993454,0.001,790,0.03791833,0.7
5755.130344152451,0.001,791,0.049235214,0.69
5762.314123630524,0.001,792,0.041351486,0.72
5769.45622420311,0.001,793,0.04923416,0.71
5776.519827604294,0.001,794,0.06499567,0.71
5783.576384067535,0.001,795,0.019052856,0.71
5790.778694868088,0.001,796,0.049168725,0.72
5797.998264074326,0.001,797,0.030265572,0.66
5805.020571470261,0.001,798,0.07271604,0.74
5812.122546195984,0.001,799,0.09514445,0.66
5819.184228420258,0.001,800,0.21129379,0.68
5826.31742811203,0.001,801,0.672512,0.48
5833.318327903748,0.001,802,0.8218173,0.57
5840.490719079971,0.001,803,1.0108831,0.43
5847.6966733932495,0.001,804,1.2651502,0.42
5854.782376050949,0.001,805,1.7597077,0.53
5862.064162731171,0.001,806,1.1412272,0.5
5869.056725740433,0.001,807,0.8202062,0.63
5876.1055743694305,0.001,808,0.41346377,0.65
5883.2044632434845,0.001,809,0.12453375,0.69
5890.284389734268,0.001,810,0.077402756,0.69
5897.419767379761,0.001,811,0.0758413,0.7
5904.542886972427,0.001,812,0.083094366,0.71
5912.106568813324,0.001,813,0.04746464,0.71
5919.267196655273,0.001,814,0.06016988,0.69
5926.227933645248,0.001,815,0.041352767,0.72
5933.363837957382,0.001,816,0.06405987,0.7
5940.36535525322,0.001,817,0.05171846,0.7
5947.445470571518,0.001,818,0.043276135,0.7
5954.5774269104,0.001,819,0.031151032,0.7
5961.559325933456,0.001,820,0.047309414,0.7
5968.606343269348,0.001,821,0.030645277,0.67
5975.814795732498,0.001,822,0.055269778,0.7
5982.885061502457,0.001,823,0.032324124,0.62
5989.950385093689,0.001,824,0.11360196,0.62
5997.326625585556,0.001,825,0.18977705,0.69
6004.474855661392,0.001,826,0.13391763,0.71
6011.6280772686005,0.001,827,0.038868967,0.69
6018.815141439438,0.001,828,0.050834898,0.69
6025.978084564209,0.001,829,0.044144664,0.67
6032.994728565216,0.001,830,0.08565061,0.63
6040.197668552399,0.001,831,0.09620364,0.55
6047.324360847473,0.001,832,0.34988734,0.57
6054.286651611328,0.001,833,0.8026899,0.49
6061.380351781845,0.001,834,0.55296004,0.55
6068.4932770729065,0.001,835,1.0164572,0.54
6075.689886569977,0.001,836,0.9464402,0.58
6082.840749740601,0.001,837,0.5283549,0.61
6089.915866136551,0.001,838,0.30033317,0.72
6097.156900405884,0.001,839,0.19759056,0.68
6104.162583589554,0.001,840,0.10613101,0.71
6111.846252202988,0.001,841,0.07213378,0.74
6118.944718122482,0.001,842,0.03302153,0.73
6126.087992429733,0.001,843,0.035063177,0.75
6133.223507404327,0.001,844,0.05415152,0.75
6140.306809663773,0.001,845,0.040765766,0.73
6147.534805297852,0.001,846,0.027236845,0.74
6154.629993438721,0.001,847,0.0233867,0.74
6161.827409744263,0.001,848,0.01814254,0.73
6168.994023799896,0.001,849,0.05175157,0.74
6176.043882846832,0.001,850,0.021761663,0.75
6183.192748785019,0.001,851,0.01909465,0.73
6190.362154006958,0.001,852,0.031096745,0.73
6197.5007083415985,0.001,853,0.020892614,0.7
6204.726521730423,0.001,854,0.02342294,0.72
6211.850421190262,0.001,855,0.03099999,0.69
6219.068243026733,0.001,856,0.021925565,0.72
6226.280737400055,0.001,857,0.029926801,0.68
6233.374529838562,0.001,858,0.022096785,0.7
6240.453235387802,0.001,859,0.09700956,0.62
6247.594080448151,0.001,860,0.3616701,0.57
6254.764424085617,0.001,861,1.1441554,0.48
6261.913162469864,0.001,862,1.4956874,0.55
6269.050394773483,0.001,863,1.9342065,0.47
6276.177354812622,0.001,864,1.2167026,0.63
6283.281054496765,0.001,865,0.5920893,0.66
6290.3941304683685,0.001,866,0.289291,0.63
6297.536459684372,0.001,867,0.18131056,0.68
6304.681014537811,0.001,868,0.11281028,0.72
6312.166020870209,0.001,869,0.066034704,0.71
6319.302143096924,0.001,870,0.10672978,0.77
6326.385985374451,0.001,871,0.06874057,0.7
6333.599773645401,0.001,872,0.06793388,0.72
6340.60594534874,0.001,873,0.03395658,0.7
6347.685175895691,0.001,874,0.02846592,0.7
6354.746335268021,0.001,875,0.02899513,0.71
6361.928221702576,0.001,876,0.021902272,0.7
6369.152287721634,0.001,877,0.019768432,0.71
6376.465015172958,0.001,878,0.029948644,0.71
6383.57710647583,0.001,879,0.03376997,0.7
6390.739792346954,0.001,880,0.0120874485,0.72
6397.86159491539,0.001,881,0.029606707,0.72
6405.052675962448,0.001,882,0.034225143,0.7
6412.176842689514,0.001,883,0.04501987,0.71
6419.338339805603,0.001,884,0.0513691,0.72
6426.289469718933,0.001,885,0.032376762,0.69
6433.319867372513,0.001,886,0.039443064,0.7
6440.493464946747,0.001,887,0.021869438,0.71
6447.583327054977,0.001,888,0.10599523,0.67
6454.782193183899,0.001,889,0.08814225,0.64
6461.983870267868,0.001,890,0.19793673,0.58
6469.023748397827,0.001,891,0.937896,0.58
6476.132358074188,0.001,892,0.7959751,0.57
6483.245293855667,0.001,893,0.41366217,0.59
6490.366255521774,0.001,894,1.2541329,0.5
6497.596438407898,0.001,895,1.0576005,0.62
6504.733709335327,0.001,896,0.6743736,0.6
6512.275937795639,0.001,897,0.43120074,0.64
6519.447765350342,0.001,898,0.46166438,0.68
6526.659026622772,0.001,899,0.22201853,0.69
6533.8419852256775,0.001,900,0.06913265,0.69
6540.955119371414,0.001,901,0.05802562,0.68
6548.040946483612,0.001,902,0.047993332,0.67
6555.2684943675995,0.001,903,0.05890289,0.68
6562.433263540268,0.001,904,0.025451038,0.68
6569.603828907013,0.001,905,0.034497336,0.69
6576.650010108948,0.001,906,0.04375917,0.69
6583.868431329727,0.001,907,0.026463062,0.72
6590.987815380096,0.001,908,0.022412322,0.69
6598.107493162155,0.001,909,0.018008694,0.68
6605.218081235886,0.001,910,0.03214521,0.67
6612.267623901367,0.001,911,0.019294398,0.71
6619.17141866684,0.001,912,0.015095131,0.69
6626.290280342102,0.001,913,0.016630052,0.67
6633.3950345516205,0.001,914,0.028141255,0.69
6640.56235742569,0.001,915,0.012618627,0.69
6647.5973427295685,0.001,916,0.022377716,0.68
6654.604907989502,0.001,917,0.009730547,0.72
6661.702089548111,0.001,918,0.0082475385,0.7
6669.030014514923,0.001,919,0.03244706,0.7
6676.2045114040375,0.001,920,0.018072855,0.69
6683.391282081604,0.001,921,0.009473077,0.66
6690.424645900726,0.001,922,0.025292274,0.66
6697.536895751953,0.001,923,0.028813407,0.62
6704.671451807022,0.001,924,0.1438234,0.58
6712.33971619606,0.001,925,0.5768837,0.46
6719.529529571533,0.001,926,1.5722468,0.45
6726.642141580582,0.001,927,1.1613749,0.53
6733.792597293854,0.001,928,1.5508451,0.43
6740.952587604523,0.001,929,1.7634082,0.58
6748.0307676792145,0.001,930,0.8799833,0.59
6755.225455522537,0.001,931,0.36460468,0.7
6762.432931900024,0.001,932,0.1783304,0.67
6769.580733060837,0.001,933,0.16415785,0.7
6776.7578682899475,0.001,934,0.11444941,0.68
6783.933385372162,0.001,935,0.06281776,0.68
6790.9873514175415,0.001,936,0.053247463,0.69
6798.093223571777,0.001,937,0.04346789,0.72
6805.243586778641,0.001,938,0.04054236,0.65
6812.44432759285,0.001,939,0.053364005,0.7
6819.649276256561,0.001,940,0.022010667,0.68
6826.796793222427,0.001,941,0.01562938,0.69
6833.9521470069885,0.001,942,0.023649618,0.68
6841.0199239254,0.001,943,0.01821519,0.68
6848.1924431324005,0.001,944,0.008713287,0.7
6855.375590801239,0.001,945,0.023818083,0.68
6862.5401430130005,0.001,946,0.011319647,0.68
6869.7414762973785,0.001,947,0.017774267,0.68
6876.757811307907,0.001,948,0.010145252,0.7
6883.941350698471,0.001,949,0.016979448,0.7
6891.057246923447,0.001,950,0.024071315,0.69
6898.230495929718,0.001,951,0.003996932,0.69
6905.298103570938,0.001,952,0.0060656546,0.69
6912.857622861862,0.001,953,0.008077669,0.67
6920.047765254974,0.001,954,0.047873985,0.66
6927.184640884399,0.001,955,0.1151291,0.49
6934.269312620163,0.001,956,1.1075424,0.48
6941.513717889786,0.001,957,1.1813521,0.42
6948.583326339722,0.001,958,1.8239992,0.53
6955.670499563217,0.001,959,0.8367553,0.6
6962.716947317123,0.001,960,1.0041715,0.57
6969.86643910408,0.001,961,0.81034344,0.6
6977.041795015335,0.001,962,0.32341343,0.67
6984.248629331589,0.001,963,0.40748617,0.68
6991.744427919388,0.001,964,0.09124875,0.69
6998.929462194443,0.001,965,0.096488684,0.69
7006.099999427795,0.001,966,0.043884102,0.7
7013.265723228455,0.001,967,0.046409413,0.69
7020.398991823196,0.001,968,0.0315856,0.68
7027.5383105278015,0.001,969,0.032703392,0.67
7034.633739233017,0.001,970,0.02684343,0.68
7041.819432973862,0.001,971,0.019445436,0.67
7049.017571210861,0.001,972,0.01376371,0.68
7056.179513692856,0.001,973,0.018454336,0.69
7063.171217441559,0.001,974,0.02901358,0.7
7070.206319093704,0.001,975,0.031033084,0.7
7077.329118728638,0.001,976,0.019696424,0.7
7084.476350784302,0.001,977,0.017173953,0.72
7091.563724756241,0.001,978,0.010044589,0.7
7098.664958953857,0.001,979,0.0152333,0.71
7105.917785644531,0.001,980,0.008292353,0.73
7113.555914640427,0.001,981,0.011364016,0.71
7120.617419719696,0.001,982,0.026634429,0.7
7127.837439775467,0.001,983,0.010063174,0.68
7135.013853311539,0.001,984,0.011936082,0.7
7142.155934333801,0.001,985,0.0075649493,0.72
7149.1984169483185,0.001,986,0.010156078,0.71
7156.3863260746,0.001,987,0.013471945,0.66
7163.574319601059,0.001,988,0.029240802,0.63
7170.729030847549,0.001,989,0.13225628,0.61
7177.908132791519,0.001,990,0.8365373,0.56
7185.08310508728,0.001,991,0.8167132,0.53
7192.15633559227,0.001,992,0.76388115,0.55
7199.271952390671,0.001,993,0.8544527,0.54
7206.42005443573,0.001,994,1.0791783,0.58
7213.56288766861,0.001,995,0.35605413,0.67
7220.613175153732,0.001,996,0.14206766,0.7
7227.9857795238495,0.001,997,0.06346664,0.72
7235.136120557785,0.001,998,0.047894,0.71
7242.336798191071,0.001,999,0.028856058,0.72
7249.446091890335,0.001,1000,0.028356707,0.7
7256.382781744003,0.001,1001,0.036745593,0.7
7263.428038597107,0.001,1002,0.017285554,0.7
7270.460611343384,0.001,1003,0.010372296,0.71
7277.561954259872,0.001,1004,0.006711984,0.72
7284.640334367752,0.001,1005,0.01761531,0.69
7291.613388299942,0.001,1006,0.006875549,0.71
7298.825392007828,0.001,1007,0.008240239,0.72
7305.997303247452,0.001,1008,0.02102214,0.7
7313.630047559738,0.001,1009,0.012772243,0.73
7320.69712805748,0.001,1010,0.023995297,0.74
7327.788356304169,0.001,1011,0.044965584,0.71
7334.802663326263,0.001,1012,0.030350836,0.68
7341.837287187576,0.001,1013,0.09267539,0.66
7349.093636274338,0.001,1014,0.090560034,0.67
7356.326796531677,0.001,1015,0.115179494,0.62
7363.578843355179,0.001,1016,0.36061138,0.55
7370.778108119965,0.001,1017,0.54592544,0.5
7377.925968408585,0.001,1018,1.311771,0.55
7385.053933620453,0.001,1019,0.9293469,0.57
7392.208621501923,0.001,1020,0.7308636,0.54
7399.457697153091,0.001,1021,0.66655374,0.64
7406.434331178665,0.001,1022,0.29430944,0.66
7413.612081289291,0.001,1023,0.09434577,0.77
7420.716277360916,0.001,1024,0.028540708,0.73
7427.932595491409,0.001,1025,0.034937464,0.74
7435.051555395126,0.001,1026,0.014637382,0.73
7442.1449546813965,0.001,1027,0.016783478,0.73
7449.288517713547,0.001,1028,0.019518679,0.74
7456.544460296631,0.001,1029,0.020351086,0.72
7463.653738498688,0.001,1030,0.008006433,0.73
7470.770580768585,0.001,1031,0.024233494,0.72
7477.907738447189,0.001,1032,0.0128354225,0.73
7485.050829648972,0.001,1033,0.006365336,0.72
7492.202921628952,0.001,1034,0.006878484,0.71
7499.315342903137,0.001,1035,0.0046506207,0.71
7506.476854562759,0.001,1036,0.007063529,0.71
7514.039755105972,0.001,1037,0.03223571,0.73
7521.256465435028,0.001,1038,0.0060218805,0.72
7528.4393520355225,0.001,1039,0.0054418533,0.73
7535.667056798935,0.001,1040,0.004336278,0.73
7542.829158306122,0.001,1041,0.010414813,0.72
7549.995270252228,0.001,1042,0.008083977,0.72
7557.135759592056,0.001,1043,0.0057579833,0.71
7564.281538963318,0.001,1044,0.008711587,0.71
7571.21423125267,0.001,1045,0.0054465896,0.71
7578.29182100296,0.001,1046,0.0029538106,0.74
7585.470687627792,0.001,1047,0.005816539,0.71
7592.746013402939,0.001,1048,0.0053312676,0.71
7600.075184345245,0.001,1049,0.01891963,0.71
7607.288626194,0.001,1050,0.0027603637,0.71
7614.39454460144,0.001,1051,0.05888605,0.66
7621.500494003296,0.001,1052,0.3215231,0.62
7628.690826416016,0.001,1053,1.055178,0.48
7635.847276926041,0.001,1054,1.5653733,0.42
7643.042211532593,0.001,1055,1.8610761,0.46
7650.045790672302,0.001,1056,1.1061146,0.62
7657.186436414719,0.001,1057,0.78691083,0.53
7664.340665817261,0.001,1058,0.6472271,0.6
7671.480271100998,0.001,1059,0.48084483,0.66
7678.627306699753,0.001,1060,0.116606094,0.68
7685.683228492737,0.001,1061,0.0629295,0.72
7692.711809396744,0.001,1062,0.044401985,0.73
7699.836802959442,0.001,1063,0.033441987,0.73
7707.017897844315,0.001,1064,0.032953825,0.73
7714.718636035919,0.001,1065,0.012080551,0.73
7721.91199016571,0.001,1066,0.021634415,0.73
7729.02819108963,0.001,1067,0.01806267,0.72
7736.213026762009,0.001,1068,0.019379046,0.73
7743.39818406105,0.001,1069,0.005109096,0.72
7750.563540220261,0.001,1070,0.012647977,0.73
7757.674899101257,0.001,1071,0.008543361,0.72
7764.86786365509,0.001,1072,0.007112191,0.72
7772.110419511795,0.001,1073,0.021343939,0.73
7779.229557991028,0.001,1074,0.007575494,0.71
7786.392210006714,0.001,1075,0.013663782,0.73
7793.523220777512,0.001,1076,0.021618413,0.72
7800.71551322937,0.001,1077,0.006207127,0.72
7807.835568189621,0.001,1078,0.014108278,0.69
7814.935220241547,0.001,1079,0.011691608,0.73
7822.07846903801,0.001,1080,0.010594887,0.72
7829.265699148178,0.001,1081,0.0044974266,0.72
7836.350922346115,0.001,1082,0.015666654,0.73
7843.337695598602,0.001,1083,0.011060964,0.71
7850.672528743744,0.001,1084,0.014913954,0.71
7857.846103668213,0.001,1085,0.014380657,0.74
7864.899391889572,0.001,1086,0.016488433,0.73
7871.946477651596,0.001,1087,0.008970711,0.71
7879.176728248596,0.001,1088,0.070690125,0.61
7886.414324760437,0.001,1089,0.739588,0.54
7893.650166273117,0.001,1090,1.196842,0.57
7900.692566871643,0.001,1091,0.8540321,0.29
7907.8852660655975,0.001,1092,1.6661345,0.45
7915.4339463710785,0.001,1093,3.8644712,0.35
7922.62163066864,0.001,1094,2.2836342,0.41
7929.7108697891235,0.001,1095,1.9102205,0.43
7936.869006872177,0.001,1096,1.7014812,0.38
7944.03221988678,0.001,1097,1.3420973,0.62
7951.122417449951,0.001,1098,0.6540086,0.67
7958.310236215591,0.001,1099,0.32509738,0.67
7965.350073337555,0.001,1100,0.19925705,0.7
7972.459002733231,0.001,1101,0.1384364,0.7
7979.69717335701,0.001,1102,0.12650897,0.71
7986.904871225357,0.001,1103,0.05789045,0.7
7994.079595327377,0.001,1104,0.0843953,0.7
8001.286590576172,0.001,1105,0.0731634,0.72
8008.4894759655,0.001,1106,0.058898535,0.73
8015.682003974915,0.001,1107,0.027302802,0.72
8022.871169805527,0.001,1108,0.021062588,0.71
8030.035165071487,0.001,1109,0.06100609,0.74
8037.180442094803,0.001,1110,0.018328385,0.73
8044.347360134125,0.001,1111,0.03342894,0.72
8051.447790622711,0.001,1112,0.019437984,0.72
8058.591995477676,0.001,1113,0.016592486,0.72
8065.753054141998,0.001,1114,0.011547138,0.72
8072.740802049637,0.001,1115,0.015486473,0.75
8079.886635541916,0.001,1116,0.00717565,0.71
8087.0181539058685,0.001,1117,0.015813945,0.7
8094.117671251297,0.001,1118,0.015904129,0.69
8101.227225780487,0.001,1119,0.019213513,0.72
8108.390089035034,0.001,1120,0.02342781,0.64
8116.039581298828,0.001,1121,0.20498192,0.71
8123.187963962555,0.001,1122,0.31661022,0.68
8130.230244874954,0.001,1123,0.15145144,0.68
8137.361624717712,0.001,1124,0.13549879,0.68
8144.4212465286255,0.001,1125,0.112387195,0.71
8151.591275930405,0.001,1126,0.08074443,0.7
8158.727051258087,0.001,1127,0.05184153,0.75
8165.834311723709,0.001,1128,0.008333664,0.75
8172.977589845657,0.001,1129,0.009762522,0.75
8180.183604001999,0.001,1130,0.010296608,0.74
8187.210357904434,0.001,1131,0.018301973,0.74
8194.248015403748,0.001,1132,0.01060698,0.73
8201.486823558807,0.001,1133,0.009221684,0.74
8208.67527461052,0.001,1134,0.012342023,0.74
8215.774554252625,0.001,1135,0.0054313904,0.73
8222.824740409851,0.001,1136,0.007205871,0.73
8229.799991846085,0.001,1137,0.0042420486,0.74
8237.288874864578,0.001,1138,0.0066086682,0.74
8244.399667978287,0.001,1139,0.012355275,0.74
8251.492948055267,0.001,1140,0.0199768,0.68
8258.672339439392,0.001,1141,0.31478423,0.61
8265.837917089462,0.001,1142,0.58943,0.57
8272.898523569107,0.001,1143,1.4350734,0.43
8279.98762512207,0.001,1144,1.6593355,0.57
8287.152570724487,0.001,1145,0.99933237,0.62
8294.264255046844,0.001,1146,0.3836442,0.67
8301.605288505554,0.001,1147,0.25833103,0.68
8308.91768503189,0.001,1148,0.12899417,0.7
8316.479819059372,0.001,1149,0.064216055,0.72
8323.52075433731,0.001,1150,0.04039566,0.69
8330.685846090317,0.001,1151,0.029439356,0.75
8337.740874528885,0.001,1152,0.016429996,0.74
8345.0042822361,0.001,1153,0.01142935,0.74
8352.098145723343,0.001,1154,0.0061792214,0.75
8359.18292427063,0.001,1155,0.0111322785,0.73
8366.2313144207,0.001,1156,0.007773022,0.71
8373.470373630524,0.001,1157,0.009381065,0.73
8380.565852165222,0.001,1158,0.0061952276,0.7
8387.714851856232,0.001,1159,0.0070490576,0.72
8394.754853487015,0.001,1160,0.004125004,0.72
8401.869764328003,0.001,1161,0.011586729,0.72
8409.033717870712,0.001,1162,0.003693857,0.72
8416.207372903824,0.001,1163,0.0041584047,0.72
8423.402146577835,0.001,1164,0.009125836,0.72
8430.680931091309,0.001,1165,0.005352687,0.73
8437.854347229004,0.001,1166,0.009146942,0.75
8444.979670286179,0.001,1167,0.0023489664,0.74
8452.059490203857,0.001,1168,0.0075085135,0.73
8459.183654785156,0.001,1169,0.00079865823,0.73
8466.353585243225,0.001,1170,0.010851542,0.75
8473.49645280838,0.001,1171,0.009066359,0.73
8480.669256687164,0.001,1172,0.0020937654,0.73
8487.804797887802,0.001,1173,0.010742358,0.72
8494.937845945358,0.001,1174,0.004642027,0.71
8502.028805494308,0.001,1175,0.026400998,0.73
8509.21091747284,0.001,1176,0.015446167,0.68
8516.79485821724,0.001,1177,0.10556116,0.56
8523.882130861282,0.001,1178,1.1621873,0.5
8531.06913137436,0.001,1179,1.5731947,0.35
8538.575119018555,0.001,1180,2.2816935,0.36
8545.77628993988,0.001,1181,2.211631,0.42
8552.921734333038,0.001,1182,1.8492626,0.38
8560.13775730133,0.001,1183,1.2670244,0.54
8567.24789404869,0.001,1184,0.7827404,0.64
8574.316758871078,0.001,1185,0.42846784,0.68
8581.261950492859,0.001,1186,0.29383776,0.69
8588.326330184937,0.001,1187,0.0911862,0.69
8595.594110250473,0.001,1188,0.058549978,0.69
8602.909910440445,0.001,1189,0.08690112,0.69
8610.071776866913,0.001,1190,0.05641656,0.72
8617.31664800644,0.001,1191,0.04179621,0.69
8624.461466312408,0.001,1192,0.028352173,0.72
8631.527450799942,0.001,1193,0.021382077,0.68
8638.761554479599,0.001,1194,0.03418268,0.71
8645.925184726715,0.001,1195,0.02703891,0.72
8653.053220510483,0.001,1196,0.011529621,0.74
8660.273766994476,0.001,1197,0.023915546,0.71
8667.455259799957,0.001,1198,0.01409634,0.7
8674.67824792862,0.001,1199,0.040438123,0.68
8681.832164287567,0.001,1200,0.031189565,0.68
8688.918186903,0.001,1201,0.011289053,0.69
8696.129971265793,0.001,1202,0.01285359,0.72
8703.272040843964,0.001,1203,0.03415546,0.72
8710.331129312515,0.001,1204,0.018172057,0.71
8717.866974115372,0.001,1205,0.01184702,0.69
8724.94553399086,0.001,1206,0.027051132,0.7
8732.214331150055,0.001,1207,0.040793918,0.71
8739.326873779297,0.001,1208,0.0064502913,0.71
8746.469280719757,0.001,1209,0.0108467685,0.71
8753.616044282913,0.001,1210,0.011344412,0.7
8760.818752527237,0.001,1211,0.013709988,0.72
8767.867416143417,0.001,1212,0.025889188,0.67
8774.96001291275,0.001,1213,0.15746492,0.62
8782.149988889694,0.001,1214,0.6417672,0.47
8789.228865623474,0.001,1215,1.4365312,0.61
8796.43732213974,0.001,1216,0.8820907,0.56
8803.55240368843,0.001,1217,1.0725827,0.63
8810.70622086525,0.001,1218,0.5208915,0.54
8817.901436805725,0.001,1219,0.71672523,0.55
8825.060775518417,0.001,1220,0.47681183,0.56
8832.234410762787,0.001,1221,0.61311835,0.58
8839.435121774673,0.001,1222,0.6066859,0.69
8846.639150381088,0.001,1223,0.14980638,0.71
8853.749396800995,0.001,1224,0.07218573,0.71
8860.777919054031,0.001,1225,0.034515534,0.72
8867.886144638062,0.001,1226,0.027130708,0.72
8874.868126630783,0.001,1227,0.0263948,0.72
8881.984409093857,0.001,1228,0.012002555,0.73
8889.011391878128,0.001,1229,0.013171355,0.74
8896.410592079163,0.001,1230,0.010928914,0.74
8903.460041999817,0.001,1231,0.010957852,0.72
8910.586922645569,0.001,1232,0.008467318,0.73
8918.286819458008,0.001,1233,0.007061929,0.73
8925.463564395905,0.001,1234,0.0055749933,0.73
8932.590606927872,0.001,1235,0.01133007,0.72
8939.535342216492,0.001,1236,0.012177547,0.72
8946.688407421112,0.001,1237,0.0069479104,0.73
8953.810327291489,0.001,1238,0.0070739496,0.71
8961.061521291733,0.001,1239,0.01370118,0.72
8968.199055433273,0.001,1240,0.007029088,0.73
8975.234086990356,0.001,1241,0.0028798145,0.73
8982.338072061539,0.001,1242,0.0053880913,0.72
8989.479373931885,0.001,1243,0.002455748,0.72
8996.690136671066,0.001,1244,0.002250667,0.72
9003.755315542221,0.001,1245,0.0020362646,0.71
9010.92926120758,0.001,1246,0.0031876182,0.71
9018.818145990372,0.001,1247,0.0134297395,0.69
9025.936247348785,0.001,1248,0.0038145247,0.71
9032.949449539185,0.001,1249,0.003946374,0.69
9040.029323101044,0.001,1250,0.0011074612,0.71
9047.192912578583,0.001,1251,0.003166451,0.7
9054.285128593445,0.001,1252,0.0016863223,0.72
9061.32946562767,0.001,1253,0.0067695705,0.72
9068.492106199265,0.001,1254,0.0030196216,0.71
9075.679818868637,0.001,1255,0.0014187257,0.69
9082.829120397568,0.001,1256,0.007938794,0.73
9090.04397559166,0.001,1257,0.01292259,0.71
9097.260830163956,0.001,1258,0.019051503,0.65
9104.399160861969,0.001,1259,0.29153562,0.55
9111.582720279694,0.001,1260,1.7507136,0.38
9119.253208637238,0.001,1261,2.4384494,0.38
9126.290749073029,0.001,1262,2.0901322,0.32
9133.42624950409,0.001,1263,1.6224827,0.53
9140.548231840134,0.001,1264,0.8738487,0.64
9147.72712469101,0.001,1265,0.75286144,0.59
9154.999830007553,0.001,1266,0.6043064,0.68
9162.017917633057,0.001,1267,0.45585203,0.69
9169.216761112213,0.001,1268,0.48564807,0.66
9176.293076515198,0.001,1269,0.27584258,0.68
9183.400352954865,0.001,1270,0.24265544,0.72
9190.361937761307,0.001,1271,0.04259825,0.74
9197.611013412476,0.001,1272,0.028425809,0.75
9204.71631860733,0.001,1273,0.019287532,0.74
9211.80380320549,0.001,1274,0.010505253,0.7
9219.014040470123,0.001,1275,0.018616006,0.73
9226.292041301727,0.001,1276,0.006307097,0.71
9233.420948266983,0.001,1277,0.007437113,0.72
9240.53131389618,0.001,1278,0.008543693,0.73
9247.579020261765,0.001,1279,0.006055289,0.74
9254.746932506561,0.001,1280,0.0071024355,0.74
9261.809493541718,0.001,1281,0.011041362,0.72
9268.805221796036,0.001,1282,0.011474677,0.72
9276.00328040123,0.001,1283,0.0067527187,0.71
9283.13477897644,0.001,1284,0.00407319,0.71
9290.196350812912,0.001,1285,0.0038334115,0.74
9297.291626214981,0.001,1286,0.009301976,0.74
9304.517104625702,0.001,1287,0.0055193,0.74
9311.656309127808,0.001,1288,0.003848558,0.7
9319.809455394745,0.001,1289,0.0021361248,0.72
9326.958486318588,0.001,1290,0.007599686,0.68
9334.091573238373,0.001,1291,0.008841103,0.73
9341.281551361084,0.001,1292,0.019943608,0.7
9348.367871522903,0.001,1293,0.0071229767,0.71
9355.509174346924,0.001,1294,0.0046736156,0.7
9362.650042295456,0.001,1295,0.032059275,0.66
9369.743790388107,0.001,1296,0.19136171,0.64
9376.852612257004,0.001,1297,0.6032376,0.36
9383.883656978607,0.001,1298,1.7595717,0.54
9391.06264257431,0.001,1299,1.329784,0.31
9398.281412601471,0.001,1300,1.7491996,0.48
9405.499424695969,0.001,1301,1.2246059,0.58
9412.67393565178,0.001,1302,0.89017904,0.6
9419.80124092102,0.001,1303,0.81200767,0.61
9426.895846128464,0.001,1304,0.4835296,0.68
9434.104804992676,0.001,1305,0.086182535,0.69
9441.262686729431,0.001,1306,0.08670531,0.69
9448.463253498077,0.001,1307,0.024974767,0.69
9455.628875017166,0.001,1308,0.023279855,0.7
9462.860612630844,0.001,1309,0.023731727,0.68
9470.03729557991,0.001,1310,0.010216697,0.69
9477.211053848267,0.001,1311,0.029430095,0.7
9484.416597604752,0.001,1312,0.013626174,0.71
9491.556876420975,0.001,1313,0.018640421,0.72
9498.76677441597,0.001,1314,0.021622544,0.74
9505.888100385666,0.001,1315,0.009564003,0.72
9513.107163667679,0.001,1316,0.008842077,0.72
9520.83911538124,0.001,1317,0.0067720823,0.72
9528.010642290115,0.001,1318,0.0061683776,0.71
9535.085349082947,0.001,1319,0.0081234705,0.72
9542.142830371857,0.001,1320,0.0046008853,0.72
9549.328438997269,0.001,1321,0.007090119,0.71
9556.469419002533,0.001,1322,0.0056688935,0.75
9563.639635562897,0.001,1323,0.004369541,0.72
9570.832177639008,0.001,1324,0.0044684666,0.72
9578.022956132889,0.001,1325,0.008754914,0.73
9585.225075483322,0.001,1326,0.0056973863,0.71
9592.397330999374,0.001,1327,0.008059177,0.71
9599.52429485321,0.001,1328,0.01149958,0.73
9606.578580617905,0.001,1329,0.0066809696,0.73
9613.672945022583,0.001,1330,0.013030871,0.73
9620.67131447792,0.001,1331,0.03850863,0.65
9627.874636173248,0.001,1332,0.75577056,0.62
9635.049483776093,0.001,1333,0.84152746,0.62
9642.212090730667,0.001,1334,0.7731902,0.54
9649.26854634285,0.001,1335,1.6349342,0.46
9656.479628324509,0.001,1336,1.3789363,0.57
9663.598238945007,0.001,1337,0.81682587,0.58
9670.755281448364,0.001,1338,0.6685584,0.66
9678.040272712708,0.001,1339,0.38034877,0.64
9685.213170051575,0.001,1340,0.3348881,0.69
9692.463324785233,0.001,1341,0.19429207,0.72
9699.512097358704,0.001,1342,0.062001474,0.7
9706.62293791771,0.001,1343,0.038857065,0.72
9713.737037658691,0.001,1344,0.02969833,0.73
9721.170253753662,0.001,1345,0.01552196,0.74
9728.182029008865,0.001,1346,0.012484859,0.72
9735.310162067413,0.001,1347,0.011835963,0.71
9742.501970767975,0.001,1348,0.01759577,0.72
9749.702426433563,0.001,1349,0.021234768,0.73
9756.938195228577,0.001,1350,0.009940194,0.73
9764.00983953476,0.001,1351,0.009679552,0.7
9771.142016887665,0.001,1352,0.012352405,0.72
9778.27013349533,0.001,1353,0.009116924,0.75
9785.391499042511,0.001,1354,0.010868972,0.74
9792.493360996246,0.001,1355,0.0026688916,0.74
9799.62829375267,0.001,1356,0.006561424,0.75
9806.863229036331,0.001,1357,0.0023412362,0.76
9813.8818962574,0.001,1358,0.0068922304,0.74
9821.086561441422,0.001,1359,0.004222899,0.74
9828.276740550995,0.001,1360,0.0042315703,0.73
9835.298682689667,0.001,1361,0.002166703,0.74
9842.338886260986,0.001,1362,0.0031631503,0.71
9849.396055459976,0.001,1363,0.002912662,0.73
9856.702292919159,0.001,1364,0.006790311,0.73
9863.779706001282,0.001,1365,0.0019257121,0.74
9870.98990893364,0.001,1366,0.0014023744,0.7
9878.045077085495,0.001,1367,0.0023165317,0.71
9885.062485218048,0.001,1368,0.014428836,0.74
9892.209705114365,0.001,1369,0.005543879,0.74
9899.383156776428,0.001,1370,0.008172805,0.64
9906.555548906326,0.001,1371,0.03880964,0.69
9913.803299665451,0.001,1372,1.4028859,0.43
9921.727173805237,0.001,1373,1.6709834,0.54
9929.166023015976,0.001,1374,1.7370863,0.51
9936.35832643509,0.001,1375,1.1376625,0.59
9943.53927564621,0.001,1376,0.61468196,0.61
9950.705735206604,0.001,1377,0.40275565,0.65
9957.920442581177,0.001,1378,0.17225778,0.69
9965.17746257782,0.001,1379,0.055436928,0.68
9972.280937194824,0.001,1380,0.072623946,0.71
9979.391529083252,0.001,1381,0.055748023,0.71
9986.605333089828,0.001,1382,0.031946294,0.73
9993.759596824646,0.001,1383,0.011974078,0.73
10000.96758723259,0.001,1384,0.011176142,0.76
10008.074588298798,0.001,1385,0.01092725,0.73
10015.234302282333,0.001,1386,0.012940758,0.73
10022.375660181046,0.001,1387,0.007209422,0.73
10029.550916194916,0.001,1388,0.013017263,0.75
10036.710083723068,0.001,1389,0.014391287,0.73
10043.769659280777,0.001,1390,0.010898604,0.73
10050.896399736404,0.001,1391,0.0073768357,0.74
10058.07729768753,0.001,1392,0.022076543,0.74
10065.2223174572,0.001,1393,0.009138342,0.72
10072.286552667618,0.001,1394,0.015889736,0.71
10079.424758195877,0.001,1395,0.007126081,0.73
10086.552267551422,0.001,1396,0.004654979,0.72
10093.795055866241,0.001,1397,0.011022252,0.71
10100.72779083252,0.001,1398,0.0043544206,0.71
10107.934825181961,0.001,1399,0.020989101,0.73
10115.037590742111,0.001,1400,0.003770755,0.71
10123.206791877747,0.001,1401,0.0077476734,0.72
10130.398316383362,0.001,1402,0.0021771851,0.71
10137.369814395905,0.001,1403,0.005223592,0.69
10144.303282499313,0.001,1404,0.0025600593,0.73
10151.36660861969,0.001,1405,0.017940396,0.73
10158.489542245865,0.001,1406,0.008851987,0.69
10165.54432797432,0.001,1407,0.026530009,0.7
10172.722719192505,0.001,1408,0.24674505,0.53
10179.875125408173,0.001,1409,1.6070149,0.37
10187.04902935028,0.001,1410,1.9532028,0.45
10194.238121032715,0.001,1411,1.7496165,0.5
10201.234743595123,0.001,1412,0.9710801,0.61
10208.31523489952,0.001,1413,0.46460664,0.66
10215.536441326141,0.001,1414,0.28649107,0.57
10222.67128610611,0.001,1415,0.4100591,0.62
10229.780708551407,0.001,1416,0.22821493,0.67
10236.72583770752,0.001,1417,0.104097016,0.69
10243.848393440247,0.001,1418,0.043118175,0.7
10251.012387275696,0.001,1419,0.014116827,0.7
10258.138160705566,0.001,1420,0.014362681,0.7
10265.282221794128,0.001,1421,0.01160061,0.72
10272.430837392807,0.001,1422,0.0031192836,0.73
10279.63590312004,0.001,1423,0.010946178,0.72
10286.854603767395,0.001,1424,0.0134498635,0.75
10294.031295537949,0.001,1425,0.0040131556,0.7
10301.127983808517,0.001,1426,0.007854348,0.72
10308.31376171112,0.001,1427,0.008081244,0.73
10315.280231714249,0.001,1428,0.00970285,0.75
10322.862582921982,0.001,1429,0.0043287985,0.74
10329.973207712173,0.001,1430,0.01952588,0.75
10337.101350069046,0.001,1431,0.01039126,0.75
10344.224630594254,0.001,1432,0.0016871915,0.77
10351.36893749237,0.001,1433,0.0014706429,0.76
10358.577631950378,0.001,1434,0.0031830699,0.76
10365.755918979645,0.001,1435,0.0018726384,0.71
10372.795117378235,0.001,1436,0.002569104,0.76
10379.94364786148,0.001,1437,0.0032498946,0.76
10387.031078338623,0.001,1438,0.05920003,0.68
10394.125183105469,0.001,1439,0.332205,0.64
10401.282378196716,0.001,1440,0.44990504,0.56
10408.402269601822,0.001,1441,0.6489298,0.51
10415.567297697067,0.001,1442,0.94638586,0.47
10422.658792972565,0.001,1443,1.5804499,0.48
10429.781464338303,0.001,1444,1.3832729,0.56
10436.89830493927,0.001,1445,0.706364,0.7
10444.110124826431,0.001,1446,0.19845144,0.67
10451.293900728226,0.001,1447,0.2140166,0.74
10458.815509319305,0.001,1448,0.09676268,0.75
10466.040662288666,0.001,1449,0.026552672,0.76
10473.154247045517,0.001,1450,0.03356804,0.75
10480.353611707687,0.001,1451,0.011011934,0.76
10487.579854488373,0.001,1452,0.007280822,0.76
10494.635925769806,0.001,1453,0.0138358725,0.76
10501.880456209183,0.001,1454,0.0142949475,0.76
10509.053552389145,0.001,1455,0.0073594847,0.74
10516.151201248169,0.001,1456,0.004479744,0.74
10523.756412744522,0.001,1457,0.011577688,0.73
10530.940761327744,0.001,1458,0.007307173,0.74
10538.000822544098,0.001,1459,0.017073967,0.75
10545.217008829117,0.001,1460,0.0035984847,0.72
10552.349315166473,0.001,1461,0.002535229,0.77
10559.578870296478,0.001,1462,0.006786154,0.75
10566.724156856537,0.001,1463,0.0074314354,0.73
10573.918043851852,0.001,1464,0.0067195036,0.75
10581.014375448227,0.001,1465,0.0020332877,0.75
10588.058973550797,0.001,1466,0.004737296,0.73
10595.01127910614,0.001,1467,0.007010208,0.74
10602.038741827011,0.001,1468,0.0025942544,0.74
10609.295568227768,0.001,1469,0.0047462983,0.74
10616.443618059158,0.001,1470,0.004110119,0.73
10623.592245340347,0.001,1471,0.0042615044,0.75
10630.7192196846,0.001,1472,0.002776179,0.72
10638.058529138565,0.001,1473,0.004118109,0.73
10645.21865105629,0.001,1474,0.04040398,0.69
10652.399311542511,0.001,1475,0.04367867,0.6
10659.584674358368,0.001,1476,0.72008234,0.5
10666.703129053116,0.001,1477,1.1982123,0.4
10673.820041656494,0.001,1478,2.0732658,0.41
10680.96615767479,0.001,1479,1.6495259,0.47
10688.092905044556,0.001,1480,1.2231092,0.46
10695.263999462128,0.001,1481,0.95315665,0.6
10702.322283267975,0.001,1482,0.75204766,0.59
10709.459495782852,0.001,1483,0.32461208,0.69
10716.68078327179,0.001,1484,0.07427293,0.68
10724.282576322556,0.001,1485,0.051643845,0.71
10731.394899129868,0.001,1486,0.0469723,0.69
10738.521270990372,0.001,1487,0.024239304,0.7
10745.56786441803,0.001,1488,0.031856716,0.67
10752.681474208832,0.001,1489,0.025046647,0.71
10759.75180721283,0.001,1490,0.011955912,0.7
10766.88904953003,0.001,1491,0.010512295,0.69
10773.97123503685,0.001,1492,0.0069152005,0.7
10781.132672786713,0.001,1493,0.006829144,0.71
10788.314650774002,0.001,1494,0.005446147,0.69
10795.381168603897,0.001,1495,0.004331005,0.68
10802.485990524292,0.001,1496,0.0075926143,0.71
10809.629925489426,0.001,1497,0.007909874,0.72
10816.850960969925,0.001,1498,0.01250168,0.71
10823.99140715599,0.001,1499,0.037796173,0.69
10831.131429195404,0.001,1500,0.008827444,0.71
10838.084370613098,0.001,1501,0.009954237,0.69
10845.264353275299,0.001,1502,0.020710947,0.7
10852.346596002579,0.001,1503,0.10120061,0.69
10859.500688314438,0.001,1504,0.049245164,0.68
10866.590286493301,0.001,1505,0.021517206,0.73
10873.742398023605,0.001,1506,0.0043509575,0.73
10880.868906021118,0.001,1507,0.017445669,0.75
10887.955775022507,0.001,1508,0.0028979152,0.73
10895.13731765747,0.001,1509,0.016457967,0.75
10902.09800362587,0.001,1510,0.0039765807,0.71
10909.317300081253,0.001,1511,0.0046338467,0.73
10916.351263046265,0.001,1512,0.008261987,0.72
10923.99740743637,0.001,1513,0.009399412,0.72
10931.138682603836,0.001,1514,0.00810502,0.72
10938.493693590164,0.001,1515,0.00249938,0.71
10945.733125448227,0.001,1516,0.002665154,0.69
10952.864747524261,0.001,1517,0.012466804,0.72
10960.056366443634,0.001,1518,0.015717525,0.57
10967.11082816124,0.001,1519,0.53252447,0.56
10974.272134780884,0.001,1520,1.0624951,0.57
10981.331245183945,0.001,1521,1.326581,0.52
10988.456076860428,0.001,1522,2.6942108,0.35
10995.682854890823,0.001,1523,1.5874783,0.44
11002.842980146408,0.001,1524,1.1589133,0.49
11010.060485124588,0.001,1525,1.0578632,0.58
11017.301515817642,0.001,1526,0.59961563,0.68
11024.379036664963,0.001,1527,0.30824408,0.71
11031.514292955399,0.001,1528,0.18503179,0.73
11038.63158750534,0.001,1529,0.1537428,0.73
11045.808943033218,0.001,1530,0.067023955,0.73
11052.831795215607,0.001,1531,0.050478067,0.73
11060.026600122452,0.001,1532,0.050602548,0.75
11067.261064529419,0.001,1533,0.0318749,0.78
11074.244007110596,0.001,1534,0.039678607,0.7
11081.305564165115,0.001,1535,0.027671907,0.74
11088.469600915909,0.001,1536,0.010178512,0.73
11095.571492433548,0.001,1537,0.014645105,0.72
11102.753235578537,0.001,1538,0.0075248023,0.72
11109.87028336525,0.001,1539,0.0072084465,0.72
11117.01170182228,0.001,1540,0.012287124,0.71
11124.63333439827,0.001,1541,0.0061866585,0.72
11131.848149776459,0.001,1542,0.0075023766,0.71
11138.915174722672,0.001,1543,0.0028819665,0.72
11145.96718788147,0.001,1544,0.004179866,0.73
11153.083832979202,0.001,1545,0.008050464,0.75
11160.197755336761,0.001,1546,0.004252493,0.73
11167.318567752838,0.001,1547,0.0024392686,0.72
11174.403144836426,0.001,1548,0.009502228,0.72
11181.617414236069,0.001,1549,0.003066575,0.74
11188.540604114532,0.001,1550,0.00302211,0.72
11195.643298625946,0.001,1551,0.0019405591,0.72
11202.659039974213,0.001,1552,0.0027811644,0.75
11209.820246458054,0.001,1553,0.002452206,0.73
11216.978021383286,0.001,1554,0.006806291,0.72
11224.093520879745,0.001,1555,0.009258147,0.7
11231.196799993515,0.001,1556,0.24159701,0.63
11239.408972740173,0.001,1557,0.6691224,0.54
11246.520646572113,0.001,1558,0.5425806,0.6
11253.60542678833,0.001,1559,1.7193623,0.38
11260.719476938248,0.001,1560,1.8511791,0.4
11267.86610531807,0.001,1561,1.2978123,0.52
11275.021098852158,0.001,1562,0.9053474,0.6
11282.129384756088,0.001,1563,0.44414052,0.66
11289.259929656982,0.001,1564,0.14983547,0.69
11296.418307304382,0.001,1565,0.0743989,0.71
11303.56785416603,0.001,1566,0.015749801,0.69
11310.681626081467,0.001,1567,0.018668883,0.69
11317.601701259613,0.001,1568,0.009456251,0.7
11325.221425533295,0.001,1569,0.03368968,0.69
11332.242726802826,0.001,1570,0.01405082,0.69
11339.35840511322,0.001,1571,0.027416468,0.7
11346.427751779556,0.001,1572,0.025839886,0.7
11353.46725845337,0.001,1573,0.007431392,0.71
11360.56364107132,0.001,1574,0.025111992,0.7
11367.755921840668,0.001,1575,0.046240307,0.67
11374.90884423256,0.001,1576,0.008673422,0.72
11382.06172466278,0.001,1577,0.0077511985,0.71
11388.989117383957,0.001,1578,0.012383733,0.72
11396.509345769882,0.001,1579,0.01317086,0.73
11403.586733579636,0.001,1580,0.004079166,0.73
11410.652231693268,0.001,1581,0.026262911,0.72
11417.89295911789,0.001,1582,0.031103306,0.72
11424.983963489532,0.001,1583,0.007349638,0.71
11432.134308815002,0.001,1584,0.0030982678,0.7
11439.162562131882,0.001,1585,0.007432236,0.71
11446.271303415298,0.001,1586,0.005048337,0.74
11453.475336790085,0.001,1587,0.0044110795,0.75
11460.611591815948,0.001,1588,0.0025668654,0.75
11467.70297408104,0.001,1589,0.009556274,0.71
11474.863558530807,0.001,1590,0.140042,0.57
11481.974360466003,0.001,1591,0.6985761,0.49
11489.19413614273,0.001,1592,1.4509145,0.43
11496.464530944824,0.001,1593,1.6982802,0.39
11503.59325003624,0.001,1594,1.7550827,0.34
11510.753515958786,0.001,1595,1.7192762,0.54
11517.927289485931,0.001,1596,1.1703954,0.62
11525.44285106659,0.001,1597,0.5599069,0.67
11532.575862407684,0.001,1598,0.28677264,0.67
11539.840362787247,0.001,1599,0.102937035,0.7
11546.991860866547,0.001,1600,0.03696777,0.69
11554.205996751785,0.001,1601,0.037408255,0.71
11561.429721593857,0.001,1602,0.010718244,0.71
11568.705029249191,0.001,1603,0.028073587,0.7
11575.870785236359,0.001,1604,0.01691767,0.72
11583.112381219864,0.001,1605,0.008843758,0.74
11590.361303329468,0.001,1606,0.007606823,0.73
11598.456956148148,0.001,1607,0.007895602,0.74
11605.50481247902,0.001,1608,0.0092517035,0.72
11612.716073036194,0.001,1609,0.0031304983,0.73
11619.878128290176,0.001,1610,0.009659899,0.74
11627.078374385834,0.001,1611,0.0056701917,0.73
11634.189016342163,0.001,1612,0.026829138,0.75
11641.341635227203,0.001,1613,0.010779299,0.73
11648.404991149902,0.001,1614,0.0062511778,0.75
11655.4985704422,0.001,1615,0.0029232271,0.73
11662.716910600662,0.001,1616,0.006711479,0.73
11669.88537812233,0.001,1617,0.006928953,0.73
11677.16470193863,0.001,1618,0.0047921846,0.74
11684.37055516243,0.001,1619,0.016977627,0.73
11691.500691890717,0.001,1620,0.0033741083,0.74
11698.588582515717,0.001,1621,0.004025915,0.73
11705.64661860466,0.001,1622,0.002145668,0.73
11712.71693444252,0.001,1623,0.0074591655,0.74
11719.73316526413,0.001,1624,0.02332757,0.69
11727.19545507431,0.001,1625,0.048714586,0.65
11734.298578977585,0.001,1626,0.4053465,0.5
11741.50220990181,0.001,1627,1.1355804,0.54
11748.507040977478,0.001,1628,1.8759582,0.47
11755.660586118698,0.001,1629,1.4195616,0.45
11762.807154655457,0.001,1630,1.3138745,0.55
11769.81599187851,0.001,1631,0.8455838,0.64
11776.897248983383,0.001,1632,0.38986218,0.69
11784.072425603867,0.001,1633,0.09440632,0.72
11791.05129981041,0.001,1634,0.053042732,0.74
11798.216868638992,0.001,1635,0.015374425,0.73
11805.359824419022,0.001,1636,0.028917806,0.73
11812.574306488037,0.001,1637,0.016316582,0.72
11819.628134727478,0.001,1638,0.019560501,0.72
11826.7491812706,0.001,1639,0.015057751,0.74
11833.89353466034,0.001,1640,0.0074290126,0.72
11840.963781833649,0.001,1641,0.010862872,0.73
11848.092208623886,0.001,1642,0.004521725,0.75
11855.162610292435,0.001,1643,0.0065238937,0.74
11862.33147072792,0.001,1644,0.0021485332,0.73
11869.401183366776,0.001,1645,0.0033263015,0.75
11876.528261899948,0.001,1646,0.008189968,0.73
11883.604634284973,0.001,1647,0.0010705221,0.74
11890.759475708008,0.001,1648,0.0023512228,0.73
11898.13020324707,0.001,1649,0.0036253652,0.72
11905.264875650406,0.001,1650,0.0013356697,0.77
11912.418755054474,0.001,1651,0.004662841,0.76
11919.561054944992,0.001,1652,0.0009155386,0.75
11927.103976249695,0.001,1653,0.0061609116,0.78
11934.191680669785,0.001,1654,0.002607142,0.79
11941.252802848816,0.001,1655,0.0030054024,0.72
11948.339415311813,0.001,1656,0.0015602566,0.74
11955.48203253746,0.001,1657,0.0015465881,0.72
11962.65923333168,0.001,1658,0.011938554,0.73
11969.83207654953,0.001,1659,0.0038374478,0.74
11976.968420743942,0.001,1660,0.0019986376,0.74
11983.960089445114,0.001,1661,0.00084207533,0.71
11991.079313993454,0.001,1662,0.04665548,0.7
11998.258818626404,0.001,1663,0.027287226,0.7
12005.395004987717,0.001,1664,0.12117283,0.57
12012.53904247284,0.001,1665,1.4764918,0.4
12019.625076532364,0.001,1666,1.8316604,0.48
12026.701829195023,0.001,1667,2.352403,0.51
12033.87603187561,0.001,1668,1.6160834,0.49
12040.984831571579,0.001,1669,1.435092,0.59
12048.210811853409,0.001,1670,0.44336933,0.73
12055.317575216293,0.001,1671,0.34018233,0.69
12062.407752990723,0.001,1672,0.13308609,0.74
12069.535256624222,0.001,1673,0.053841334,0.74
12076.61943244934,0.001,1674,0.032227777,0.73
12083.789862155914,0.001,1675,0.017406438,0.73
12091.017088413239,0.001,1676,0.013285829,0.72
12098.191710948944,0.001,1677,0.024968775,0.74
12105.233604669571,0.001,1678,0.020599635,0.74
12112.401611804962,0.001,1679,0.007025358,0.75
12119.623905658722,0.001,1680,0.009635162,0.74
12127.235452413559,0.001,1681,0.013018028,0.73
12134.373940229416,0.001,1682,0.01089115,0.74
12141.571819067001,0.001,1683,0.003902569,0.75
12148.742815494537,0.001,1684,0.014988835,0.72
12155.899896144867,0.001,1685,0.005646936,0.72
12163.101573467255,0.001,1686,0.026330238,0.72
12170.262918710709,0.001,1687,0.0017157083,0.74
12177.416725635529,0.001,1688,0.006312143,0.76
12184.548095464706,0.001,1689,0.006042366,0.74
12191.713380098343,0.001,1690,0.015360582,0.75
12198.81388759613,0.001,1691,0.005915864,0.74
12206.010663747787,0.001,1692,0.029904183,0.78
12213.218053340912,0.001,1693,0.013439931,0.76
12220.426815271378,0.001,1694,0.012697413,0.76
12227.359970331192,0.001,1695,0.013267526,0.76
12234.52013039589,0.001,1696,0.009066902,0.74
12241.678192138672,0.001,1697,0.0053749923,0.75
12248.819278717041,0.001,1698,0.007938306,0.73
12256.011127710342,0.001,1699,0.007501213,0.72
12263.226445913315,0.001,1700,0.0027689473,0.75
12270.309814929962,0.001,1701,0.0025831845,0.73
12277.36231803894,0.001,1702,0.0023733478,0.74
12284.513908624649,0.001,1703,0.015096323,0.72
12291.606558561325,0.001,1704,0.011098929,0.78
12298.724536657333,0.001,1705,0.011705069,0.73
12305.92985868454,0.001,1706,0.07826037,0.5
12313.02498960495,0.001,1707,1.0704256,0.52
12320.119088888168,0.001,1708,1.370292,0.37
12327.818438768387,0.001,1709,1.8084655,0.31
12335.023902654648,0.001,1710,2.4688299,0.39
12342.157027959824,0.001,1711,1.550999,0.47
12349.326965093613,0.001,1712,1.1488591,0.55
12356.415156841278,0.001,1713,0.57299006,0.62
12363.491888046265,0.001,1714,0.2958496,0.67
12370.618317127228,0.001,1715,0.39567652,0.68
12378.991547107697,0.001,1716,0.1427797,0.69
12386.022923231125,0.001,1717,0.14105986,0.72
12393.190300941467,0.001,1718,0.041187815,0.73
12400.325758457184,0.001,1719,0.033905752,0.74
12407.298083305359,0.001,1720,0.024536803,0.73
12414.598839521408,0.001,1721,0.0035741734,0.75
12421.79023718834,0.001,1722,0.009601012,0.75
12428.982858419418,0.001,1723,0.016994584,0.74
12436.1405980587,0.001,1724,0.008717283,0.73
12443.345049858093,0.001,1725,0.022653097,0.72
12450.50839805603,0.001,1726,0.0019359565,0.72
12457.673214435577,0.001,1727,0.00300529,0.74
12464.843172073364,0.001,1728,0.004662259,0.75
12471.991132974625,0.001,1729,0.006617763,0.73
12479.090856313705,0.001,1730,0.0050691552,0.74
12486.22915148735,0.001,1731,0.0032100722,0.72
12493.294101715088,0.001,1732,0.0041011637,0.74
12500.438946008682,0.001,1733,0.0021436694,0.72
12507.636954545975,0.001,1734,0.003136618,0.74
12514.817412137985,0.001,1735,0.0039766757,0.75
12521.960616350174,0.001,1736,0.003600239,0.74
12529.654306173325,0.001,1737,0.0026127289,0.75
12536.83010005951,0.001,1738,0.0025708715,0.75
12543.844232320786,0.001,1739,0.0046934523,0.73
12550.910873651505,0.001,1740,0.0041416283,0.74
12558.028416633606,0.001,1741,0.005783641,0.74
12565.05966424942,0.001,1742,0.0022749037,0.74
12572.136743545532,0.001,1743,0.0032355378,0.74
12579.38057088852,0.001,1744,0.0030685794,0.75
12586.566141366959,0.001,1745,0.0066525782,0.73
12593.628124952316,0.001,1746,0.002707908,0.71
12600.672858953476,0.001,1747,0.0123658525,0.7
12607.810378074646,0.001,1748,0.12925482,0.58
12614.918543100357,0.001,1749,0.5693249,0.57
12622.049662828445,0.001,1750,0.6848427,0.56
12629.221775054932,0.001,1751,0.7808142,0.55
12636.25372672081,0.001,1752,0.95578474,0.53
12643.414120912552,0.001,1753,1.0701299,0.51
12650.594858169556,0.001,1754,0.8366637,0.6
12657.797417402267,0.001,1755,0.66251504,0.64
12664.912936925888,0.001,1756,0.65378076,0.7
12672.045308589935,0.001,1757,0.22550857,0.71
12679.22018814087,0.001,1758,0.049824387,0.73
12686.420966148376,0.001,1759,0.027962225,0.71
12693.600497961044,0.001,1760,0.010065402,0.73
12700.744013309479,0.001,1761,0.04044143,0.73
12707.884164094925,0.001,1762,0.0110695455,0.71
12715.0211622715,0.001,1763,0.021135509,0.7
12722.23341870308,0.001,1764,0.01016548,0.72
12729.771707773209,0.001,1765,0.0056444514,0.72
12736.92673444748,0.001,1766,0.005420657,0.72
12744.13915848732,0.001,1767,0.01792889,0.73
12751.302171945572,0.001,1768,0.0057887523,0.73
12758.529816389084,0.001,1769,0.0032474827,0.73
12765.658658027649,0.001,1770,0.0059161843,0.74
12772.870849609375,0.001,1771,0.014616982,0.73
12780.018845796585,0.001,1772,0.004060042,0.72
12787.21509361267,0.001,1773,0.0051411516,0.73
12794.236777544022,0.001,1774,0.0017101597,0.73
12801.318954706192,0.001,1775,0.004772039,0.74
12808.519981622696,0.001,1776,0.0020265777,0.76
12815.651767015457,0.001,1777,0.0020011452,0.75
12822.814656972885,0.001,1778,0.0150305275,0.72
12829.912579774857,0.001,1779,0.0028655513,0.74
12837.020518779755,0.001,1780,0.0016766015,0.72
12843.99232506752,0.001,1781,0.03620959,0.73
12851.05666089058,0.001,1782,0.0025838122,0.72
12858.219517230988,0.001,1783,0.0013160557,0.73
12865.364422559738,0.001,1784,0.004107052,0.71
12872.347351312637,0.001,1785,0.004635963,0.71
12879.496479034424,0.001,1786,0.006447479,0.7
12886.589297056198,0.001,1787,0.03618322,0.69
12893.746837854385,0.001,1788,0.25860348,0.58
12900.881561994553,0.001,1789,1.1434249,0.41
12907.995262861252,0.001,1790,1.539709,0.33
12915.17603111267,0.001,1791,2.220649,0.38
12922.344595909119,0.001,1792,2.0661967,0.52
12930.105564117432,0.001,1793,1.1516316,0.6
12937.22255396843,0.001,1794,0.5260846,0.67
12944.374774932861,0.001,1795,0.3636408,0.68
12951.572612285614,0.001,1796,0.15205866,0.74
12958.548038005829,0.001,1797,0.09068212,0.76
12965.733844041824,0.001,1798,0.054240413,0.75
12972.89833164215,0.001,1799,0.027857687,0.74
12980.199983119965,0.001,1800,0.02343956,0.73
12987.298521757126,0.001,1801,0.025199076,0.74
12994.409654855728,0.001,1802,0.0063736895,0.73
13001.433150529861,0.001,1803,0.0043565934,0.74
13008.5425863266,0.001,1804,0.0070635537,0.75
13015.72200679779,0.001,1805,0.0035401743,0.74
13022.856749773026,0.001,1806,0.00979375,0.74
13030.02525305748,0.001,1807,0.002780526,0.74
13037.245114088058,0.001,1808,0.011329693,0.72
13044.494865179062,0.001,1809,0.0011032084,0.73
13051.67420887947,0.001,1810,0.005618169,0.72
13058.852464437485,0.001,1811,0.0096201645,0.72
13066.00013923645,0.001,1812,0.010615026,0.7
13073.144754171371,0.001,1813,0.0031449047,0.71
13080.336138486862,0.001,1814,0.0020614038,0.71
13087.465053796768,0.001,1815,0.013046218,0.7
13094.619214296341,0.001,1816,0.0043279114,0.73
13101.761779785156,0.001,1817,0.005563944,0.72
13108.865152835846,0.001,1818,0.017621133,0.74
13115.99837422371,0.001,1819,0.002388092,0.7
13123.200674533844,0.001,1820,0.02616431,0.72
13130.94578409195,0.001,1821,0.045173425,0.66
13138.04850769043,0.001,1822,0.22415826,0.69
13145.151675701141,0.001,1823,0.9331915,0.47
13152.183666467667,0.001,1824,1.735769,0.52
13159.236759901047,0.001,1825,1.1423568,0.5
13166.349222421646,0.001,1826,1.0408165,0.65
13173.348658323288,0.001,1827,0.547482,0.62
13181.606862306595,0.001,1828,0.25132132,0.75
13188.686607599258,0.001,1829,0.11730559,0.69
13195.793226242065,0.001,1830,0.053473897,0.73
13202.927787303925,0.001,1831,0.044114374,0.71
13210.08569574356,0.001,1832,0.025421761,0.72
13217.246210336685,0.001,1833,0.014640509,0.72
13224.390497684479,0.001,1834,0.0134229055,0.72
13231.558598279953,0.001,1835,0.014367922,0.72
13238.6857483387,0.001,1836,0.015848668,0.72
13245.828961849213,0.001,1837,0.008966256,0.69
13253.032426595688,0.001,1838,0.005436817,0.71
13260.173770427704,0.001,1839,0.005269313,0.72
13267.331508398056,0.001,1840,0.009726682,0.74
13274.479410648346,0.001,1841,0.0031801376,0.72
13281.68402004242,0.001,1842,0.0038901493,0.72
13288.848129749298,0.001,1843,0.0075393734,0.71
13296.036578416824,0.001,1844,0.0035598495,0.68
13303.200650930405,0.001,1845,0.004332199,0.75
13310.308095216751,0.001,1846,0.040107504,0.63
13317.388696193695,0.001,1847,0.5645525,0.71
13324.598546266556,0.001,1848,0.8200109,0.49
13332.291412830353,0.001,1849,1.6475865,0.47
13339.400846004486,0.001,1850,1.4024413,0.59
13346.610285282135,0.001,1851,0.9401137,0.65
13353.718755960464,0.001,1852,0.4200868,0.65
13360.960652828217,0.001,1853,0.2299261,0.68
13368.075404405594,0.001,1854,0.14616793,0.75
13375.338645935059,0.001,1855,0.015006946,0.73
13382.497707605362,0.001,1856,0.02223749,0.74
13389.673488616943,0.001,1857,0.023048595,0.73
13396.88479757309,0.001,1858,0.010873676,0.74
13404.140281438828,0.001,1859,0.0072526317,0.72
13411.380800008774,0.001,1860,0.01332361,0.72
13418.432980298996,0.001,1861,0.008406705,0.72
