time,learning_rate,loss,step,accuracy
8.102416753768921,0.001,3.341556,1,0.12
19.083628177642822,0.001,3.1526012,2,0.08
30.017391443252563,0.001,2.9057353,3,0.07
38.30613708496094,0.001,2.785156,4,0.06
49.74364948272705,0.001,2.883027,5,0.06
57.636945962905884,0.001,2.7329094,6,0.09
68.30681133270264,0.001,2.6797197,7,0.09
79.51895666122437,0.001,2.6772535,8,0.08
87.41259169578552,0.001,2.6302178,9,0.09
98.33143711090088,0.001,2.6205382,10,0.08
106.28814029693604,0.001,2.4656644,11,0.08
117.22829246520996,0.001,2.581479,12,0.09
128.27618503570557,0.001,2.4763322,13,0.11
138.4299819469452,0.001,2.486358,14,0.13
149.61195421218872,0.001,2.49908,15,0.13
160.2584149837494,0.001,2.4598181,16,0.13
171.72238898277283,0.001,2.4613466,17,0.14
181.89640474319458,0.001,2.3944204,18,0.14
193.1259729862213,0.001,2.3853166,19,0.14
204.15831780433655,0.001,2.4305584,20,0.14
215.074524641037,0.001,2.3951364,21,0.14
226.58007907867432,0.001,2.339769,22,0.14
237.41193175315857,0.001,2.3847256,23,0.16
246.11936163902283,0.001,2.3560803,24,0.14
256.9627957344055,0.001,2.3285997,25,0.13
268.2624535560608,0.001,2.3649695,26,0.13
278.736385345459,0.001,2.3327024,27,0.14
290.50201439857483,0.001,2.3732014,28,0.11
298.9978506565094,0.001,2.3312216,29,0.13
309.9679639339447,0.001,2.3235683,30,0.14
321.04770016670227,0.001,2.2891226,31,0.12
332.4577248096466,0.001,2.3011222,32,0.13
340.61432433128357,0.001,2.3218203,33,0.15
351.4918086528778,0.001,2.310201,34,0.18
362.7561094760895,0.001,2.3278687,35,0.18
373.84425687789917,0.001,2.293153,36,0.17
384.5393064022064,0.001,2.2757752,37,0.17
395.88469910621643,0.001,2.2895377,38,0.17
403.98855566978455,0.001,2.3105855,39,0.19
415.29929757118225,0.001,2.3181026,40,0.17
426.21997022628784,0.001,2.2835135,41,0.17
458.3807623386383,0.001,2.2805386,42,0.19
469.04574847221375,0.001,2.2894413,43,0.2
479.41754627227783,0.001,2.2946653,44,0.2
490.2141098976135,0.001,2.28831,45,0.22
498.5155429840088,0.001,2.2877624,46,0.19
509.3525056838989,0.001,2.286192,47,0.23
520.449761390686,0.001,2.262262,48,0.19
531.5954267978668,0.001,2.2755272,49,0.2
542.7654619216919,0.001,2.2728176,50,0.17
554.1249048709869,0.00093000004,2.2399082,51,0.19
565.2709755897522,0.00093000004,2.2621858,52,0.21
575.9602925777435,0.00093000004,2.2918856,53,0.19
583.7196691036224,0.00093000004,2.253143,54,0.17
594.4334325790405,0.00093000004,2.2479384,55,0.21
605.6497266292572,0.00093000004,2.2762117,56,0.23
613.8873898983002,0.00093000004,2.2695854,57,0.21
624.6723365783691,0.00093000004,2.2732549,58,0.19
635.4387125968933,0.00093000004,2.2868142,59,0.21
643.5479929447174,0.00093000004,2.2551138,60,0.26
654.5735352039337,0.00093000004,2.2449691,61,0.25
665.2847554683685,0.00093000004,2.2782185,62,0.22
676.5079460144043,0.00093000004,2.262931,63,0.16
684.9134905338287,0.00093000004,2.268997,64,0.23
696.0701332092285,0.00093000004,2.2502291,65,0.27
707.0962088108063,0.00093000004,2.2355695,66,0.16
718.1490361690521,0.00093000004,2.2257376,67,0.15
729.4366281032562,0.00093000004,2.2614675,68,0.11
740.2708249092102,0.00093000004,2.2825027,69,0.22
748.0533556938171,0.00093000004,2.2802405,70,0.21
755.8190467357635,0.00093000004,2.227376,71,0.22
766.9896628856659,0.00093000004,2.2504401,72,0.18
777.8822724819183,0.00093000004,2.2745006,73,0.17
788.3099589347839,0.00093000004,2.3145268,74,0.12
799.3232202529907,0.00093000004,2.2996573,75,0.17
807.8396725654602,0.00093000004,2.2766376,76,0.27
815.777156829834,0.00093000004,2.25823,77,0.19
826.0605642795563,0.00093000004,2.2561076,78,0.26
837.2855615615845,0.00093000004,2.2573175,79,0.17
845.2509529590607,0.00093000004,2.2762854,80,0.12
853.0535609722137,0.00093000004,2.3228326,81,0.12
864.0469806194305,0.00093000004,2.294812,82,0.15
895.6138887405396,0.00093000004,2.254591,83,0.15
906.4179799556732,0.00093000004,2.2518368,84,0.19
917.7852993011475,0.00093000004,2.2660782,85,0.24
926.0126547813416,0.00093000004,2.2293012,86,0.17
937.2818703651428,0.00093000004,2.311071,87,0.11
948.4030277729034,0.00093000004,2.2454545,88,0.24
959.5285165309906,0.00093000004,2.234759,89,0.12
970.5828838348389,0.00093000004,2.3056252,90,0.13
981.6840329170227,0.00093000004,2.432994,91,0.18
989.6127631664276,0.00093000004,2.3081121,92,0.18
1000.3466396331787,0.00093000004,2.2838066,93,0.08
1007.0709464550018,0.00093000004,2.2581797,94,0.14
1015.4990484714508,0.00093000004,2.2630413,95,0.15
1026.9361073970795,0.00093000004,2.2636623,96,0.12
1037.620833158493,0.00093000004,2.3495946,97,0.17
1046.0452134609222,0.00093000004,2.2518451,98,0.14
1053.6185562610626,0.00093000004,2.2626944,99,0.18
1061.5249507427216,0.00093000004,2.2500951,100,0.23
1072.3655078411102,0.0008649,2.2280898,101,0.08
1083.0304682254791,0.0008649,2.3167338,102,0.18
1094.1913394927979,0.0008649,2.283809,103,0.18
1102.2887914180756,0.0008649,2.2448955,104,0.15
1113.6648440361023,0.0008649,2.2175572,105,0.18
1124.1998043060303,0.0008649,2.2634158,106,0.07
1134.9789209365845,0.0008649,2.298641,107,0.21
1146.0315189361572,0.0008649,2.2876496,108,0.24
1156.9147455692291,0.0008649,2.2539878,109,0.24
1164.8482491970062,0.0008649,2.2058976,110,0.21
1175.9528682231903,0.0008649,2.2762835,111,0.12
1187.187106370926,0.0008649,2.3088477,112,0.13
1195.4111816883087,0.0008649,2.255024,113,0.18
1206.9061844348907,0.0008649,2.2182217,114,0.16
1217.9524910449982,0.0008649,2.2514255,115,0.13
1225.8140275478363,0.0008649,2.274306,116,0.17
1234.2922978401184,0.0008649,2.2436564,117,0.19
1245.200011253357,0.0008649,2.2342138,118,0.08
1256.2918117046356,0.0008649,2.3032043,119,0.21
1267.6183795928955,0.0008649,2.2430713,120,0.25
1279.2121622562408,0.0008649,2.186826,121,0.23
1287.615740776062,0.0008649,2.1604514,122,0.17
1295.391753911972,0.0008649,2.4071355,123,0.13
1324.6072249412537,0.0008649,2.5586882,124,0.12
1336.0060403347015,0.0008649,2.3016443,125,0.1
1346.6653020381927,0.0008649,2.2692184,126,0.09
1357.7241840362549,0.0008649,2.2773979,127,0.12
1365.847143650055,0.0008649,2.2934067,128,0.1
1373.2552196979523,0.0008649,2.2719755,129,0.13
1384.9143941402435,0.0008649,2.2355127,130,0.19
1393.2164053916931,0.0008649,2.2522066,131,0.24
1401.6172242164612,0.0008649,2.1844642,132,0.16
1412.9874181747437,0.0008649,2.2275128,133,0.13
1422.868973493576,0.0008649,2.3999019,134,0.14
1434.1442985534668,0.0008649,2.2927556,135,0.16
1445.5069212913513,0.0008649,2.266722,136,0.18
1455.9448602199554,0.0008649,2.2437358,137,0.16
1467.1313371658325,0.0008649,2.2025065,138,0.18
1478.4305822849274,0.0008649,2.225455,139,0.14
1484.9521491527557,0.0008649,2.29907,140,0.2
1495.6253926753998,0.0008649,2.2660894,141,0.14
1507.359896659851,0.0008649,2.2299814,142,0.12
1518.227864265442,0.0008649,2.3167737,143,0.09
1526.1536271572113,0.0008649,2.371417,144,0.21
1536.7372450828552,0.0008649,2.2786024,145,0.17
1547.9166963100433,0.0008649,2.207545,146,0.17
1558.9049770832062,0.0008649,2.1431592,147,0.17
1570.0094120502472,0.0008649,2.1507795,148,0.14
1581.0619122982025,0.0008649,2.3390214,149,0.14
1592.0513951778412,0.0008649,2.4579043,150,0.15
1603.1960315704346,0.0008043571,2.2751334,151,0.21
1613.5634188652039,0.0008043571,2.2676466,152,0.19
1623.9850380420685,0.0008043571,2.2050467,153,0.14
1631.6948266029358,0.0008043571,2.267075,154,0.21
1642.7485630512238,0.0008043571,2.2645829,155,0.24
1654.2453846931458,0.0008043571,2.2212029,156,0.22
1662.4108967781067,0.0008043571,2.1381216,157,0.26
1673.4636986255646,0.0008043571,2.1373992,158,0.23
1684.8298671245575,0.0008043571,2.1048856,159,0.13
1695.1550133228302,0.0008043571,2.3414965,160,0.29
1705.9344320297241,0.0008043571,2.17452,161,0.26
1713.8408257961273,0.0008043571,2.0930173,162,0.22
1721.2402846813202,0.0008043571,2.0321627,163,0.24
1728.8830969333649,0.0008043571,2.141068,164,0.16
1760.9128684997559,0.0008043571,2.0627542,165,0.25
1771.9749641418457,0.0008043571,2.030643,166,0.17
1782.87495470047,0.0008043571,2.3885713,167,0.15
1793.7019939422607,0.0008043571,2.3943844,168,0.23
1804.7072505950928,0.0008043571,2.2640529,169,0.22
1811.8029899597168,0.0008043571,2.155967,170,0.2
1819.5888125896454,0.0008043571,2.0582952,171,0.25
1830.759241104126,0.0008043571,2.0716288,172,0.23
1842.0281808376312,0.0008043571,2.1842844,173,0.17
1852.8651406764984,0.0008043571,2.388759,174,0.13
1863.3579654693604,0.0008043571,2.1900249,175,0.19
1871.0834319591522,0.0008043571,2.1250036,176,0.2
1881.8070137500763,0.0008043571,2.18993,177,0.19
1890.2982430458069,0.0008043571,2.0767589,178,0.27
1898.4798529148102,0.0008043571,2.0661306,179,0.27
1909.7058181762695,0.0008043571,1.9598031,180,0.23
1920.3665182590485,0.0008043571,2.1296551,181,0.18
1932.1331949234009,0.0008043571,2.0716767,182,0.17
1940.2048470973969,0.0008043571,2.1362054,183,0.2
1950.9665484428406,0.0008043571,2.0508885,184,0.28
1962.342783689499,0.0008043571,1.9247242,185,0.26
1972.9815385341644,0.0008043571,2.0282226,186,0.26
1980.9069135189056,0.0008043571,2.1415532,187,0.16
1992.2792994976044,0.0008043571,2.0707214,188,0.26
2003.6923234462738,0.0008043571,2.087402,189,0.28
2014.8890600204468,0.0008043571,1.9610978,190,0.24
2026.2041363716125,0.0008043571,1.9099842,191,0.28
2034.353473186493,0.0008043571,1.9048028,192,0.24
2045.1185393333435,0.0008043571,2.0746574,193,0.2
2056.019929409027,0.0008043571,2.3886817,194,0.18
2067.148449420929,0.0008043571,2.2037911,195,0.25
2075.1635930538177,0.0008043571,2.0021172,196,0.21
2086.383745908737,0.0008043571,1.9212729,197,0.28
2097.3608782291412,0.0008043571,1.9098095,198,0.34
2108.2389039993286,0.0008043571,1.8283701,199,0.26
2119.088721513748,0.0008043571,2.0838032,200,0.23
2127.2289519309998,0.000748052,2.0392315,201,0.27
2138.4557495117188,0.000748052,2.0869758,202,0.27
2149.3681757450104,0.000748052,1.8837758,203,0.23
2160.6317932605743,0.000748052,1.9559739,204,0.22
2171.478129863739,0.000748052,2.0146,205,0.25
2183.15020775795,0.000748052,1.9477828,206,0.31
2191.2741644382477,0.000748052,1.89295,207,0.34
2202.225600004196,0.000748052,1.8318095,208,0.27
2213.109997034073,0.000748052,1.9115963,209,0.31
2221.5129685401917,0.000748052,1.8962494,210,0.23
2232.586041688919,0.000748052,1.9126333,211,0.27
2243.6117689609528,0.000748052,1.8729917,212,0.28
2251.765011548996,0.000748052,1.8591194,213,0.22
2262.361295223236,0.000748052,2.0353806,214,0.28
2273.436347723007,0.000748052,1.7810831,215,0.32
2284.4116683006287,0.000748052,1.762867,216,0.36
2294.9065306186676,0.000748052,1.8516715,217,0.36
2303.0662753582,0.000748052,1.730998,218,0.29
2313.492521762848,0.000748052,1.8807042,219,0.26
2324.4529526233673,0.000748052,1.9168042,220,0.25
2332.4958639144897,0.000748052,1.9923096,221,0.35
2339.908476829529,0.000748052,1.8013381,222,0.29
2350.947131872177,0.000748052,1.9471743,223,0.31
2362.289484977722,0.000748052,1.7530081,224,0.34
2370.483370780945,0.000748052,1.6852067,225,0.43
2381.8994765281677,0.000748052,1.7474941,226,0.32
2393.060380458832,0.000748052,1.8594177,227,0.34
2404.1835312843323,0.000748052,1.8321973,228,0.29
2415.5237267017365,0.000748052,1.8225847,229,0.33
2426.3661603927612,0.000748052,1.7478106,230,0.35
2434.450464248657,0.000748052,1.7635839,231,0.35
2445.0352697372437,0.000748052,1.8959908,232,0.33
2455.9752292633057,0.000748052,1.8895068,233,0.38
2467.3506722450256,0.000748052,1.8273596,234,0.42
2475.2368280887604,0.000748052,1.7786572,235,0.39
2485.6126067638397,0.000748052,1.6193002,236,0.35
2493.613058567047,0.000748052,1.6850833,237,0.42
2501.7551765441895,0.000748052,1.7015439,238,0.41
2512.965916633606,0.000748052,1.5593677,239,0.41
2520.931720018387,0.000748052,1.7934674,240,0.27
2531.8644449710846,0.000748052,1.9839863,241,0.24
2542.5431611537933,0.000748052,1.8870854,242,0.33
2554.3299236297607,0.000748052,1.9817448,243,0.39
2565.639613389969,0.000748052,1.7818794,244,0.4
2577.1470923423767,0.000748052,1.6468557,245,0.39
2588.302181005478,0.000748052,1.5078509,246,0.38
2599.640684366226,0.000748052,1.6562275,247,0.34
2607.5729463100433,0.000748052,1.7152324,248,0.38
2615.5858433246613,0.000748052,1.7424158,249,0.43
2626.5921778678894,0.000748052,1.5720385,250,0.42
2637.255250453949,0.0006956884,1.5190458,251,0.47
2648.324371099472,0.0006956884,1.5122203,252,0.41
2656.399518251419,0.0006956884,1.6656994,253,0.43
2664.648811817169,0.0006956884,1.6068275,254,0.41
2675.8570849895477,0.0006956884,1.722793,255,0.41
2683.9085686206818,0.0006956884,1.509909,256,0.45
2694.8329792022705,0.0006956884,1.5431961,257,0.41
2703.2272560596466,0.0006956884,1.6292558,258,0.37
2714.8588769435883,0.0006956884,1.4979024,259,0.43
2722.8920018672943,0.0006956884,1.660827,260,0.39
2733.697007894516,0.0006956884,1.9232962,261,0.33
2741.6264021396637,0.0006956884,1.7350105,262,0.37
2749.464591741562,0.0006956884,1.6731476,263,0.42
2760.699573993683,0.0006956884,1.646895,264,0.49
2771.0968198776245,0.0006956884,1.5432541,265,0.45
2781.209503889084,0.0006956884,1.526203,266,0.49
2792.751530647278,0.0006956884,1.4956374,267,0.42
2803.854597091675,0.0006956884,1.4518582,268,0.39
2815.121789455414,0.0006956884,1.7954061,269,0.42
2823.314183950424,0.0006956884,1.700669,270,0.42
2834.501142978668,0.0006956884,1.61016,271,0.51
2842.464055776596,0.0006956884,1.3673384,272,0.49
2853.3674206733704,0.0006956884,1.4604698,273,0.5
2861.4625930786133,0.0006956884,1.3973675,274,0.48
2869.550460577011,0.0006956884,1.542886,275,0.41
2880.699338197708,0.0006956884,1.5688144,276,0.41
2889.1994502544403,0.0006956884,1.6036619,277,0.33
2900.4362931251526,0.0006956884,1.7495174,278,0.47
2910.8639521598816,0.0006956884,1.5781759,279,0.47
2921.70454120636,0.0006956884,1.4283745,280,0.43
2929.677776813507,0.0006956884,1.5435019,281,0.38
2941.15576171875,0.0006956884,1.5450504,282,0.51
2952.404967069626,0.0006956884,1.5145661,283,0.51
2963.404374361038,0.0006956884,1.3214867,284,0.52
2974.3182923793793,0.0006956884,1.339607,285,0.51
2984.9525310993195,0.0006956884,1.277575,286,0.43
2993.293065547943,0.0006956884,1.7618799,287,0.47
3004.9529695510864,0.0006956884,1.4314442,288,0.51
3012.9240000247955,0.0006956884,1.292747,289,0.51
3023.8860490322113,0.0006956884,1.4763429,290,0.42
3032.1954724788666,0.0006956884,1.5715374,291,0.44
3043.4500184059143,0.0006956884,1.4131529,292,0.49
3054.712915658951,0.0006956884,1.5175238,293,0.57
3065.6790075302124,0.0006956884,1.4466567,294,0.45
3074.163638114929,0.0006956884,1.3462952,295,0.53
3085.765641927719,0.0006956884,1.5551077,296,0.49
3097.0560595989227,0.0006956884,1.4536384,297,0.45
3107.589457511902,0.0006956884,1.4261858,298,0.45
3118.6181964874268,0.0006956884,1.409817,299,0.53
3129.535348892212,0.0006956884,1.483343,300,0.37
3140.508723974228,0.00064699026,1.5351627,301,0.55
3151.265406370163,0.00064699026,1.31637,302,0.57
3159.559282541275,0.00064699026,1.2135997,303,0.53
3170.5471642017365,0.00064699026,1.2758807,304,0.52
3178.4102218151093,0.00064699026,1.3523176,305,0.41
3189.2937755584717,0.00064699026,1.463312,306,0.45
3200.176008939743,0.00064699026,1.6834774,307,0.48
3210.7491886615753,0.00064699026,1.4395908,308,0.5
3221.495883703232,0.00064699026,1.3526068,309,0.56
3229.8410217761993,0.00064699026,1.3072021,310,0.58
3240.322290420532,0.00064699026,1.1912087,311,0.53
3248.4711492061615,0.00064699026,1.2794737,312,0.55
3259.110431909561,0.00064699026,1.3929435,313,0.42
3267.2976315021515,0.00064699026,1.3755137,314,0.52
3278.315274000168,0.00064699026,1.3834996,315,0.59
3289.408807516098,0.00064699026,1.4915632,316,0.52
3297.4039528369904,0.00064699026,1.3547473,317,0.56
3305.2423045635223,0.00064699026,1.3462281,318,0.58
3316.173240661621,0.00064699026,1.3370901,319,0.52
3326.7874286174774,0.00064699026,1.2954373,320,0.53
3337.6188321113586,0.00064699026,1.2899771,321,0.57
3348.4890966415405,0.00064699026,1.1608171,322,0.58
3356.3412890434265,0.00064699026,1.3639266,323,0.51
3367.1940388679504,0.00064699026,1.3397008,324,0.49
3378.1083319187164,0.00064699026,1.5303717,325,0.45
3389.122094154358,0.00064699026,1.495948,326,0.54
3397.1691155433655,0.00064699026,1.2303983,327,0.56
3405.4024040699005,0.00064699026,1.2719303,328,0.49
3416.084007501602,0.00064699026,1.4210341,329,0.47
3427.32208943367,0.00064699026,1.3393502,330,0.54
3435.764753103256,0.00064699026,1.2490501,331,0.53
3443.671754360199,0.00064699026,1.2540233,332,0.48
3454.2812480926514,0.00064699026,1.4998752,333,0.45
3464.9307630062103,0.00064699026,1.5431635,334,0.51
3472.660711288452,0.00064699026,1.3176045,335,0.51
3483.62250828743,0.00064699026,1.3575646,336,0.58
3494.79106593132,0.00064699026,1.2206017,337,0.57
3502.9299483299255,0.00064699026,1.0895139,338,0.59
3509.4201254844666,0.00064699026,1.2379774,339,0.51
3520.138646841049,0.00064699026,1.2693336,340,0.5
3531.2575073242188,0.00064699026,1.2552732,341,0.61
3539.3896679878235,0.00064699026,1.247255,342,0.59
3550.397979736328,0.00064699026,1.1813781,343,0.62
3561.0605471134186,0.00064699026,1.1421387,344,0.56
3569.1669068336487,0.00064699026,1.2463422,345,0.59
3579.947352170944,0.00064699026,1.2234657,346,0.49
3588.527502298355,0.00064699026,1.2197562,347,0.61
3599.340679883957,0.00064699026,1.17087,348,0.57
3610.0969953536987,0.00064699026,1.0988159,349,0.59
3620.6184120178223,0.00064699026,1.128368,350,0.57
3628.9837260246277,0.0006017009,1.244322,351,0.59
3640.1482741832733,0.0006017009,1.127604,352,0.56
3648.5372207164764,0.0006017009,1.4955288,353,0.56
3659.459460735321,0.0006017009,1.5623535,354,0.48
3670.812122106552,0.0006017009,1.4690993,355,0.45
3681.520753145218,0.0006017009,1.3723786,356,0.56
3692.631303548813,0.0006017009,1.2304229,357,0.54
3703.667505979538,0.0006017009,1.2091855,358,0.61
3714.5560853481293,0.0006017009,1.2109684,359,0.58
3722.6825778484344,0.0006017009,1.1077563,360,0.59
3733.6737155914307,0.0006017009,1.1518745,361,0.59
3744.762070417404,0.0006017009,1.0464061,362,0.56
3753.1682209968567,0.0006017009,1.0427042,363,0.57
3764.3006777763367,0.0006017009,1.1122708,364,0.63
3775.795801639557,0.0006017009,1.1708663,365,0.58
3787.139727830887,0.0006017009,1.0201716,366,0.58
3795.4676945209503,0.0006017009,1.2607601,367,0.52
3806.0394587516785,0.0006017009,1.0691783,368,0.51
3817.266532897949,0.0006017009,1.1883802,369,0.53
3828.7716686725616,0.0006017009,1.0043156,370,0.59
3839.91925239563,0.0006017009,1.143265,371,0.55
3847.9615042209625,0.0006017009,1.0716188,372,0.57
3858.857507944107,0.0006017009,1.069811,373,0.58
3869.979596376419,0.0006017009,1.3481712,374,0.58
3876.367304086685,0.0006017009,1.103039,375,0.63
3884.2803485393524,0.0006017009,1.1330116,376,0.6
3895.6068646907806,0.0006017009,0.92804813,377,0.57
3906.833019018173,0.0006017009,1.0022863,378,0.56
3917.713399171829,0.0006017009,0.98638636,379,0.62
3928.839879512787,0.0006017009,1.1507118,380,0.55
3939.2428855895996,0.0006017009,1.1697025,381,0.51
3949.4280302524567,0.0006017009,1.2444623,382,0.58
3960.3865909576416,0.0006017009,1.2121063,383,0.55
3970.8252832889557,0.0006017009,1.1179274,384,0.53
3978.890937566757,0.0006017009,1.137991,385,0.54
3990.099264860153,0.0006017009,1.2328461,386,0.56
4000.810157060623,0.0006017009,1.2174723,387,0.56
4009.3414816856384,0.0006017009,1.0976255,388,0.62
4019.950304031372,0.0006017009,0.98499215,389,0.58
4031.09933924675,0.0006017009,1.039298,390,0.68
4041.940737724304,0.0006017009,0.887933,391,0.54
4050.0956461429596,0.0006017009,1.0527273,392,0.66
4060.557436466217,0.0006017009,1.1609958,393,0.56
4071.506227493286,0.0006017009,1.060252,394,0.66
4082.6559298038483,0.0006017009,1.0390571,395,0.58
4090.909031152725,0.0006017009,0.98058325,396,0.65
4101.886107206345,0.0006017009,0.94876355,397,0.59
4110.052793264389,0.0006017009,1.0374558,398,0.64
4120.863749504089,0.0006017009,1.0702642,399,0.59
4131.985914230347,0.0006017009,0.99660754,400,0.63
4143.2597370147705,0.00055958185,0.9986424,401,0.66
4151.586220502853,0.00055958185,0.96363544,402,0.62
4159.763247489929,0.00055958185,1.031351,403,0.57
4170.352329015732,0.00055958185,1.0695641,404,0.56
4180.772306203842,0.00055958185,1.1793891,405,0.62
4188.272418260574,0.00055958185,0.90168285,406,0.66
4199.589520692825,0.00055958185,0.9440489,407,0.53
4210.340766429901,0.00055958185,1.0763633,408,0.51
4220.981214761734,0.00055958185,1.1020104,409,0.67
4228.942617177963,0.00055958185,0.95566434,410,0.57
4237.293797492981,0.00055958185,0.9630388,411,0.64
4245.671492815018,0.00055958185,0.88387823,412,0.55
4256.246497869492,0.00055958185,1.1133485,413,0.62
4264.247521400452,0.00055958185,1.0301317,414,0.63
4274.914365530014,0.00055958185,0.8827283,415,0.57
4282.542955875397,0.00055958185,0.86460036,416,0.64
4293.647248983383,0.00055958185,0.86698073,417,0.6
4303.688359498978,0.00055958185,0.7397692,418,0.65
4314.813021183014,0.00055958185,0.7592755,419,0.6
4325.563020944595,0.00055958185,0.85306865,420,0.7
4336.443665981293,0.00055958185,0.8020824,421,0.52
4347.921655893326,0.00055958185,1.0559739,422,0.64
4358.496883869171,0.00055958185,0.8931794,423,0.6
4366.476795911789,0.00055958185,0.7915277,424,0.68
4377.722277402878,0.00055958185,1.1220791,425,0.53
4385.945103883743,0.00055958185,1.05183,426,0.59
4393.785892009735,0.00055958185,0.94083554,427,0.6
4404.677238225937,0.00055958185,0.906503,428,0.61
4412.943625211716,0.00055958185,0.88548875,429,0.63
4423.88144826889,0.00055958185,0.77545124,430,0.61
4434.810561180115,0.00055958185,0.8194508,431,0.66
4443.133702516556,0.00055958185,0.7020367,432,0.58
4454.164896726608,0.00055958185,0.8925896,433,0.64
4465.3294796943665,0.00055958185,0.9047833,434,0.61
4473.667392492294,0.00055958185,0.8261521,435,0.59
4481.699042081833,0.00055958185,0.8345703,436,0.64
4490.224805116653,0.00055958185,0.8659043,437,0.65
4498.318764209747,0.00055958185,0.7281522,438,0.61
4509.51441693306,0.00055958185,0.6757178,439,0.63
4520.484171867371,0.00055958185,0.8254048,440,0.63
4531.707538366318,0.00055958185,0.91032493,441,0.53
4542.58301281929,0.00055958185,0.9886756,442,0.66
4550.339669704437,0.00055958185,0.9837686,443,0.61
4557.099458932877,0.00055958185,0.8673509,444,0.61
4568.387820005417,0.00055958185,0.8028046,445,0.56
4579.257978916168,0.00055958185,0.9786827,446,0.58
4585.6213347911835,0.00055958185,1.0537736,447,0.64
4596.81511926651,0.00055958185,0.8403774,448,0.57
4604.7712461948395,0.00055958185,0.91347486,449,0.67
4612.533461809158,0.00055958185,0.62243086,450,0.65
4623.333522081375,0.0005204112,0.8144574,451,0.64
4634.944483041763,0.0005204112,0.7334623,452,0.65
4645.557132720947,0.0005204112,0.71091205,453,0.63
4657.581925392151,0.0005204112,0.72398955,454,0.59
4668.483944654465,0.0005204112,0.78852826,455,0.67
4679.4342749118805,0.0005204112,0.6978324,456,0.61
4687.388734817505,0.0005204112,0.6346215,457,0.66
4698.486214399338,0.0005204112,0.68428797,458,0.6
4709.984229326248,0.0005204112,0.6703641,459,0.68
4718.204035043716,0.0005204112,0.63488805,460,0.59
4726.817626953125,0.0005204112,0.76044935,461,0.64
4737.464125156403,0.0005204112,0.71955365,462,0.63
4748.421087741852,0.0005204112,0.60863435,463,0.68
4756.724296331406,0.0005204112,0.64580286,464,0.56
4767.7799236774445,0.0005204112,0.8461319,465,0.65
4778.63356590271,0.0005204112,0.79488724,466,0.57
4789.774590730667,0.0005204112,0.6008031,467,0.69
4801.369635105133,0.0005204112,0.64211535,468,0.64
4812.279848575592,0.0005204112,0.69910043,469,0.65
4823.379211902618,0.0005204112,0.69851154,470,0.61
4834.525162696838,0.0005204112,0.65077025,471,0.62
4845.573621034622,0.0005204112,0.61635697,472,0.7
4856.922300577164,0.0005204112,0.5482093,473,0.61
4867.606733560562,0.0005204112,0.65148616,474,0.69
4876.082096338272,0.0005204112,0.5256643,475,0.61
4884.110400438309,0.0005204112,0.8096144,476,0.55
4895.217467784882,0.0005204112,0.8526688,477,0.6
4906.371629238129,0.0005204112,0.6513938,478,0.68
4917.021586894989,0.0005204112,0.5439855,479,0.51
4924.956436634064,0.0005204112,0.8899638,480,0.64
4931.638130903244,0.0005204112,0.7062346,481,0.66
4942.716027736664,0.0005204112,0.58193976,482,0.69
4949.493148326874,0.0005204112,0.6565181,483,0.66
4957.641935348511,0.0005204112,0.61639315,484,0.66
4968.466920375824,0.0005204112,0.570271,485,0.62
4979.5125296115875,0.0005204112,0.6366069,486,0.67
4988.056387901306,0.0005204112,0.6021566,487,0.63
4995.8187601566315,0.0005204112,0.7141186,488,0.64
5006.824426174164,0.0005204112,0.54136294,489,0.63
5017.970760822296,0.0005204112,0.59821665,490,0.56
5029.113124370575,0.0005204112,0.76445925,491,0.63
5040.440505981445,0.0005204112,0.64576006,492,0.59
5052.024300575256,0.0005204112,0.875551,493,0.66
5059.936890125275,0.0005204112,0.8316985,494,0.63
5070.427525043488,0.0005204112,1.0122863,495,0.65
5078.598453760147,0.0005204112,0.83501184,496,0.65
5089.795475482941,0.0005204112,0.7563433,497,0.63
5100.1096386909485,0.0005204112,0.82401335,498,0.62
5108.064730882645,0.0005204112,0.79115725,499,0.64
5118.832437992096,0.0005204112,0.708869,500,0.59
5129.995610713959,0.00048398238,0.75924045,501,0.68
5138.209698677063,0.00048398238,0.6648806,502,0.64
5146.505860567093,0.00048398238,0.71565616,503,0.69
5157.682752609253,0.00048398238,0.60532635,504,0.59
5169.016413450241,0.00048398238,0.7555178,505,0.67
5180.607563018799,0.00048398238,0.75145787,506,0.62
5188.115711212158,0.00048398238,0.739054,507,0.67
5199.117802143097,0.00048398238,0.6720499,508,0.64
5210.242120265961,0.00048398238,0.59059846,509,0.72
5221.201237440109,0.00048398238,0.6789144,510,0.65
5229.253260135651,0.00048398238,0.69965106,511,0.73
5237.224531173706,0.00048398238,0.7638475,512,0.61
5248.7761816978455,0.00048398238,0.6252982,513,0.68
5259.785701990128,0.00048398238,0.6147444,514,0.69
5267.797683477402,0.00048398238,0.6802915,515,0.7
5275.878155231476,0.00048398238,0.62870467,516,0.63
5286.76566362381,0.00048398238,0.6826448,517,0.74
5298.203225135803,0.00048398238,0.5328616,518,0.63
5309.319795370102,0.00048398238,0.72384727,519,0.72
5320.522407054901,0.00048398238,0.5804488,520,0.66
5328.632592916489,0.00048398238,0.6248388,521,0.59
5339.953129291534,0.00048398238,0.87505674,522,0.56
5350.296772956848,0.00048398238,0.8602964,523,0.71
5361.683221340179,0.00048398238,0.59483945,524,0.63
5368.330300807953,0.00048398238,0.5985269,525,0.69
5376.35822224617,0.00048398238,0.5543512,526,0.65
5384.621918439865,0.00048398238,0.65239024,527,0.67
5395.178230047226,0.00048398238,0.6074481,528,0.7
5405.978020191193,0.00048398238,0.50503904,529,0.67
5413.286540746689,0.00048398238,0.6280275,530,0.64
5421.20073390007,0.00048398238,0.66342044,531,0.59
5432.050167560577,0.00048398238,0.55202395,532,0.67
5443.587025165558,0.00048398238,0.50137246,533,0.69
5452.071459770203,0.00048398238,0.43352845,534,0.63
5463.326175451279,0.00048398238,0.61684537,535,0.72
5474.597520112991,0.00048398238,0.55844027,536,0.67
5485.671583652496,0.00048398238,0.4551455,537,0.65
5496.815346479416,0.00048398238,0.536672,538,0.67
5507.703779220581,0.00048398238,0.5147162,539,0.64
5516.154160022736,0.00048398238,0.421821,540,0.71
5527.274321317673,0.00048398238,0.4388352,541,0.68
5538.214989185333,0.00048398238,0.40019438,542,0.68
5549.300540447235,0.00048398238,0.40206048,543,0.73
5560.352667331696,0.00048398238,0.3880499,544,0.6
5570.855349063873,0.00048398238,0.46744406,545,0.74
5581.485068798065,0.00048398238,0.4006448,546,0.65
5592.816047668457,0.00048398238,0.46492407,547,0.71
5600.601089477539,0.00048398238,0.6245159,548,0.59
5608.369031906128,0.00048398238,0.6480829,549,0.59
5616.501777172089,0.00048398238,0.736988,550,0.68
5624.4559445381165,0.0004501036,0.36459684,551,0.7
5635.555185556412,0.0004501036,0.37443796,552,0.67
5643.863551855087,0.0004501036,0.36775526,553,0.72
5655.054164886475,0.0004501036,0.29493925,554,0.6
5666.212198972702,0.0004501036,0.3173402,555,0.73
5672.57822394371,0.0004501036,0.464553,556,0.63
5683.414849996567,0.0004501036,0.30980036,557,0.72
5694.164644479752,0.0004501036,0.36997828,558,0.59
5704.620113134384,0.0004501036,0.4285373,559,0.71
5716.026437520981,0.0004501036,0.4688627,560,0.7
5724.062579631805,0.0004501036,0.3322626,561,0.63
5735.042937278748,0.0004501036,0.43010736,562,0.67
5742.8495943546295,0.0004501036,0.48711404,563,0.7
5750.639501333237,0.0004501036,0.35644937,564,0.71
5761.785335302353,0.0004501036,0.3909264,565,0.64
5773.136405467987,0.0004501036,0.35327855,566,0.69
5783.974104642868,0.0004501036,0.48690766,567,0.67
5794.225351572037,0.0004501036,0.31315595,568,0.72
5802.392048835754,0.0004501036,0.36530322,569,0.65
5810.499551296234,0.0004501036,0.35745618,570,0.76
5818.508174419403,0.0004501036,0.26880473,571,0.66
5829.425151586533,0.0004501036,0.25007606,572,0.73
5837.702363491058,0.0004501036,0.33609277,573,0.67
5849.263431549072,0.0004501036,0.44977352,574,0.65
5860.5912454128265,0.0004501036,0.5270621,575,0.54
5868.23429608345,0.0004501036,0.6307347,576,0.68
5879.31337761879,0.0004501036,0.65385985,577,0.63
5890.634942531586,0.0004501036,0.49561867,578,0.74
5898.676245927811,0.0004501036,0.43364054,579,0.68
5910.150562047958,0.0004501036,0.4490908,580,0.69
5921.263389110565,0.0004501036,0.43879116,581,0.7
5932.35932803154,0.0004501036,0.44406986,582,0.68
5943.388779401779,0.0004501036,0.39525497,583,0.7
5954.451493024826,0.0004501036,0.34007132,584,0.66
5962.380752086639,0.0004501036,0.48603356,585,0.72
5973.796024084091,0.0004501036,0.3737016,586,0.64
5985.315148830414,0.0004501036,0.45267722,587,0.72
5995.694023370743,0.0004501036,0.36272383,588,0.66
6005.905117273331,0.0004501036,0.38281906,589,0.69
6014.120695590973,0.0004501036,0.36955228,590,0.67
6022.45361161232,0.0004501036,0.40127197,591,0.6
6030.461396217346,0.0004501036,0.46622923,592,0.68
6041.924597024918,0.0004501036,0.31902108,593,0.72
6052.834890365601,0.0004501036,0.36904198,594,0.67
6064.347294092178,0.0004501036,0.2397173,595,0.7
6072.764504909515,0.0004501036,0.28216842,596,0.69
6081.186724662781,0.0004501036,0.30357227,597,0.7
6089.071769237518,0.0004501036,0.3199149,598,0.64
6100.104526042938,0.0004501036,0.3402701,599,0.7
6110.968811750412,0.0004501036,0.39680898,600,0.62
6122.120292663574,0.00041859635,0.48094946,601,0.72
6133.470563173294,0.00041859635,0.32741106,602,0.69
6144.503273963928,0.00041859635,0.34435043,603,0.68
6155.559542894363,0.00041859635,0.25419566,604,0.7
6166.546658754349,0.00041859635,0.25226647,605,0.7
6174.831834554672,0.00041859635,0.27571943,606,0.68
6186.115575551987,0.00041859635,0.2875332,607,0.63
6196.730124950409,0.00041859635,0.4462793,608,0.62
6207.390937805176,0.00041859635,0.49164602,609,0.65
6215.881001234055,0.00041859635,0.3889819,610,0.68
6227.0449051856995,0.00041859635,0.2398162,611,0.68
6238.038021564484,0.00041859635,0.39293933,612,0.67
6245.831648349762,0.00041859635,0.31863734,613,0.67
6257.139109134674,0.00041859635,0.21189994,614,0.68
6268.173398733139,0.00041859635,0.27377594,615,0.68
6276.689391374588,0.00041859635,0.21503597,616,0.72
6287.567966938019,0.00041859635,0.23230053,617,0.71
6298.217112541199,0.00041859635,0.22741306,618,0.7
6306.400505781174,0.00041859635,0.1852774,619,0.71
6317.133187294006,0.00041859635,0.1856479,620,0.7
6325.246299266815,0.00041859635,0.24765453,621,0.62
6333.574270486832,0.00041859635,0.34898442,622,0.7
6344.779388189316,0.00041859635,0.57615197,623,0.63
6356.043132305145,0.00041859635,0.41351032,624,0.69
6367.010759592056,0.00041859635,0.23593116,625,0.67
6377.755103826523,0.00041859635,0.2781575,626,0.74
6388.831840515137,0.00041859635,0.16175127,627,0.69
6400.285123586655,0.00041859635,0.18723866,628,0.73
6406.63826084137,0.00041859635,0.1677073,629,0.68
6414.351676464081,0.00041859635,0.18397723,630,0.73
6425.213146686554,0.00041859635,0.2089336,631,0.65
6435.9266657829285,0.00041859635,0.26310152,632,0.7
6447.337692975998,0.00041859635,0.2970128,633,0.62
6458.1113522052765,0.00041859635,0.47043356,634,0.71
6469.117006778717,0.00041859635,0.3518898,635,0.64
6479.43686580658,0.00041859635,0.20308517,636,0.71
6490.203791379929,0.00041859635,0.27991164,637,0.66
6500.8061537742615,0.00041859635,0.19146071,638,0.73
6511.279585361481,0.00041859635,0.1671778,639,0.69
6518.801451683044,0.00041859635,0.15792963,640,0.68
6529.502098083496,0.00041859635,0.22120263,641,0.69
6540.745205402374,0.00041859635,0.21676317,642,0.65
6551.626843929291,0.00041859635,0.24346712,643,0.67
6562.935750722885,0.00041859635,0.13427244,644,0.7
6573.777092695236,0.00041859635,0.20322374,645,0.68
6584.802852869034,0.00041859635,0.14167999,646,0.74
6595.164544582367,0.00041859635,0.17007385,647,0.66
6606.347495317459,0.00041859635,0.15645862,648,0.72
6614.389693975449,0.00041859635,0.13798729,649,0.67
6622.357667922974,0.00041859635,0.16015652,650,0.72
6633.6508049964905,0.0003892946,0.13628124,651,0.65
6644.60728597641,0.0003892946,0.14648592,652,0.72
6655.346102714539,0.0003892946,0.20227027,653,0.67
6663.251219511032,0.0003892946,0.14864035,654,0.71
6674.738469362259,0.0003892946,0.13948435,655,0.63
6685.64347910881,0.0003892946,0.2044838,656,0.69
6697.0907826423645,0.0003892946,0.15195704,657,0.69
6708.298307418823,0.0003892946,0.20829798,658,0.69
6719.750903129578,0.0003892946,0.15351422,659,0.68
6730.591304540634,0.0003892946,0.118319236,660,0.68
6741.3647377491,0.0003892946,0.14061989,661,0.69
6749.524515867233,0.0003892946,0.13033693,662,0.69
6760.427465677261,0.0003892946,0.23366907,663,0.68
6771.4811062812805,0.0003892946,0.17939714,664,0.64
6782.3727395534515,0.0003892946,0.17492655,665,0.71
6793.269166231155,0.0003892946,0.23397562,666,0.68
6804.013791799545,0.0003892946,0.20880698,667,0.73
6814.598747730255,0.0003892946,0.48153305,668,0.63
6822.600075960159,0.0003892946,0.32313624,669,0.66
6833.318341016769,0.0003892946,0.48937282,670,0.6
6841.2391357421875,0.0003892946,0.31727856,671,0.74
6852.07964682579,0.0003892946,0.19227521,672,0.73
6862.34188914299,0.0003892946,0.099533774,673,0.76
6871.045303344727,0.0003892946,0.090879485,674,0.71
6882.207453250885,0.0003892946,0.10736916,675,0.71
6893.59640955925,0.0003892946,0.108680636,676,0.66
6904.679109573364,0.0003892946,0.11077429,677,0.75
6913.208539485931,0.0003892946,0.14184694,678,0.65
6924.123532772064,0.0003892946,0.22954719,679,0.74
6931.788019418716,0.0003892946,0.15223008,680,0.65
6942.2646725177765,0.0003892946,0.22153111,681,0.75
6953.335461616516,0.0003892946,0.11794929,682,0.7
6964.110087394714,0.0003892946,0.12525538,683,0.74
6974.9842965602875,0.0003892946,0.09290489,684,0.67
6985.2906749248505,0.0003892946,0.09316115,685,0.72
6995.477818489075,0.0003892946,0.13723,686,0.67
7004.033082008362,0.0003892946,0.14977552,687,0.72
7012.009207725525,0.0003892946,0.08916308,688,0.66
7022.608102321625,0.0003892946,0.10477572,689,0.73
7033.743271589279,0.0003892946,0.085084274,690,0.68
7041.347867965698,0.0003892946,0.07664774,691,0.7
7052.425815343857,0.0003892946,0.08850188,692,0.75
7063.31219792366,0.0003892946,0.08866275,693,0.72
7074.413182258606,0.0003892946,0.07171388,694,0.76
7084.994660377502,0.0003892946,0.0701214,695,0.7
7095.585650205612,0.0003892946,0.0757185,696,0.73
7103.469956636429,0.0003892946,0.08400054,697,0.64
7111.540663957596,0.0003892946,0.5139164,698,0.6
7119.8087458610535,0.0003892946,0.42271766,699,0.73
7130.481859445572,0.0003892946,0.6093255,700,0.64
7138.767523050308,0.000362044,0.60480684,701,0.71
7146.308390140533,0.000362044,0.47426465,702,0.66
7157.329961538315,0.000362044,0.14282635,703,0.7
7165.508743524551,0.000362044,0.10998636,704,0.73
7176.509992837906,0.000362044,0.16074142,705,0.74
7187.136261463165,0.000362044,0.094133966,706,0.72
7197.912766695023,0.000362044,0.0856076,707,0.72
7205.467673063278,0.000362044,0.08735983,708,0.74
7216.20639872551,0.000362044,0.09803207,709,0.74
7227.625425815582,0.000362044,0.105469316,710,0.73
7238.231625080109,0.000362044,0.062018,711,0.71
7246.702038764954,0.000362044,0.08752654,712,0.74
7257.7055406570435,0.000362044,0.073700465,713,0.74
7265.923521757126,0.000362044,0.102007724,714,0.69
7276.325352430344,0.000362044,0.07947475,715,0.77
7284.682259082794,0.000362044,0.12557392,716,0.66
7295.904339790344,0.000362044,0.22510743,717,0.73
7306.9885132312775,0.000362044,0.21830405,718,0.66
7318.150835514069,0.000362044,0.10507663,719,0.74
7328.7428431510925,0.000362044,0.12657924,720,0.76
7339.661149024963,0.000362044,0.10251029,721,0.73
7350.306545257568,0.000362044,0.041330624,722,0.74
7358.025981426239,0.000362044,0.07259006,723,0.73
7369.232744216919,0.000362044,0.08881855,724,0.72
7380.333953619003,0.000362044,0.06918265,725,0.72
7390.887887239456,0.000362044,0.10148929,726,0.69
7401.9726095199585,0.000362044,0.14048819,727,0.71
7409.444607019424,0.000362044,0.2816322,728,0.7
7420.436223268509,0.000362044,0.28778994,729,0.72
7428.577407836914,0.000362044,0.1778707,730,0.7
7439.721609592438,0.000362044,0.15353589,731,0.72
7450.4140188694,0.000362044,0.2462337,732,0.66
7461.053520679474,0.000362044,0.30140236,733,0.7
7472.121310949326,0.000362044,0.18280788,734,0.71
7480.577508211136,0.000362044,0.114009835,735,0.74
7491.480908632278,0.000362044,0.041744206,736,0.74
7502.082142591476,0.000362044,0.06308445,737,0.73
7510.055945396423,0.000362044,0.047427375,738,0.73
7518.34041595459,0.000362044,0.06206184,739,0.75
7526.466835021973,0.000362044,0.04697546,740,0.74
7534.621208667755,0.000362044,0.04220666,741,0.74
7545.691347122192,0.000362044,0.032522477,742,0.72
7552.938943862915,0.000362044,0.05986283,743,0.74
7563.326269388199,0.000362044,0.030575002,744,0.76
7573.7989337444305,0.000362044,0.0323349,745,0.73
7584.455960035324,0.000362044,0.05260446,746,0.73
7595.238830327988,0.000362044,0.029279042,747,0.68
7603.138516426086,0.000362044,0.0756873,748,0.72
7614.030494213104,0.000362044,0.15092275,749,0.59
7622.280924797058,0.000362044,0.22605509,750,0.68
7633.5506682395935,0.00033670093,0.37856403,751,0.65
7641.80471777916,0.00033670093,0.0694739,752,0.75
7652.384232282639,0.00033670093,0.21637554,753,0.66
7659.793910264969,0.00033670093,0.065583214,754,0.76
7667.858549118042,0.00033670093,0.035769988,755,0.71
7675.783500671387,0.00033670093,0.044766977,756,0.72
7683.916425228119,0.00033670093,0.03344565,757,0.72
7691.493200540543,0.00033670093,0.03661989,758,0.68
7702.397459983826,0.00033670093,0.034394186,759,0.72
7709.883442163467,0.00033670093,0.02712935,760,0.68
7720.15310883522,0.00033670093,0.02628919,761,0.76
7731.181787014008,0.00033670093,0.030168893,762,0.68
7741.807464361191,0.00033670093,0.03273952,763,0.72
7752.692618846893,0.00033670093,0.05085449,764,0.68
7763.656808853149,0.00033670093,0.060209226,765,0.71
7774.311635255814,0.00033670093,0.06516129,766,0.63
7781.973223686218,0.00033670093,0.32847744,767,0.73
7793.270851135254,0.00033670093,0.18646745,768,0.69
7804.366450309753,0.00033670093,0.10123403,769,0.69
7811.392208576202,0.00033670093,0.094239585,770,0.69
7822.255782842636,0.00033670093,0.053511754,771,0.73
7833.426785707474,0.00033670093,0.030141167,772,0.74
7843.868095636368,0.00033670093,0.023754569,773,0.74
7854.975845336914,0.00033670093,0.030169375,774,0.72
7865.950718402863,0.00033670093,0.031114403,775,0.72
7873.700013399124,0.00033670093,0.02266065,776,0.72
7884.557337522507,0.00033670093,0.03138956,777,0.71
7895.144040822983,0.00033670093,0.018585807,778,0.73
7902.301970481873,0.00033670093,0.018141208,779,0.72
7913.809881687164,0.00033670093,0.057952993,780,0.7
7924.7377915382385,0.00033670093,0.05981309,781,0.75
7936.131880998611,0.00033670093,0.04174189,782,0.73
7944.357438087463,0.00033670093,0.10746631,783,0.68
7952.655735492706,0.00033670093,0.18828778,784,0.66
7963.601807832718,0.00033670093,0.29375982,785,0.68
7974.600791215897,0.00033670093,0.21471865,786,0.7
7982.606236934662,0.00033670093,0.11776382,787,0.7
7993.281896114349,0.00033670093,0.1442361,788,0.69
8004.199282407761,0.00033670093,0.06650566,789,0.74
8012.325583934784,0.00033670093,0.0558865,790,0.68
8023.124566078186,0.00033670093,0.039173685,791,0.7
8034.013968706131,0.00033670093,0.055725697,792,0.72
8045.309544086456,0.00033670093,0.037742067,793,0.7
8056.010471105576,0.00033670093,0.029958889,794,0.71
8063.639301538467,0.00033670093,0.0489504,795,0.71
8074.8194971084595,0.00033670093,0.027060755,796,0.73
8085.989619255066,0.00033670093,0.054714017,797,0.7
8097.153143644333,0.00033670093,0.02484898,798,0.73
8108.390316724777,0.00033670093,0.04045484,799,0.68
8119.50496172905,0.00033670093,0.042280152,800,0.68
8130.26265835762,0.00031313187,0.04785997,801,0.72
8140.689573526382,0.00031313187,0.027339686,802,0.67
8151.48175740242,0.00031313187,0.058730476,803,0.72
8162.4712870121,0.00031313187,0.016324474,804,0.67
8169.450006723404,0.00031313187,0.03259515,805,0.69
8177.176919221878,0.00031313187,0.02902201,806,0.68
8185.219664812088,0.00031313187,0.042630337,807,0.69
8195.732618808746,0.00031313187,0.06488211,808,0.66
8206.662165880203,0.00031313187,0.09600538,809,0.68
8217.905200958252,0.00031313187,0.3646558,810,0.6
8229.085394620895,0.00031313187,0.24576052,811,0.72
8240.323400497437,0.00031313187,0.055044,812,0.69
8250.870280981064,0.00031313187,0.08152756,813,0.74
8262.136726617813,0.00031313187,0.037944958,814,0.68
8273.021100521088,0.00031313187,0.056150902,815,0.72
8284.59907913208,0.00031313187,0.01786523,816,0.71
8292.7129342556,0.00031313187,0.017957086,817,0.7
8300.649619817734,0.00031313187,0.02242359,818,0.7
8309.12598490715,0.00031313187,0.019527985,819,0.72
8320.440576076508,0.00031313187,0.024315573,820,0.73
8332.304887533188,0.00031313187,0.017617954,821,0.72
8339.942605257034,0.00031313187,0.011278054,822,0.71
8351.006240606308,0.00031313187,0.021600833,823,0.71
8361.571794509888,0.00031313187,0.01654343,824,0.71
8371.988731622696,0.00031313187,0.012487002,825,0.67
8380.20538854599,0.00031313187,0.012126631,826,0.73
8391.476798772812,0.00031313187,0.010941305,827,0.69
8399.666214704514,0.00031313187,0.019708762,828,0.73
8409.894342899323,0.00031313187,0.04582275,829,0.7
8418.699939012527,0.00031313187,0.017741835,830,0.75
8429.76742696762,0.00031313187,0.027163047,831,0.72
8437.826407194138,0.00031313187,0.013859396,832,0.74
8449.02365064621,0.00031313187,0.022906173,833,0.7
8460.454105377197,0.00031313187,0.020112019,834,0.73
8468.601724147797,0.00031313187,0.046438172,835,0.7
8478.829211950302,0.00031313187,0.060579065,836,0.68
8490.113507986069,0.00031313187,0.12515493,837,0.61
8501.303074359894,0.00031313187,0.41502747,838,0.7
8512.23462319374,0.00031313187,0.23378742,839,0.7
8523.03810763359,0.00031313187,0.23871635,840,0.66
8531.22432565689,0.00031313187,0.05316695,841,0.7
8538.696256637573,0.00031313187,0.012473705,842,0.74
8549.714064836502,0.00031313187,0.017420644,843,0.7
8557.957324504852,0.00031313187,0.022393331,844,0.7
8568.955847501755,0.00031313187,0.010880055,845,0.69
8579.954442739487,0.00031313187,0.007921462,846,0.7
8590.285564422607,0.00031313187,0.014999003,847,0.73
8601.197546482086,0.00031313187,0.016173087,848,0.73
8609.910120010376,0.00031313187,0.011124521,849,0.72
8620.930661916733,0.00031313187,0.010853858,850,0.72
8628.970426797867,0.00029121264,0.016861085,851,0.73
8635.48351073265,0.00029121264,0.009549213,852,0.72
8646.3850440979,0.00029121264,0.017557088,853,0.73
8657.050244808197,0.00029121264,0.021088002,854,0.69
8667.810896635056,0.00029121264,0.007049259,855,0.7
8678.836369037628,0.00029121264,0.010900332,856,0.7
8686.684110403061,0.00029121264,0.004554641,857,0.72
8697.135921239853,0.00029121264,0.013500607,858,0.73
8704.717202425003,0.00029121264,0.006730654,859,0.7
8715.838869571686,0.00029121264,0.008039327,860,0.76
8726.890263795853,0.00029121264,0.014267988,861,0.71
8738.476832866669,0.00029121264,0.011319828,862,0.75
8749.048862457275,0.00029121264,0.010108743,863,0.7
8760.109797000885,0.00029121264,0.01921196,864,0.71
8768.070455312729,0.00029121264,0.017860908,865,0.72
8778.929013252258,0.00029121264,0.005228179,866,0.71
8789.656725168228,0.00029121264,0.010735228,867,0.7
8800.383021116257,0.00029121264,0.020178813,868,0.67
8808.699297189713,0.00029121264,0.017309438,869,0.7
8819.454107761383,0.00029121264,0.17281517,870,0.61
8830.705409049988,0.00029121264,0.43405133,871,0.72
8842.087829351425,0.00029121264,0.17753692,872,0.68
8853.197323322296,0.00029121264,0.053980738,873,0.68
8864.244068145752,0.00029121264,0.03209667,874,0.72
8875.265580415726,0.00029121264,0.00791754,875,0.72
8886.129210948944,0.00029121264,0.023800366,876,0.71
8894.470420122147,0.00029121264,0.014414916,877,0.72
8901.811772823334,0.00029121264,0.014327612,878,0.71
8912.143638134003,0.00029121264,0.019220844,879,0.7
8923.023670434952,0.00029121264,0.01573359,880,0.72
8930.715121030807,0.00029121264,0.011432031,881,0.72
8941.987169265747,0.00029121264,0.007629939,882,0.71
8952.735351324081,0.00029121264,0.012960424,883,0.7
8964.023460149765,0.00029121264,0.009306618,884,0.74
8972.176474571228,0.00029121264,0.0057569374,885,0.72
8983.219475984573,0.00029121264,0.014785761,886,0.7
8993.800725460052,0.00029121264,0.011556425,887,0.73
9004.987871170044,0.00029121264,0.0044291806,888,0.71
9015.752705812454,0.00029121264,0.01674894,889,0.71
9023.618056058884,0.00029121264,0.019761473,890,0.73
9034.729873418808,0.00029121264,0.0075325314,891,0.71
9045.738222837448,0.00029121264,0.022295432,892,0.72
9054.009490013123,0.00029121264,0.013135847,893,0.71
9062.24094080925,0.00029121264,0.004835659,894,0.71
9073.250217437744,0.00029121264,0.010162323,895,0.71
9079.546535730362,0.00029121264,0.015352723,896,0.74
9087.554804325104,0.00029121264,0.008378472,897,0.72
9095.671344280243,0.00029121264,0.0141727375,898,0.72
9103.784064769745,0.00029121264,0.0150726475,899,0.74
9111.586904764175,0.00029121264,0.011388228,900,0.72
9122.596693754196,0.00027082776,0.023977896,901,0.7
9133.638815164566,0.00027082776,0.0063802195,902,0.7
9145.270563602448,0.00027082776,0.015976211,903,0.74
9153.664034366608,0.00027082776,0.0117224455,904,0.73
9165.00827741623,0.00027082776,0.02545487,905,0.72
9173.762924909592,0.00027082776,0.017111333,906,0.71
9184.610587120056,0.00027082776,0.031166062,907,0.71
9192.654236078262,0.00027082776,0.054060537,908,0.65
9203.857508897781,0.00027082776,0.112802565,909,0.69
9212.207993268967,0.00027082776,0.054409984,910,0.71
9222.755041599274,0.00027082776,0.05198404,911,0.75
9233.172483444214,0.00027082776,0.06380964,912,0.72
9244.249102115631,0.00027082776,0.02122866,913,0.73
9252.559438467026,0.00027082776,0.0057419594,914,0.71
9260.16772198677,0.00027082776,0.010168474,915,0.72
9268.362733125687,0.00027082776,0.013454909,916,0.72
9279.12307024002,0.00027082776,0.019302715,917,0.71
9287.176825284958,0.00027082776,0.008039656,918,0.71
9295.447313070297,0.00027082776,0.005039463,919,0.72
9306.367285251617,0.00027082776,0.02147754,920,0.73
9315.012575149536,0.00027082776,0.0042404477,921,0.74
9325.953537225723,0.00027082776,0.0068353065,922,0.73
9333.815740346909,0.00027082776,0.010314677,923,0.72
9344.441295862198,0.00027082776,0.033675995,924,0.73
9354.843419075012,0.00027082776,0.004851188,925,0.73
9360.799807071686,0.00027082776,0.0038623717,926,0.71
9371.30774307251,0.00027082776,0.0042747264,927,0.73
9381.201870679855,0.00027082776,0.01166414,928,0.71
9392.367426395416,0.00027082776,0.015445104,929,0.69
9401.069772005081,0.00027082776,0.00844804,930,0.71
9407.52310371399,0.00027082776,0.01629451,931,0.7
9415.921580314636,0.00027082776,0.21366177,932,0.61
9426.925943613052,0.00027082776,0.32448056,933,0.66
9433.586342096329,0.00027082776,0.14303696,934,0.71
9444.824901103973,0.00027082776,0.035263903,935,0.71
9455.912576675415,0.00027082776,0.014225698,936,0.7
9467.20273399353,0.00027082776,0.011512534,937,0.69
9474.813127279282,0.00027082776,0.011778231,938,0.71
9485.461403131485,0.00027082776,0.011962199,939,0.72
9496.689054250717,0.00027082776,0.031527143,940,0.71
9507.435984134674,0.00027082776,0.0065544858,941,0.7
9515.29073548317,0.00027082776,0.005519843,942,0.71
9523.286188364029,0.00027082776,0.011564471,943,0.7
9531.833062648773,0.00027082776,0.007162065,944,0.72
9543.22896528244,0.00027082776,0.004689824,945,0.7
9554.433672904968,0.00027082776,0.003511454,946,0.7
9562.370638847351,0.00027082776,0.007612486,947,0.72
9569.75614643097,0.00027082776,0.011640108,948,0.72
9580.633201599121,0.00027082776,0.0107562225,949,0.74
9592.003065109253,0.00027082776,0.007243494,950,0.72
9599.755375385284,0.00025186982,0.025316052,951,0.73
9607.483466148376,0.00025186982,0.0038225688,952,0.72
9617.907074928284,0.00025186982,0.01131295,953,0.73
9628.619813680649,0.00025186982,0.003521728,954,0.71
9639.676886320114,0.00025186982,0.025246061,955,0.72
9650.399744272232,0.00025186982,0.009278879,956,0.73
9661.383949279785,0.00025186982,0.020811701,957,0.71
9672.077038049698,0.00025186982,0.015163383,958,0.69
9682.891124486923,0.00025186982,0.0037712748,959,0.72
9693.638858556747,0.00025186982,0.006696508,960,0.72
9701.632025241852,0.00025186982,0.005032397,961,0.72
9712.46187877655,0.00025186982,0.0043727667,962,0.72
9723.379118919373,0.00025186982,0.0069684316,963,0.71
9732.429822206497,0.00025186982,0.008843842,964,0.69
9743.469131231308,0.00025186982,0.04925218,965,0.72
9751.386170387268,0.00025186982,0.018693428,966,0.68
9762.433068990707,0.00025186982,0.04695945,967,0.69
9773.112694263458,0.00025186982,0.10310257,968,0.6
9779.238855838776,0.00025186982,0.32145697,969,0.72
9790.320145606995,0.00025186982,0.095076315,970,0.72
9800.786545753479,0.00025186982,0.018003847,971,0.72
9812.179498672485,0.00025186982,0.03160362,972,0.74
9823.198247432709,0.00025186982,0.0068364087,973,0.71
9833.9443795681,0.00025186982,0.0044998117,974,0.72
9842.188041687012,0.00025186982,0.006549389,975,0.72
9850.63688659668,0.00025186982,0.004205073,976,0.72
9861.35292673111,0.00025186982,0.007973252,977,0.72
9872.770419836044,0.00025186982,0.002803859,978,0.71
9883.463935136795,0.00025186982,0.0051680105,979,0.73
9894.262382268906,0.00025186982,0.0074014794,980,0.73
9901.963366746902,0.00025186982,0.003956697,981,0.71
9912.701313257217,0.00025186982,0.006608972,982,0.72
9923.783512353897,0.00025186982,0.010706954,983,0.69
9934.586728334427,0.00025186982,0.010469457,984,0.7
9945.73107457161,0.00025186982,0.025448674,985,0.72
9953.706596374512,0.00025186982,0.0020395094,986,0.7
9964.853189468384,0.00025186982,0.0034269874,987,0.7
9973.135526657104,0.00025186982,0.004670222,988,0.7
9981.386190414429,0.00025186982,0.0042584264,989,0.7
9989.257145404816,0.00025186982,0.0053178202,990,0.72
10000.391859531403,0.00025186982,0.0048009376,991,0.71
10008.67194724083,0.00025186982,0.0050456002,992,0.69
10019.852757692337,0.00025186982,0.0146343075,993,0.71
10031.140612363815,0.00025186982,0.008462039,994,0.7
10042.056553125381,0.00025186982,0.0045783883,995,0.72
10053.013639688492,0.00025186982,0.0023972099,996,0.7
10064.074980020523,0.00025186982,0.0027772128,997,0.71
10075.284590482712,0.00025186982,0.0021806746,998,0.73
10083.076727867126,0.00025186982,0.0105864545,999,0.71
10093.923174619675,0.00025186982,0.016678046,1000,0.72
10102.479669094086,0.00023423892,0.013811269,1001,0.73
10113.30808520317,0.00023423892,0.0038503692,1002,0.73
10124.110605716705,0.00023423892,0.01826589,1003,0.7
10135.130915403366,0.00023423892,0.0036000188,1004,0.72
10146.154834270477,0.00023423892,0.008148919,1005,0.7
10157.031649589539,0.00023423892,0.004223329,1006,0.72
10168.002521038055,0.00023423892,0.0076197744,1007,0.72
10176.168436527252,0.00023423892,0.010400981,1008,0.76
10187.037233829498,0.00023423892,0.0012005401,1009,0.71
10197.974747657776,0.00023423892,0.0064930404,1010,0.73
10208.883998394012,0.00023423892,0.0073715923,1011,0.69
10219.715022802353,0.00023423892,0.0044518537,1012,0.73
10230.307757854462,0.00023423892,0.0027855905,1013,0.73
10241.417159080505,0.00023423892,0.0037635667,1014,0.73
10249.316385507584,0.00023423892,0.0038025547,1015,0.71
10260.88811993599,0.00023423892,0.0054207086,1016,0.74
10271.716930150986,0.00023423892,0.0051184683,1017,0.74
10282.695561885834,0.00023423892,0.0024494217,1018,0.75
10291.212039232254,0.00023423892,0.0047325003,1019,0.73
10299.07686328888,0.00023423892,0.012716505,1020,0.74
10309.93206357956,0.00023423892,0.0017220216,1021,0.72
10320.97372341156,0.00023423892,0.0021697031,1022,0.72
10328.932636260986,0.00023423892,0.0045890515,1023,0.73
10339.518647670746,0.00023423892,0.008910357,1024,0.67
10348.264998197556,0.00023423892,0.0640665,1025,0.71
10359.418086767197,0.00023423892,0.236901,1026,0.65
10365.429155349731,0.00023423892,0.12295887,1027,0.75
10376.320524692535,0.00023423892,0.072836794,1028,0.71
10387.782144069672,0.00023423892,0.015610139,1029,0.73
10395.798670768738,0.00023423892,0.001976678,1030,0.72
10406.999542713165,0.00023423892,0.00615609,1031,0.73
10417.596376895905,0.00023423892,0.026607037,1032,0.73
10423.818502426147,0.00023423892,0.005326145,1033,0.73
10435.095649719238,0.00023423892,0.0043300125,1034,0.74
10443.083977937698,0.00023423892,0.0022799058,1035,0.74
10453.801317453384,0.00023423892,0.013020895,1036,0.74
10464.743609428406,0.00023423892,0.0026991726,1037,0.74
10470.844444990158,0.00023423892,0.002628886,1038,0.74
10481.745519638062,0.00023423892,0.0022586258,1039,0.73
10492.438164949417,0.00023423892,0.0033456471,1040,0.72
10503.671635627747,0.00023423892,0.008724599,1041,0.74
10511.70663022995,0.00023423892,0.012084306,1042,0.72
10523.103927612305,0.00023423892,0.0043877363,1043,0.72
10531.228621006012,0.00023423892,0.0256852,1044,0.73
10538.713086366653,0.00023423892,0.0035271498,1045,0.72
10549.429301261902,0.00023423892,0.004489594,1046,0.73
10560.397933959961,0.00023423892,0.0051870965,1047,0.73
10568.128319263458,0.00023423892,0.0061243484,1048,0.71
10579.468851089478,0.00023423892,0.002970663,1049,0.72
10587.333195447922,0.00023423892,0.011717427,1050,0.72
10595.85957121849,0.0002178422,0.0076874457,1051,0.71
10607.135641098022,0.0002178422,0.004051605,1052,0.73
10618.542701721191,0.0002178422,0.001583647,1053,0.73
10626.823576688766,0.0002178422,0.0035201677,1054,0.72
10637.1292116642,0.0002178422,0.003810632,1055,0.72
10647.87062573433,0.0002178422,0.0028339538,1056,0.72
10656.140128850937,0.0002178422,0.009144774,1057,0.72
10664.316534280777,0.0002178422,0.0009806921,1058,0.71
10675.411848306656,0.0002178422,0.0058317357,1059,0.71
10686.464920759201,0.0002178422,0.0037146574,1060,0.7
10697.549188137054,0.0002178422,0.023630038,1061,0.72
10709.326311588287,0.0002178422,0.013383985,1062,0.7
10720.499331712723,0.0002178422,0.0025645313,1063,0.7
10731.358831644058,0.0002178422,0.007540958,1064,0.68
10742.17983341217,0.0002178422,0.031635936,1065,0.74
10752.848447084427,0.0002178422,0.014785658,1066,0.7
10764.58492231369,0.0002178422,0.0006639864,1067,0.7
10775.59677696228,0.0002178422,0.0036281862,1068,0.74
10786.6208589077,0.0002178422,0.004900483,1069,0.75
10797.822725057602,0.0002178422,0.018885028,1070,0.74
10809.17714214325,0.0002178422,0.009139611,1071,0.74
10820.135731220245,0.0002178422,0.0017044721,1072,0.76
10827.759423494339,0.0002178422,0.0015305694,1073,0.72
10835.07897734642,0.0002178422,0.0027957351,1074,0.74
10846.089480400085,0.0002178422,0.0006850316,1075,0.73
10854.093270540237,0.0002178422,0.002111048,1076,0.75
10864.713457107544,0.0002178422,0.013017102,1077,0.7
10873.24598455429,0.0002178422,0.012070824,1078,0.7
10884.262510538101,0.0002178422,0.020229034,1079,0.72
10892.60291981697,0.0002178422,0.012313356,1080,0.71
10900.75912475586,0.0002178422,0.0039011922,1081,0.69
10908.533400058746,0.0002178422,0.0030370443,1082,0.71
10919.102920770645,0.0002178422,0.004133599,1083,0.7
10929.79254579544,0.0002178422,0.0022700848,1084,0.73
10937.75910449028,0.0002178422,0.007598518,1085,0.74
10946.089382886887,0.0002178422,0.0039603245,1086,0.72
10954.163032531738,0.0002178422,0.0028302355,1087,0.69
10965.385089635849,0.0002178422,0.0062776813,1088,0.71
10973.143980264664,0.0002178422,0.050092805,1089,0.74
10981.324999332428,0.0002178422,0.007677133,1090,0.75
10992.068974494934,0.0002178422,0.0026849406,1091,0.74
11002.800447940826,0.0002178422,0.0048211436,1092,0.75
11011.241430282593,0.0002178422,0.0057189297,1093,0.7
11018.976657152176,0.0002178422,0.0029722224,1094,0.73
11029.518795490265,0.0002178422,0.0016687862,1095,0.69
11037.639397144318,0.0002178422,0.00091328076,1096,0.71
11048.976526498795,0.0002178422,0.0037445817,1097,0.72
11059.493867635727,0.0002178422,0.0008446232,1098,0.73
11070.617452144623,0.0002178422,0.0020360718,1099,0.75
11079.463739871979,0.0002178422,0.0007330994,1100,0.75
11090.222724199295,0.00020259325,0.0127737075,1101,0.74
11100.881657123566,0.00020259325,0.0034875036,1102,0.74
11108.8325111866,0.00020259325,0.0015604238,1103,0.75
11119.543557882309,0.00020259325,0.0019165986,1104,0.74
11127.081982851028,0.00020259325,0.007829728,1105,0.76
11137.765550851822,0.00020259325,0.010196536,1106,0.75
11148.431090831757,0.00020259325,0.004065834,1107,0.71
11159.832772731781,0.00020259325,0.0038262843,1108,0.7
11170.919719457626,0.00020259325,0.002670854,1109,0.71
11181.432793855667,0.00020259325,0.00091504905,1110,0.7
11189.400373220444,0.00020259325,0.00837212,1111,0.7
11198.084144830704,0.00020259325,0.013344141,1112,0.7
11206.500678777695,0.00020259325,0.0040921876,1113,0.72
11217.68257689476,0.00020259325,0.001253856,1114,0.76
11229.005668878555,0.00020259325,0.004090772,1115,0.71
11239.903603076935,0.00020259325,0.0005504408,1116,0.7
11248.056625366211,0.00020259325,0.022298375,1117,0.71
11259.217329740524,0.00020259325,0.036230166,1118,0.72
11266.74802184105,0.00020259325,0.0036260767,1119,0.73
11278.137968540192,0.00020259325,0.005501009,1120,0.73
11284.654581546783,0.00020259325,0.024651064,1121,0.71
11292.55870437622,0.00020259325,0.0009073545,1122,0.72
11303.444235801697,0.00020259325,0.008927976,1123,0.74
11311.504882097244,0.00020259325,0.003919779,1124,0.7
11319.206998586655,0.00020259325,0.009068099,1125,0.68
11327.483124494553,0.00020259325,0.07289714,1126,0.7
11338.870082855225,0.00020259325,0.02039671,1127,0.72
11349.5528049469,0.00020259325,0.012196601,1128,0.73
11360.5100710392,0.00020259325,0.005121439,1129,0.74
11371.12138080597,0.00020259325,0.006304903,1130,0.74
11382.000542402267,0.00020259325,0.008087216,1131,0.72
11392.25353717804,0.00020259325,0.006059592,1132,0.71
11403.321070194244,0.00020259325,0.0062776897,1133,0.7
11413.67923116684,0.00020259325,0.004705345,1134,0.71
11424.751175642014,0.00020259325,0.009007709,1135,0.73
11435.623279333115,0.00020259325,0.009194045,1136,0.72
11446.266454935074,0.00020259325,0.002700083,1137,0.72
11454.707098007202,0.00020259325,0.00092492515,1138,0.73
11466.214519500732,0.00020259325,0.0010484282,1139,0.72
11474.446142911911,0.00020259325,0.0024471444,1140,0.74
11485.33210682869,0.00020259325,0.002396397,1141,0.72
11491.790153741837,0.00020259325,0.0023162053,1142,0.75
11502.076876401901,0.00020259325,0.0052116574,1143,0.73
11512.829853534698,0.00020259325,0.007396135,1144,0.73
11523.95237994194,0.00020259325,0.006419546,1145,0.74
11531.770591497421,0.00020259325,0.023314305,1146,0.71
11542.859068870544,0.00020259325,0.011897377,1147,0.73
11553.570630788803,0.00020259325,0.0065453677,1148,0.72
11564.729619264603,0.00020259325,0.009084709,1149,0.73
11575.632197380066,0.00020259325,0.004593599,1150,0.72
11583.2038834095,0.00018841172,0.0025626933,1151,0.69
11594.156842708588,0.00018841172,0.0046383264,1152,0.72
11604.698795557022,0.00018841172,0.0027223618,1153,0.7
11612.446712493896,0.00018841172,0.0011522502,1154,0.71
11623.166924476624,0.00018841172,0.0031182934,1155,0.72
11631.160217285156,0.00018841172,0.0019633546,1156,0.7
11642.053913593292,0.00018841172,0.0040970794,1157,0.74
11653.074751138687,0.00018841172,0.0005682855,1158,0.72
11663.657269954681,0.00018841172,0.0018056965,1159,0.71
11674.561764001846,0.00018841172,0.001174895,1160,0.73
11685.987185716629,0.00018841172,0.0012289927,1161,0.69
11697.009964942932,0.00018841172,0.01576077,1162,0.73
11705.383582830429,0.00018841172,0.0056344704,1163,0.72
11716.775947332382,0.00018841172,0.0032989094,1164,0.7
11727.908458948135,0.00018841172,0.00097008544,1165,0.69
11736.157441854477,0.00018841172,0.0011879171,1166,0.71
11747.497542619705,0.00018841172,0.0038965207,1167,0.72
11758.360608577728,0.00018841172,0.008889665,1168,0.72
11764.70871925354,0.00018841172,0.0013040359,1169,0.72
11772.653349876404,0.00018841172,0.009387884,1170,0.68
11783.843105316162,0.00018841172,0.0038462374,1171,0.69
11794.430204868317,0.00018841172,0.013673088,1172,0.67
11802.64293551445,0.00018841172,0.002219569,1173,0.72
11813.724896907806,0.00018841172,0.0054186876,1174,0.72
11821.85210442543,0.00018841172,0.004283232,1175,0.74
11832.175726413727,0.00018841172,0.006069287,1176,0.72
11838.567150354385,0.00018841172,0.0017109683,1177,0.74
11849.3936419487,0.00018841172,0.007922702,1178,0.72
11860.456034183502,0.00018841172,0.0012592031,1179,0.72
11868.312542438507,0.00018841172,0.001755133,1180,0.72
11876.650710344315,0.00018841172,0.0043348134,1181,0.72
11887.25786447525,0.00018841172,0.0014726103,1182,0.69
11898.172604322433,0.00018841172,0.0013147533,1183,0.71
11909.216034889221,0.00018841172,0.0017641896,1184,0.73
11920.330552339554,0.00018841172,0.0008701871,1185,0.7
11931.114781618118,0.00018841172,0.0026145107,1186,0.7
11939.07696890831,0.00018841172,0.0014243659,1187,0.68
11947.458540439606,0.00018841172,0.0041969647,1188,0.72
11958.637678861618,0.00018841172,0.0015594863,1189,0.69
11970.313229322433,0.00018841172,0.024838476,1190,0.72
11981.342558860779,0.00018841172,0.003163619,1191,0.69
11992.248635292053,0.00018841172,0.032180987,1192,0.71
12000.172514677048,0.00018841172,0.001811972,1193,0.7
12008.41380405426,0.00018841172,0.004121084,1194,0.74
12019.29756474495,0.00018841172,0.0071683945,1195,0.69
12029.784318208694,0.00018841172,0.0036132385,1196,0.68
12041.314251184464,0.00018841172,0.0013033854,1197,0.69
12052.153721809387,0.00018841172,0.0019472067,1198,0.73
12060.077002286911,0.00018841172,0.0011824034,1199,0.72
12068.06263756752,0.00018841172,0.0018885101,1200,0.73
12078.801528453827,0.0001752229,0.0059545385,1201,0.72
12089.386810064316,0.0001752229,0.0065874737,1202,0.71
12100.546780109406,0.0001752229,0.013286855,1203,0.71
12108.185961008072,0.0001752229,0.0045299083,1204,0.72
12119.275081396103,0.0001752229,0.004771006,1205,0.71
12130.233752012253,0.0001752229,0.0022163775,1206,0.71
12138.25451874733,0.0001752229,0.003471785,1207,0.71
12149.18409872055,0.0001752229,0.00095843535,1208,0.75
12160.143043756485,0.0001752229,0.0018123105,1209,0.72
12171.283032178879,0.0001752229,0.0010701986,1210,0.73
12179.365092515945,0.0001752229,0.0010920484,1211,0.74
12190.391039133072,0.0001752229,0.0013673677,1212,0.73
12201.699958324432,0.0001752229,0.0012371155,1213,0.69
12212.336344242096,0.0001752229,0.018808678,1214,0.71
12223.361614227295,0.0001752229,0.0003639038,1215,0.71
12232.00275850296,0.0001752229,0.0010535276,1216,0.71
12240.228102684021,0.0001752229,0.006697719,1217,0.7
12248.1897149086,0.0001752229,0.0056168004,1218,0.71
12259.682512760162,0.0001752229,0.0006585043,1219,0.73
12270.518984556198,0.0001752229,0.00983628,1220,0.72
12281.779769897461,0.0001752229,0.0022772083,1221,0.71
12292.223718643188,0.0001752229,0.0018140444,1222,0.7
12300.011791944504,0.0001752229,0.0009717217,1223,0.71
12310.563953876495,0.0001752229,0.00060002407,1224,0.69
12321.083764314651,0.0001752229,0.0014103004,1225,0.73
12328.999348402023,0.0001752229,0.0017603307,1226,0.72
12337.058964014053,0.0001752229,0.0014233361,1227,0.69
12348.21406841278,0.0001752229,0.03005357,1228,0.7
12356.033339738846,0.0001752229,0.0016306124,1229,0.7
12364.11718583107,0.0001752229,0.0024401967,1230,0.69
12372.80716252327,0.0001752229,0.0022504746,1231,0.72
