time,step,loss,learning_rate,accuracy
4.020212411880493,1,3.0010376,0.001,0.046875
4.248430490493774,2,3.0978403,0.001,0.09375
4.515285015106201,3,3.0411725,0.001,0.140625
4.764512538909912,4,2.9507642,0.001,0.0859375
5.03019118309021,5,3.0871348,0.001,0.0859375
5.297012090682983,6,3.0451994,0.001,0.140625
5.548583030700684,7,3.0616832,0.001,0.1171875
5.804369688034058,8,3.0224204,0.001,0.09375
6.047628879547119,9,2.9886062,0.001,0.1015625
6.3010547161102295,10,2.9963484,0.001,0.09375
6.55830717086792,11,2.9824097,0.001,0.15625
6.814563512802124,12,2.8249822,0.001,0.1484375
7.071819067001343,13,2.913907,0.001,0.125
7.314427137374878,14,3.0077446,0.001,0.1484375
7.575617551803589,15,2.8951175,0.001,0.1796875
7.822250127792358,16,2.6917958,0.001,0.171875
8.075505256652832,17,2.947361,0.001,0.125
8.322092056274414,18,2.9949012,0.001,0.1484375
8.573041915893555,19,2.979055,0.001,0.0703125
8.825687885284424,20,2.8513381,0.001,0.1484375
9.076039791107178,21,2.7730722,0.001,0.0703125
9.349077701568604,22,2.9075413,0.001,0.109375
9.606332302093506,23,2.7548022,0.001,0.1015625
9.861900568008423,24,2.6891832,0.001,0.1484375
10.110038995742798,25,2.7494752,0.001,0.109375
10.369001150131226,26,2.6855102,0.001,0.109375
10.619016885757446,27,2.7679486,0.001,0.109375
10.8737473487854,28,2.7338448,0.001,0.0625
11.129610300064087,29,2.5859737,0.001,0.09375
11.385632038116455,30,2.7083623,0.001,0.125
11.6336030960083,31,2.8515806,0.001,0.1328125
11.89318561553955,32,2.8843598,0.001,0.046875
12.141369104385376,33,2.8556666,0.001,0.078125
12.393782615661621,34,2.757416,0.001,0.0625
12.654159545898438,35,2.6888025,0.001,0.109375
12.916639804840088,36,2.666902,0.001,0.0859375
13.160107851028442,37,2.6339943,0.001,0.078125
13.414660215377808,38,2.5622497,0.001,0.0703125
13.67514705657959,39,2.7209096,0.001,0.09375
13.933637857437134,40,2.583436,0.001,0.078125
14.180687189102173,41,2.674765,0.001,0.1171875
14.441760063171387,42,2.6271958,0.001,0.1015625
14.69490671157837,43,2.7117202,0.001,0.125
14.944595575332642,44,2.6339345,0.001,0.0625
15.20198106765747,45,2.4731846,0.001,0.109375
15.460684537887573,46,2.4616084,0.001,0.0859375
15.719072103500366,47,2.5523198,0.001,0.1015625
15.956979036331177,48,2.5763278,0.001,0.09375
16.216392517089844,49,2.5124102,0.001,0.15625
16.47326922416687,50,2.5862517,0.001,0.109375
16.726207494735718,51,2.6588078,0.001,0.046875
16.99129009246826,52,2.6243672,0.001,0.0703125
17.232505321502686,53,2.767088,0.001,0.125
17.497352600097656,54,2.5857785,0.001,0.1015625
17.749284744262695,55,2.4066432,0.001,0.1640625
17.993289947509766,56,2.5399988,0.001,0.1328125
18.253127098083496,57,2.5195045,0.001,0.109375
18.507078409194946,58,2.426888,0.001,0.1171875
18.76069474220276,59,2.5346541,0.001,0.09375
19.01302194595337,60,2.5833492,0.001,0.1640625
19.27243709564209,61,2.491571,0.001,0.1171875
19.540157318115234,62,2.4357028,0.001,0.078125
19.784696102142334,63,2.6086035,0.001,0.125
20.03489112854004,64,2.5207505,0.001,0.0859375
20.28460121154785,65,2.3596091,0.001,0.1171875
20.539910078048706,66,2.469518,0.001,0.1484375
20.79013729095459,67,2.4756181,0.001,0.09375
21.04067039489746,68,2.39638,0.001,0.1640625
21.28902506828308,69,2.4063163,0.001,0.1328125
21.539794206619263,70,2.6055717,0.001,0.078125
21.7946515083313,71,2.517252,0.001,0.15625
22.051113843917847,72,2.4161232,0.001,0.1015625
22.295763731002808,73,2.298307,0.001,0.1171875
22.564185857772827,74,2.4493065,0.001,0.1328125
22.806591987609863,75,2.4470913,0.001,0.125
23.05591130256653,76,2.600222,0.001,0.109375
23.31651759147644,77,2.4382725,0.001,0.1015625
23.563623428344727,78,2.428766,0.001,0.0859375
23.825120210647583,79,2.5550656,0.001,0.15625
24.077446460723877,80,2.4297037,0.001,0.1953125
24.341521978378296,81,2.388308,0.001,0.1171875
24.597843647003174,82,2.5092165,0.001,0.1328125
24.851346492767334,83,2.4489326,0.001,0.1328125
25.104631423950195,84,2.4611359,0.001,0.1015625
25.362210512161255,85,2.4922976,0.001,0.125
25.615718126296997,86,2.3460522,0.001,0.15625
25.867406606674194,87,2.4227695,0.001,0.1328125
26.11412739753723,88,2.5868196,0.001,0.140625
26.3725688457489,89,2.5489025,0.001,0.125
26.60775351524353,90,2.4304519,0.001,0.109375
26.862786293029785,91,2.4721,0.001,0.1015625
27.123852252960205,92,2.5136752,0.001,0.1640625
27.376579999923706,93,2.3547926,0.001,0.140625
27.623820543289185,94,2.4927545,0.001,0.1328125
27.862786769866943,95,2.2599907,0.001,0.140625
28.13102674484253,96,2.43891,0.001,0.140625
28.386529684066772,97,2.2919443,0.001,0.0546875
28.652775764465332,98,2.3699656,0.001,0.1328125
28.914757251739502,99,2.3622937,0.001,0.1171875
29.161203145980835,100,2.4141796,0.001,0.125
29.417934894561768,101,2.3811908,0.001,0.1640625
29.67787194252014,102,2.2954702,0.001,0.125
29.926541805267334,103,2.4198065,0.001,0.1328125
30.178649425506592,104,2.157608,0.001,0.1796875
30.419291734695435,105,2.354971,0.001,0.171875
30.674418687820435,106,2.4220254,0.001,0.15625
30.925482034683228,107,2.2773733,0.001,0.1953125
31.189970016479492,108,2.3401654,0.001,0.1328125
31.43403720855713,109,2.2579963,0.001,0.171875
31.673536777496338,110,2.4003506,0.001,0.15625
31.943779706954956,111,2.3801749,0.001,0.1796875
32.19167137145996,112,2.4234238,0.001,0.09375
32.45877408981323,113,2.3528357,0.001,0.171875
32.71571159362793,114,2.3109865,0.001,0.15625
32.97227501869202,115,2.3485794,0.001,0.171875
33.22723579406738,116,2.269147,0.001,0.234375
33.493640422821045,117,2.4171247,0.001,0.1640625
33.755170822143555,118,2.2067928,0.001,0.1484375
34.02071404457092,119,2.3763523,0.001,0.1953125
34.26700949668884,120,2.4375987,0.001,0.1953125
34.520751953125,121,2.3749666,0.001,0.125
34.79511833190918,122,2.3214884,0.001,0.1171875
35.04083490371704,123,2.4261627,0.001,0.140625
35.3031485080719,124,2.3147025,0.001,0.15625
35.557838916778564,125,2.4250352,0.001,0.1328125
35.817301511764526,126,2.3094163,0.001,0.140625
36.078938484191895,127,2.3491383,0.001,0.2421875
36.32136654853821,128,2.1612673,0.001,0.15625
36.56473517417908,129,2.2754526,0.001,0.15625
36.809653997421265,130,2.302599,0.001,0.1015625
37.06291341781616,131,2.2411957,0.001,0.1640625
37.32483172416687,132,2.290945,0.001,0.1484375
37.56735134124756,133,2.4006805,0.001,0.2109375
37.82953381538391,134,2.4145122,0.001,0.171875
38.07659339904785,135,2.2537115,0.001,0.1640625
38.336342573165894,136,2.3225193,0.001,0.125
38.593969106674194,137,2.2216692,0.001,0.078125
38.85733509063721,138,2.199273,0.001,0.1640625
39.10717749595642,139,2.4360385,0.001,0.15625
39.36841869354248,140,2.3051348,0.001,0.09375
39.611485719680786,141,2.1505418,0.001,0.15625
39.86802816390991,142,2.1207385,0.001,0.15625
40.11517643928528,143,2.3715558,0.001,0.1640625
40.36257719993591,144,2.1777568,0.001,0.15625
40.61966800689697,145,2.1719103,0.001,0.1328125
40.871363162994385,146,2.2223988,0.001,0.1484375
41.137831687927246,147,2.1602151,0.001,0.1640625
41.38374733924866,148,2.120407,0.001,0.109375
41.63595962524414,149,2.0756721,0.001,0.1171875
41.90491437911987,150,2.1941273,0.001,0.15625
42.15949535369873,151,2.212123,0.001,0.1328125
42.41398048400879,152,2.3395438,0.001,0.1484375
42.669790506362915,153,2.1093433,0.001,0.140625
42.93890166282654,154,2.2246838,0.001,0.1484375
43.18127155303955,155,2.2399037,0.001,0.09375
43.43265461921692,156,2.223347,0.001,0.109375
43.697773933410645,157,2.365484,0.001,0.1796875
43.950714349746704,158,2.2122674,0.001,0.1796875
44.203070402145386,159,2.1424608,0.001,0.109375
44.45728516578674,160,2.2523556,0.001,0.1484375
44.705511808395386,161,2.2153702,0.001,0.1171875
44.95814061164856,162,2.0232825,0.001,0.1171875
45.1956090927124,163,2.2739956,0.001,0.1171875
45.45249915122986,164,2.0387957,0.001,0.1484375
45.70451354980469,165,2.2077308,0.001,0.1484375
45.95053839683533,166,2.16644,0.001,0.140625
46.19611215591431,167,2.1147144,0.001,0.1328125
46.44604563713074,168,2.184044,0.001,0.1171875
46.70368933677673,169,2.3084235,0.001,0.0859375
46.95593023300171,170,2.1332684,0.001,0.1328125
47.2232563495636,171,2.19037,0.001,0.140625
47.46747803688049,172,2.0624433,0.001,0.15625
47.7035927772522,173,2.3325362,0.001,0.140625
47.96764087677002,174,2.2247498,0.001,0.15625
48.2153160572052,175,2.317483,0.001,0.1171875
48.48187851905823,176,2.027235,0.001,0.125
48.7460823059082,177,2.2987452,0.001,0.15625
48.99279165267944,178,2.082687,0.001,0.140625
49.25225615501404,179,2.1917827,0.001,0.1796875
49.51207494735718,180,2.2216754,0.001,0.125
49.78023433685303,181,2.1377504,0.001,0.1640625
50.044835329055786,182,2.1412315,0.001,0.125
50.30524039268494,183,2.2116508,0.001,0.09375
50.55693078041077,184,2.1605675,0.001,0.1796875
50.83190321922302,185,2.0745158,0.001,0.140625
51.08650755882263,186,2.2395883,0.001,0.15625
51.3475387096405,187,2.2501185,0.001,0.1796875
51.6030535697937,188,2.2023497,0.001,0.1015625
51.85345959663391,189,2.2294524,0.001,0.140625
52.107929706573486,190,2.1936965,0.001,0.109375
52.359830141067505,191,2.0601482,0.001,0.1796875
52.62348961830139,192,2.2123103,0.001,0.171875
52.8686249256134,193,2.14371,0.001,0.15625
53.136143922805786,194,2.1717625,0.001,0.1640625
53.39033389091492,195,2.0881038,0.001,0.0859375
53.65088891983032,196,2.0900278,0.001,0.109375
53.90294098854065,197,2.2348416,0.001,0.15625
54.154526233673096,198,2.229309,0.001,0.1484375
54.41611886024475,199,2.2008138,0.001,0.1328125
54.67192459106445,200,2.1150646,0.001,0.1640625
54.91609597206116,201,2.0088463,0.001,0.109375
55.188363552093506,202,2.1373172,0.001,0.1640625
55.4292938709259,203,2.1522222,0.001,0.0859375
55.69026041030884,204,2.1292014,0.001,0.1328125
55.94022083282471,205,2.1752105,0.001,0.15625
56.188074588775635,206,2.0792162,0.001,0.0859375
56.455931186676025,207,2.1638885,0.001,0.15625
56.705307722091675,208,2.0892396,0.001,0.1171875
56.95360255241394,209,2.2055225,0.001,0.1015625
57.205272912979126,210,2.1447074,0.001,0.15625
57.46683049201965,211,2.1648755,0.001,0.2265625
57.717905044555664,212,2.1295855,0.001,0.1328125
57.987401247024536,213,2.3473868,0.001,0.140625
58.241339445114136,214,2.2491086,0.001,0.1328125
58.503299951553345,215,2.2914715,0.001,0.1171875
58.74300026893616,216,2.2022436,0.001,0.2109375
59.00253367424011,217,2.0850942,0.001,0.1796875
59.245914459228516,218,2.0470328,0.001,0.109375
59.500399589538574,219,2.2863755,0.001,0.1875
59.75133728981018,220,1.9518617,0.001,0.1796875
59.99578261375427,221,2.1139088,0.001,0.171875
60.24789357185364,222,2.1939182,0.001,0.1640625
60.50423741340637,223,1.9968405,0.001,0.125
60.74725961685181,224,2.0514226,0.001,0.21875
61.00076389312744,225,2.1594546,0.001,0.1328125
61.26653528213501,226,2.0344157,0.001,0.109375
61.518656730651855,227,2.1432347,0.001,0.1484375
61.782875776290894,228,2.0164113,0.001,0.1640625
62.0279655456543,229,1.9196191,0.001,0.1328125
62.28828144073486,230,2.1037583,0.001,0.1171875
62.54100012779236,231,2.14221,0.001,0.171875
62.80774712562561,232,1.9380062,0.001,0.1484375
63.049378871917725,233,1.9834952,0.001,0.1171875
63.30276417732239,234,2.0858433,0.001,0.109375
63.570228576660156,235,2.1139255,0.001,0.1171875
63.812891483306885,236,2.0809002,0.001,0.203125
64.06653475761414,237,1.9379957,0.001,0.2109375
64.31636595726013,238,2.1103818,0.001,0.1640625
64.56783652305603,239,2.108585,0.001,0.1484375
64.83213782310486,240,2.1082351,0.001,0.1796875
65.08748769760132,241,2.118494,0.001,0.1484375
65.34282946586609,242,2.082543,0.001,0.140625
65.60218834877014,243,2.0249848,0.001,0.171875
65.85209941864014,244,2.1249137,0.001,0.203125
66.11773324012756,245,2.1762443,0.001,0.15625
66.35935091972351,246,2.083295,0.001,0.140625
66.61087417602539,247,1.9930587,0.001,0.1015625
66.8717212677002,248,2.005011,0.001,0.1015625
67.12429547309875,249,1.9829168,0.001,0.171875
67.39596319198608,250,2.0584135,0.001,0.171875
67.65086030960083,251,2.1295247,0.001,0.1796875
67.91608691215515,252,1.9260819,0.001,0.109375
68.17180681228638,253,2.2145205,0.001,0.171875
68.42109155654907,254,1.9752414,0.001,0.1875
68.66918396949768,255,2.1420207,0.001,0.1640625
68.92570543289185,256,2.0017233,0.001,0.2265625
69.17638421058655,257,2.1081252,0.001,0.1484375
69.41631746292114,258,2.0954545,0.001,0.1328125
69.67029356956482,259,2.2086205,0.001,0.1953125
69.92690396308899,260,2.2252955,0.001,0.1875
70.17426657676697,261,2.006516,0.001,0.140625
70.43540644645691,262,2.094341,0.001,0.1875
70.69328451156616,263,2.1409469,0.001,0.203125
70.97081780433655,264,2.0041816,0.001,0.171875
71.2309672832489,265,1.9696598,0.001,0.1796875
71.50554347038269,266,2.037955,0.001,0.1875
71.7471010684967,267,1.8857727,0.001,0.125
72.01644325256348,268,2.12917,0.001,0.1015625
72.27083802223206,269,2.0608191,0.001,0.203125
72.52017664909363,270,2.0966797,0.001,0.1640625
72.77900910377502,271,2.0729194,0.001,0.21875
73.02638912200928,272,2.0984945,0.001,0.21875
73.27525472640991,273,1.9884717,0.001,0.1328125
73.52305603027344,274,2.0902202,0.001,0.1796875
73.77228856086731,275,1.9185237,0.001,0.171875
74.02623462677002,276,2.0318303,0.001,0.21875
74.27967739105225,277,1.9280171,0.001,0.140625
74.53968167304993,278,1.9772608,0.001,0.171875
74.79283261299133,279,2.0815916,0.001,0.125
75.04259920120239,280,2.1767216,0.001,0.15625
75.28756904602051,281,2.0688531,0.001,0.2109375
75.53611660003662,282,2.012745,0.001,0.1484375
75.78687834739685,283,2.1131845,0.001,0.1796875
76.03353476524353,284,2.100916,0.001,0.1328125
76.29923129081726,285,2.016022,0.001,0.1796875
76.5403699874878,286,2.079133,0.001,0.140625
76.80179166793823,287,1.8986216,0.001,0.15625
77.06828808784485,288,2.0986953,0.001,0.203125
77.31721138954163,289,1.9543126,0.001,0.203125
77.57101464271545,290,2.042196,0.001,0.2109375
77.82679033279419,291,2.0965354,0.001,0.15625
78.0725588798523,292,2.078422,0.001,0.15625
78.30877137184143,293,2.1027396,0.001,0.15625
78.55699110031128,294,2.002962,0.001,0.171875
78.81497287750244,295,2.06266,0.001,0.1640625
79.06809306144714,296,2.0333693,0.001,0.171875
79.31731796264648,297,2.0536876,0.001,0.203125
79.57259726524353,298,2.0908747,0.001,0.15625
79.82043552398682,299,1.933155,0.001,0.1796875
80.06903767585754,300,2.1256046,0.001,0.203125
80.32155799865723,301,1.9551219,0.001,0.1875
80.5766806602478,302,2.0556388,0.001,0.1875
80.81486535072327,303,2.0927758,0.001,0.1875
81.07710862159729,304,1.9129142,0.001,0.109375
81.3324682712555,305,1.935257,0.001,0.1875
81.59331917762756,306,2.031921,0.001,0.1640625
81.84882974624634,307,1.8975012,0.001,0.171875
82.10275173187256,308,1.8201718,0.001,0.109375
82.3489761352539,309,2.0665412,0.001,0.1640625
82.60248804092407,310,1.9203548,0.001,0.140625
82.84927105903625,311,1.967504,0.001,0.1640625
83.09194779396057,312,2.0322232,0.001,0.1796875
83.34540581703186,313,2.1097958,0.001,0.125
83.60048365592957,314,1.9812117,0.001,0.234375
83.87109589576721,315,1.9469086,0.001,0.1953125
84.12244534492493,316,2.0402055,0.001,0.15625
84.37374138832092,317,1.9245859,0.001,0.2109375
84.6296923160553,318,2.1144142,0.001,0.203125
84.89550232887268,319,2.0390878,0.001,0.1640625
85.14786505699158,320,1.9346217,0.001,0.2109375
85.40417909622192,321,1.8736776,0.001,0.1796875
85.65680313110352,322,2.1028194,0.001,0.21875
85.92600178718567,323,1.9187819,0.001,0.2109375
86.17486786842346,324,2.0220094,0.001,0.203125
86.42221093177795,325,1.9211905,0.001,0.1640625
86.67466306686401,326,1.98088,0.001,0.1875
86.9224865436554,327,1.9587953,0.001,0.2421875
87.18105959892273,328,1.9953218,0.001,0.203125
87.44217205047607,329,1.9492626,0.001,0.1328125
87.67737054824829,330,1.9303957,0.001,0.1484375
87.93991351127625,331,1.9874936,0.001,0.2109375
88.18771314620972,332,1.9948545,0.001,0.2265625
88.44241833686829,333,1.9677944,0.001,0.1796875
88.70577621459961,334,2.0756373,0.001,0.234375
88.96390175819397,335,1.8999527,0.001,0.21875
89.21763229370117,336,2.0699804,0.001,0.265625
89.47741389274597,337,1.9671364,0.001,0.171875
89.7223572731018,338,1.923459,0.001,0.2578125
89.98438024520874,339,2.082544,0.001,0.15625
90.23833394050598,340,1.8380195,0.001,0.1875
90.47760081291199,341,1.8887589,0.001,0.21875
90.74529910087585,342,1.9622588,0.001,0.203125
90.98939847946167,343,1.9940345,0.001,0.15625
91.24942994117737,344,1.9199136,0.001,0.2265625
91.50289011001587,345,2.0089881,0.001,0.21875
91.74413681030273,346,2.0396876,0.001,0.15625
92.00408172607422,347,1.9708879,0.001,0.171875
92.24961709976196,348,2.0013838,0.001,0.171875
92.50395727157593,349,2.0077913,0.001,0.1875
92.75314545631409,350,1.9944407,0.001,0.28125
93.02068543434143,351,1.8740411,0.001,0.1640625
93.2802939414978,352,1.990844,0.001,0.2421875
93.53720760345459,353,1.9452491,0.001,0.1875
93.79127526283264,354,1.8923466,0.001,0.2265625
94.05434894561768,355,1.8544993,0.001,0.1796875
94.3208978176117,356,1.9112688,0.001,0.15625
94.58007621765137,357,2.0245097,0.001,0.1796875
94.82802534103394,358,1.8290253,0.001,0.171875
95.08605575561523,359,1.8580443,0.001,0.234375
95.3451476097107,360,2.0193365,0.001,0.1796875
95.58495712280273,361,1.942697,0.001,0.1796875
95.84366798400879,362,1.9271128,0.001,0.1640625
96.10322761535645,363,1.9610538,0.001,0.1796875
96.36137056350708,364,1.9711671,0.001,0.1796875
96.62443208694458,365,1.9834679,0.001,0.1953125
96.89891910552979,366,1.9803598,0.001,0.21875
97.17013192176819,367,1.915791,0.001,0.234375
97.41746020317078,368,1.8912327,0.001,0.2421875
97.67785310745239,369,1.8229023,0.001,0.1953125
97.95560932159424,370,1.9905508,0.001,0.2109375
98.20272922515869,371,1.9819002,0.001,0.171875
98.45552730560303,372,1.9587426,0.001,0.1953125
98.70129871368408,373,2.0776515,0.001,0.1875
98.95644426345825,374,1.847738,0.001,0.2578125
99.22487759590149,375,1.7827792,0.001,0.296875
99.47478151321411,376,2.0247364,0.001,0.2109375
99.72041344642639,377,1.8459194,0.001,0.203125
99.96931529045105,378,1.8684506,0.001,0.2890625
100.21649932861328,379,1.9221344,0.001,0.234375
100.46204471588135,380,1.8185806,0.001,0.3046875
100.73268604278564,381,1.9107032,0.001,0.25
101.0021562576294,382,1.9965577,0.001,0.203125
101.26173734664917,383,1.9436672,0.001,0.25
101.51233172416687,384,2.0309606,0.001,0.2265625
101.7708215713501,385,1.9562683,0.001,0.234375
102.01154565811157,386,1.8739763,0.001,0.1640625
102.26212167739868,387,1.8641065,0.001,0.1640625
102.515700340271,388,1.9353583,0.001,0.171875
102.76433897018433,389,1.8753626,0.001,0.1796875
103.01818203926086,390,1.905257,0.001,0.21875
103.26767110824585,391,1.8158396,0.001,0.21875
103.50772261619568,392,1.8379073,0.001,0.2734375
103.75398635864258,393,2.0589194,0.001,0.28125
103.99726891517639,394,1.9805,0.001,0.265625
104.25852298736572,395,1.8966212,0.001,0.28125
104.51199769973755,396,1.8836977,0.001,0.203125
104.7495687007904,397,1.8746133,0.001,0.1953125
105.0140175819397,398,1.9098648,0.001,0.1953125
105.26113295555115,399,1.8234384,0.001,0.25
105.51687049865723,400,2.0047488,0.001,0.28125
105.77592778205872,401,1.8681483,0.001,0.234375
106.02316093444824,402,1.8599045,0.001,0.296875
106.2768497467041,403,2.0554562,0.001,0.234375
106.52744722366333,404,1.9836396,0.001,0.171875
106.79299235343933,405,1.9887516,0.001,0.328125
107.03568649291992,406,1.8714013,0.001,0.2421875
107.29339003562927,407,1.9387331,0.001,0.3046875
107.54436707496643,408,1.944363,0.001,0.2265625
107.78848934173584,409,1.9385772,0.001,0.28125
108.02589154243469,410,1.9181218,0.001,0.3125
108.2797040939331,411,1.8858361,0.001,0.3046875
108.53547310829163,412,1.9265101,0.001,0.2734375
108.7837884426117,413,1.8696231,0.001,0.2890625
109.04407453536987,414,1.8467822,0.001,0.3125
109.30007457733154,415,1.8310643,0.001,0.2890625
109.560213804245,416,1.841864,0.001,0.3515625
109.80556273460388,417,1.9318905,0.001,0.3046875
110.0552749633789,418,1.8577819,0.001,0.2421875
110.30618166923523,419,1.8871775,0.001,0.390625
110.55597567558289,420,1.8925003,0.001,0.3125
110.82174873352051,421,1.8834729,0.001,0.296875
111.06952476501465,422,1.8598027,0.001,0.2890625
111.30933499336243,423,1.8147709,0.001,0.3046875
111.54727792739868,424,2.0111897,0.001,0.28125
111.80985021591187,425,1.8606856,0.001,0.2890625
112.06494617462158,426,1.8962567,0.001,0.328125
112.31595778465271,427,1.8801368,0.001,0.296875
112.56426310539246,428,1.7756639,0.001,0.328125
112.82102131843567,429,1.879636,0.001,0.2578125
113.08153581619263,430,2.0586562,0.001,0.296875
113.33781504631042,431,1.8529048,0.001,0.234375
113.59552645683289,432,1.7862363,0.001,0.3359375
113.8522117137909,433,1.8940012,0.001,0.28125
114.10092163085938,434,1.8820531,0.001,0.3046875
114.357497215271,435,1.8591268,0.001,0.265625
114.60735368728638,436,1.8888594,0.001,0.1796875
114.86915969848633,437,1.8519433,0.001,0.265625
115.11643147468567,438,1.9290903,0.001,0.21875
115.37129664421082,439,1.9008543,0.001,0.2734375
115.62865328788757,440,1.821543,0.001,0.3046875
115.87524580955505,441,1.8457972,0.001,0.28125
116.11697721481323,442,1.8417768,0.001,0.2265625
116.38266777992249,443,1.7324004,0.001,0.2734375
116.62745118141174,444,1.9365232,0.001,0.2578125
116.88023972511292,445,2.0163364,0.001,0.296875
117.13536500930786,446,1.8974175,0.001,0.3203125
117.39823246002197,447,1.7795591,0.001,0.296875
117.6436116695404,448,1.9386578,0.001,0.2734375
117.90099692344666,449,1.8455808,0.001,0.3046875
118.15487170219421,450,1.8551122,0.001,0.2890625
118.40715789794922,451,1.9531996,0.001,0.3046875
118.66087913513184,452,1.9346344,0.001,0.359375
118.92341113090515,453,1.8198835,0.001,0.390625
119.17333149909973,454,1.8529757,0.001,0.3203125
119.42949604988098,455,1.9276657,0.001,0.2890625
119.69953346252441,456,1.8193085,0.001,0.3984375
119.96032571792603,457,1.9457678,0.001,0.359375
120.21594548225403,458,1.9158236,0.001,0.4140625
120.46458601951599,459,1.8131682,0.001,0.28125
120.71469378471375,460,1.8383461,0.001,0.328125
120.96458792686462,461,1.876328,0.001,0.3046875
121.21531414985657,462,1.9134707,0.001,0.4140625
121.46845245361328,463,1.822208,0.001,0.3359375
121.72038245201111,464,1.9094772,0.001,0.3359375
121.97114443778992,465,1.9328767,0.001,0.3203125
122.2335638999939,466,1.9026878,0.001,0.2421875
122.49260711669922,467,1.8316231,0.001,0.2578125
122.74324154853821,468,1.978662,0.001,0.296875
122.98821878433228,469,1.7827444,0.001,0.3515625
123.24536895751953,470,1.8719369,0.001,0.3203125
123.49048233032227,471,1.9439893,0.001,0.3828125
123.75034475326538,472,1.8811562,0.001,0.3203125
123.99420642852783,473,1.8334835,0.001,0.34375
124.26173067092896,474,1.9255681,0.001,0.3125
124.51002931594849,475,1.7775877,0.001,0.265625
124.74740695953369,476,1.8760849,0.001,0.3203125
125.0069670677185,477,1.8077126,0.001,0.265625
125.25694680213928,478,1.8349817,0.001,0.3515625
125.51772737503052,479,1.8237957,0.001,0.390625
125.77674961090088,480,1.985351,0.001,0.3515625
126.0323965549469,481,1.9687033,0.001,0.265625
126.29114747047424,482,1.8759063,0.001,0.2578125
126.54007577896118,483,1.8764478,0.001,0.3515625
126.81048893928528,484,1.8405685,0.001,0.3046875
127.05057549476624,485,1.806051,0.001,0.34375
127.30738306045532,486,1.8575728,0.001,0.3359375
127.56094670295715,487,1.9640584,0.001,0.3359375
127.80616307258606,488,1.8348792,0.001,0.28125
128.05389881134033,489,1.9488072,0.001,0.265625
128.31499552726746,490,1.7357452,0.001,0.34375
128.5731954574585,491,1.833257,0.001,0.296875
128.83116745948792,492,1.8249002,0.001,0.3671875
129.0766077041626,493,1.8357894,0.001,0.3046875
129.32849407196045,494,1.8363642,0.001,0.3359375
129.58133935928345,495,1.9403317,0.001,0.296875
129.8469545841217,496,1.8543031,0.001,0.296875
130.09569239616394,497,1.9126061,0.001,0.3984375
130.35309720039368,498,1.7996596,0.001,0.2578125
130.60828161239624,499,1.9739836,0.001,0.3828125
130.8599672317505,500,1.6199863,0.001,0.2734375
131.1245312690735,501,1.8001959,0.001,0.3359375
131.37306261062622,502,1.8188161,0.001,0.296875
131.64265942573547,503,1.6473489,0.001,0.2890625
131.90024995803833,504,1.8392694,0.001,0.3671875
132.15051794052124,505,1.9709795,0.001,0.28125
132.40600156784058,506,1.7916393,0.001,0.296875
132.66634702682495,507,1.8554249,0.001,0.2734375
132.92253971099854,508,1.9109716,0.001,0.296875
133.17632675170898,509,1.7972162,0.001,0.3515625
133.42393612861633,510,1.7705696,0.001,0.3515625
133.67146372795105,511,1.6914144,0.001,0.3515625
133.9332308769226,512,1.96876,0.001,0.3046875
134.1771490573883,513,1.7254266,0.001,0.3125
134.43267965316772,514,1.8403594,0.001,0.2734375
134.68268156051636,515,1.7431881,0.001,0.3828125
134.9382882118225,516,1.7399051,0.001,0.3046875
135.1856541633606,517,1.8329194,0.001,0.234375
135.4303605556488,518,1.7129467,0.001,0.3125
135.6881239414215,519,1.87327,0.001,0.25
135.9368336200714,520,1.8612101,0.001,0.3046875
136.19076085090637,521,1.8496625,0.001,0.3046875
136.44202423095703,522,1.7020986,0.001,0.25
136.70118761062622,523,1.9907081,0.001,0.3203125
136.94089007377625,524,1.7824435,0.001,0.3984375
137.19166111946106,525,1.7494738,0.001,0.359375
137.46101784706116,526,1.8724892,0.001,0.3359375
137.71311569213867,527,1.6564529,0.001,0.3515625
137.9753017425537,528,1.8170221,0.001,0.34375
138.2244074344635,529,1.9526279,0.001,0.2578125
138.4755563735962,530,1.7764869,0.001,0.3828125
138.72603607177734,531,1.7710226,0.001,0.359375
138.98070168495178,532,1.7271898,0.001,0.328125
139.2387580871582,533,1.8588891,0.001,0.390625
139.49234247207642,534,1.9111009,0.001,0.3828125
139.75034952163696,535,1.7816627,0.001,0.4453125
139.99462056159973,536,1.7673945,0.001,0.4453125
140.25294995307922,537,1.8740963,0.001,0.3671875
140.50016951560974,538,1.7958668,0.001,0.4140625
140.7504210472107,539,1.7930858,0.001,0.390625
141.01293349266052,540,1.8063954,0.001,0.390625
141.26370787620544,541,1.7636324,0.001,0.375
141.5171947479248,542,1.8842342,0.001,0.3203125
141.76652193069458,543,1.9358277,0.001,0.3515625
142.0101134777069,544,1.6306982,0.001,0.328125
142.26533365249634,545,1.7846217,0.001,0.265625
142.50827360153198,546,1.8424071,0.001,0.296875
142.75383639335632,547,1.9605631,0.001,0.265625
143.01235151290894,548,1.8134444,0.001,0.3046875
143.25651097297668,549,1.7326039,0.001,0.359375
143.5366940498352,550,1.8174672,0.001,0.3359375
143.78511118888855,551,1.9581892,0.001,0.46875
144.0388081073761,552,1.7079296,0.001,0.390625
144.2885000705719,553,1.9634238,0.001,0.2890625
144.53950786590576,554,1.8653827,0.001,0.3125
144.79520440101624,555,1.7814343,0.001,0.3671875
145.05162262916565,556,1.766448,0.001,0.421875
145.31163501739502,557,1.7503972,0.001,0.34375
145.5635244846344,558,1.6843929,0.001,0.4296875
145.81332564353943,559,1.7555645,0.001,0.3046875
146.05809807777405,560,1.8049948,0.001,0.4375
146.318297624588,561,1.7771181,0.001,0.3828125
146.56446194648743,562,1.8220487,0.001,0.3828125
146.81992363929749,563,1.7338004,0.001,0.4609375
147.06911635398865,564,1.7239561,0.001,0.375
147.32599925994873,565,1.7759032,0.001,0.3515625
147.58648467063904,566,1.8740416,0.001,0.3828125
147.84319806098938,567,1.6060395,0.001,0.4140625
148.09067392349243,568,1.6945236,0.001,0.375
148.33746600151062,569,1.7690965,0.001,0.4296875
148.58638548851013,570,1.6376766,0.001,0.390625
148.83869242668152,571,1.9007226,0.001,0.40625
149.090402841568,572,1.6689587,0.001,0.46875
149.3408751487732,573,1.7562339,0.001,0.40625
149.59612250328064,574,1.8581437,0.001,0.34375
149.87958931922913,575,1.8604956,0.001,0.4765625
150.14013576507568,576,1.6902183,0.001,0.34375
150.40100121498108,577,1.8266034,0.001,0.4453125
150.65219807624817,578,1.8474443,0.001,0.3671875
150.89929032325745,579,1.7751608,0.001,0.4140625
151.14855074882507,580,1.8312905,0.001,0.328125
151.40091228485107,581,1.6480956,0.001,0.3515625
151.65190982818604,582,1.8054903,0.001,0.40625
151.89900183677673,583,1.7577335,0.001,0.3984375
152.1537802219391,584,1.9428484,0.001,0.4296875
152.4044313430786,585,1.8597587,0.001,0.390625
152.65663361549377,586,1.8329234,0.001,0.375
152.8994481563568,587,1.7221401,0.001,0.5
153.16613292694092,588,1.9523673,0.001,0.40625
153.4260094165802,589,1.7222233,0.001,0.421875
153.68098998069763,590,1.8186979,0.001,0.40625
153.93491291999817,591,1.8197565,0.001,0.34375
154.1893572807312,592,1.7765365,0.001,0.390625
154.451913356781,593,1.7679696,0.001,0.40625
154.70165348052979,594,1.7101045,0.001,0.359375
154.94946575164795,595,1.6256456,0.001,0.34375
155.202383518219,596,1.8471334,0.001,0.390625
155.4697630405426,597,1.7589837,0.001,0.3984375
155.71697163581848,598,1.649731,0.001,0.3671875
155.96605777740479,599,1.8300878,0.001,0.4296875
156.2261667251587,600,1.8026628,0.001,0.34375
156.4757423400879,601,1.7154565,0.001,0.375
156.72941899299622,602,1.6463242,0.001,0.4296875
156.9795548915863,603,1.8053095,0.001,0.421875
157.24701118469238,604,1.7112494,0.001,0.4921875
157.49386525154114,605,1.7592534,0.001,0.3984375
157.74077796936035,606,1.7011108,0.001,0.453125
157.99768328666687,607,1.727071,0.001,0.3125
158.24782371520996,608,1.7136612,0.001,0.4765625
158.49505996704102,609,1.6948771,0.001,0.453125
158.74467587471008,610,1.6869972,0.001,0.3671875
158.9993748664856,611,1.7706294,0.001,0.46875
159.253324508667,612,1.8521216,0.001,0.4609375
159.50844311714172,613,1.8244884,0.001,0.5390625
159.76050472259521,614,1.6697302,0.001,0.53125
160.02080154418945,615,1.7624991,0.001,0.4140625
160.2751922607422,616,1.6228795,0.001,0.46875
160.54331731796265,617,1.6917231,0.001,0.4609375
160.7903549671173,618,1.6855931,0.001,0.3671875
161.04312658309937,619,1.6242985,0.001,0.4296875
161.2989161014557,620,1.6635655,0.001,0.375
161.54979825019836,621,1.7632009,0.001,0.421875
161.80066680908203,622,1.8110074,0.001,0.40625
162.05335187911987,623,1.6588639,0.001,0.3828125
162.31159949302673,624,1.9299338,0.001,0.3515625
162.5724654197693,625,1.7276833,0.001,0.3515625
162.82083320617676,626,1.6569095,0.001,0.421875
163.077082157135,627,1.7138602,0.001,0.40625
163.3237111568451,628,1.7540414,0.001,0.46875
163.57446336746216,629,1.7611201,0.001,0.421875
163.82950353622437,630,1.657969,0.001,0.453125
164.0817368030548,631,1.7074631,0.001,0.3828125
164.3527843952179,632,1.7442081,0.001,0.359375
164.60741758346558,633,1.9149008,0.001,0.3046875
164.86893129348755,634,1.6646541,0.001,0.390625
165.12167811393738,635,1.7235324,0.001,0.4375
165.3726921081543,636,1.7529747,0.001,0.4296875
165.6222014427185,637,1.6553838,0.001,0.265625
165.87667727470398,638,1.7590653,0.001,0.3046875
166.12623620033264,639,1.7074709,0.001,0.375
166.3710265159607,640,1.7806697,0.001,0.3515625
166.62785410881042,641,1.7308189,0.001,0.46875
166.8782515525818,642,1.7909763,0.001,0.4453125
167.13821148872375,643,1.8319855,0.001,0.4296875
167.3867838382721,644,1.6221993,0.001,0.375
167.64584636688232,645,1.5955839,0.001,0.5234375
167.90702319145203,646,1.6864047,0.001,0.40625
168.14384198188782,647,1.7264006,0.001,0.375
168.4191288948059,648,1.5049596,0.001,0.4140625
168.66812682151794,649,1.6489716,0.001,0.421875
168.91761898994446,650,1.7515259,0.001,0.46875
169.1731152534485,651,1.7334639,0.001,0.3984375
169.43298840522766,652,1.7913394,0.001,0.3359375
169.6965000629425,653,1.8046367,0.001,0.453125
169.94271755218506,654,1.6926596,0.001,0.3671875
170.19622611999512,655,1.7143564,0.001,0.375
170.44414162635803,656,1.7332933,0.001,0.328125
170.69835209846497,657,1.702975,0.001,0.4296875
170.95732498168945,658,1.7601362,0.001,0.375
171.20322585105896,659,1.7693665,0.001,0.3515625
171.45716214179993,660,1.6541017,0.001,0.3984375
171.7189164161682,661,1.7146044,0.001,0.34375
171.9668366909027,662,1.7895358,0.001,0.4140625
172.2176992893219,663,1.6975691,0.001,0.375
172.47827434539795,664,1.6574095,0.001,0.375
172.72400665283203,665,1.7258463,0.001,0.4921875
172.97421956062317,666,1.9381863,0.001,0.375
173.22336673736572,667,1.8310903,0.001,0.453125
173.48055744171143,668,1.6913501,0.001,0.421875
173.72839426994324,669,1.6933907,0.001,0.4140625
173.99865579605103,670,1.6419713,0.001,0.3671875
174.24296355247498,671,1.6789262,0.001,0.40625
174.50237941741943,672,1.7003865,0.001,0.3515625
174.7644066810608,673,1.7835273,0.001,0.3203125
175.02159714698792,674,1.7347498,0.001,0.390625
175.26788711547852,675,1.6983452,0.001,0.390625
175.52022075653076,676,1.7977531,0.001,0.46875
175.769109249115,677,1.7030684,0.001,0.3671875
176.00913739204407,678,1.7158387,0.001,0.40625
176.26730251312256,679,1.670392,0.001,0.375
176.51677107810974,680,1.6322234,0.001,0.4921875
176.77767205238342,681,1.6580839,0.001,0.4921875
177.03573322296143,682,1.6196213,0.001,0.4375
177.28218364715576,683,1.6685438,0.001,0.4453125
177.54589438438416,684,1.6298101,0.001,0.3828125
177.79278802871704,685,1.6744957,0.001,0.375
178.04174900054932,686,1.6935942,0.001,0.421875
178.29165649414062,687,1.7433758,0.001,0.4453125
178.55963683128357,688,1.7793652,0.001,0.4140625
178.8135404586792,689,1.7184807,0.001,0.359375
179.0606415271759,690,1.6375294,0.001,0.40625
179.3119351863861,691,1.6550002,0.001,0.4140625
179.5707290172577,692,1.711792,0.001,0.40625
179.81673741340637,693,1.7654943,0.001,0.484375
180.0800280570984,694,1.6697441,0.001,0.3828125
180.33111667633057,695,1.5794528,0.001,0.4765625
180.58817434310913,696,1.6949496,0.001,0.40625
180.8422200679779,697,1.8154777,0.001,0.4453125
181.0817587375641,698,1.73189,0.001,0.3984375
181.3414442539215,699,1.7098966,0.001,0.4375
181.58705139160156,700,1.6601274,0.001,0.3515625
181.83835768699646,701,1.6312948,0.001,0.359375
182.09475684165955,702,1.5525093,0.001,0.4296875
182.34333038330078,703,1.7419002,0.001,0.40625
182.60030388832092,704,1.7816708,0.001,0.3671875
182.85692524909973,705,1.7222188,0.001,0.40625
183.10138392448425,706,1.661644,0.001,0.4296875
183.35393261909485,707,1.8198119,0.001,0.453125
183.61470818519592,708,1.7152991,0.001,0.46875
183.88534808158875,709,1.7896727,0.001,0.4296875
184.1462767124176,710,1.8217258,0.001,0.34375
184.4037742614746,711,1.5677729,0.001,0.3828125
184.65674829483032,712,1.7583556,0.001,0.421875
184.90822505950928,713,1.8159447,0.001,0.3515625
185.17558121681213,714,1.5818393,0.001,0.5390625
185.4272825717926,715,1.6397775,0.001,0.4140625
185.6794912815094,716,1.6549311,0.001,0.390625
185.93640565872192,717,1.7783657,0.001,0.40625
186.1841094493866,718,1.8873637,0.001,0.4453125
186.44274854660034,719,1.7040877,0.001,0.5390625
186.68516325950623,720,1.6346785,0.001,0.4140625
186.93816804885864,721,1.5870123,0.001,0.4765625
187.20079135894775,722,1.7251363,0.001,0.46875
187.44888734817505,723,1.6546429,0.001,0.4765625
187.6955280303955,724,1.6993468,0.001,0.46875
187.96095657348633,725,1.6446928,0.001,0.390625
188.2112021446228,726,1.6637466,0.001,0.4765625
188.466730594635,727,1.783458,0.001,0.5078125
188.71661496162415,728,1.6069868,0.001,0.4921875
188.97359204292297,729,1.7497382,0.001,0.4453125
189.2254889011383,730,1.747541,0.001,0.34375
189.47736406326294,731,1.6600503,0.001,0.4765625
189.73090434074402,732,1.7553146,0.001,0.4765625
189.98349285125732,733,1.6835101,0.001,0.4296875
190.23505306243896,734,1.723604,0.001,0.453125
190.48674178123474,735,1.6276407,0.001,0.4375
190.73493599891663,736,1.6965358,0.001,0.484375
190.98762440681458,737,1.8056104,0.001,0.4140625
191.2460925579071,738,1.7132838,0.001,0.46875
191.4987325668335,739,1.779069,0.001,0.453125
191.7459397315979,740,1.7639635,0.001,0.4609375
191.99774312973022,741,1.7062124,0.001,0.4453125
192.25172185897827,742,1.6796805,0.001,0.484375
192.49877500534058,743,1.7140001,0.001,0.5078125
192.73547267913818,744,1.6591399,0.001,0.4453125
192.9951195716858,745,1.6413064,0.001,0.4765625
193.24126529693604,746,1.544532,0.001,0.453125
193.49113392829895,747,1.6489142,0.001,0.4765625
193.74164247512817,748,1.6796126,0.001,0.4140625
193.9955701828003,749,1.7282462,0.001,0.4765625
194.24871587753296,750,1.7330523,0.001,0.359375
194.50124955177307,751,1.6077884,0.001,0.390625
194.74974274635315,752,1.7775542,0.001,0.390625
195.00770950317383,753,1.5360796,0.001,0.484375
195.2539713382721,754,1.8125149,0.001,0.3671875
195.51705503463745,755,1.653158,0.001,0.390625
195.7750334739685,756,1.6980281,0.001,0.4609375
196.03586435317993,757,1.6920259,0.001,0.453125
196.28782391548157,758,1.697726,0.001,0.3515625
196.5421895980835,759,1.5557177,0.001,0.4765625
196.81227493286133,760,1.6033812,0.001,0.4375
197.0559754371643,761,1.7312286,0.001,0.4296875
197.30129599571228,762,1.6903038,0.001,0.4375
197.5476188659668,763,1.5025744,0.001,0.3984375
197.8047742843628,764,1.6698532,0.001,0.4296875
198.05995392799377,765,1.7105211,0.001,0.40625
198.30385327339172,766,1.6317284,0.001,0.34375
198.5527708530426,767,1.7914832,0.001,0.359375
198.81971955299377,768,1.7148359,0.001,0.4453125
199.08099722862244,769,1.7255621,0.001,0.421875
199.3358769416809,770,1.6222613,0.001,0.5234375
199.6039843559265,771,1.6212754,0.001,0.4453125
199.84886384010315,772,1.6848516,0.001,0.46875
200.10011291503906,773,1.6466241,0.001,0.5
200.3549563884735,774,1.6966136,0.001,0.484375
200.61782956123352,775,1.7348723,0.001,0.4375
200.85846424102783,776,1.530581,0.001,0.359375
201.13169050216675,777,1.6764847,0.001,0.484375
201.37746477127075,778,1.6408614,0.001,0.3828125
201.6312758922577,779,1.7359223,0.001,0.390625
201.88215231895447,780,1.7503402,0.001,0.296875
202.13126873970032,781,1.7794831,0.001,0.390625
202.37511658668518,782,1.5962843,0.001,0.375
202.62818789482117,783,1.6182444,0.001,0.5390625
202.8818061351776,784,1.7005167,0.001,0.4921875
203.13691115379333,785,1.711331,0.001,0.4296875
203.39070796966553,786,1.6026304,0.001,0.4296875
203.64992141723633,787,1.6886597,0.001,0.4453125
203.90795040130615,788,1.806459,0.001,0.40625
204.15608167648315,789,1.5701344,0.001,0.4375
204.40871024131775,790,1.5849302,0.001,0.4140625
204.66885328292847,791,1.6050159,0.001,0.453125
204.91795253753662,792,1.8269231,0.001,0.4453125
205.1708562374115,793,1.7369492,0.001,0.390625
205.41796159744263,794,1.4970695,0.001,0.359375
205.6677930355072,795,1.6330874,0.001,0.4296875
205.92115354537964,796,1.8197607,0.001,0.3828125
206.177321434021,797,1.5860739,0.001,0.3671875
206.420392036438,798,1.5056179,0.001,0.3828125
206.6776020526886,799,1.7803055,0.001,0.46875
206.94889211654663,800,1.6986012,0.001,0.359375
207.21468567848206,801,1.6550813,0.001,0.484375
207.4702763557434,802,1.6158648,0.001,0.3984375
207.74658226966858,803,1.6668484,0.001,0.3984375
207.9953489303589,804,1.6223257,0.001,0.4453125
208.24445056915283,805,1.6278083,0.001,0.421875
208.49854516983032,806,1.6510552,0.001,0.4140625
208.7403383255005,807,1.7673428,0.001,0.4375
208.99345588684082,808,1.6412055,0.001,0.359375
209.2426872253418,809,1.7499394,0.001,0.4140625
209.50013756752014,810,1.582028,0.001,0.4765625
209.75027561187744,811,1.6162807,0.001,0.375
209.9994695186615,812,1.6169096,0.001,0.421875
210.24994945526123,813,1.6638322,0.001,0.4453125
210.50794529914856,814,1.5462847,0.001,0.4609375
210.7614607810974,815,1.6730053,0.001,0.4609375
211.00874590873718,816,1.6986351,0.001,0.4453125
211.25976657867432,817,1.697544,0.001,0.390625
211.5099334716797,818,1.7045668,0.001,0.3671875
211.75730347633362,819,1.6112523,0.001,0.421875
212.01025247573853,820,1.6588588,0.001,0.390625
212.2557806968689,821,1.5760765,0.001,0.4453125
212.50401329994202,822,1.799795,0.001,0.484375
212.75544381141663,823,1.7197897,0.001,0.3984375
213.01666975021362,824,1.6416774,0.001,0.46875
213.2645664215088,825,1.5778582,0.001,0.4609375
213.51287007331848,826,1.7009602,0.001,0.375
213.76701521873474,827,1.603743,0.001,0.4375
214.01522731781006,828,1.5527173,0.001,0.3828125
214.2674252986908,829,1.757245,0.001,0.3984375
214.5246820449829,830,1.5720134,0.001,0.328125
214.7729775905609,831,1.4473078,0.001,0.4453125
215.02955722808838,832,1.6231477,0.001,0.40625
215.28450894355774,833,1.5797021,0.001,0.3828125
215.53625226020813,834,1.6111588,0.001,0.4453125
215.79059076309204,835,1.6968279,0.001,0.3671875
216.02964615821838,836,1.6070582,0.001,0.375
216.27988719940186,837,1.6189047,0.001,0.375
216.53005194664001,838,1.6770208,0.001,0.3671875
216.8019313812256,839,1.6531916,0.001,0.4375
217.05105900764465,840,1.6599338,0.001,0.4296875
217.30627179145813,841,1.6606145,0.001,0.453125
217.5617163181305,842,1.5836155,0.001,0.4296875
217.81443095207214,843,1.5880661,0.001,0.53125
218.066011428833,844,1.6189971,0.001,0.4453125
218.32442784309387,845,1.6979107,0.001,0.421875
218.57945823669434,846,1.561962,0.001,0.46875
218.82044649124146,847,1.6559665,0.001,0.5390625
219.0719404220581,848,1.5903057,0.001,0.53125
219.32795119285583,849,1.6751474,0.001,0.4296875
219.57652235031128,850,1.6873239,0.001,0.4453125
219.8344566822052,851,1.6181723,0.001,0.5078125
220.08883619308472,852,1.529887,0.001,0.5
220.34289693832397,853,1.6510491,0.001,0.4921875
220.59607577323914,854,1.5986404,0.001,0.34375
220.84339690208435,855,1.6473911,0.001,0.46875
221.11894273757935,856,1.6347558,0.001,0.3203125
221.375962972641,857,1.6108294,0.001,0.3203125
221.63188004493713,858,1.5943174,0.001,0.40625
221.88930463790894,859,1.5670149,0.001,0.375
222.14683294296265,860,1.7520895,0.001,0.421875
222.39555048942566,861,1.6479671,0.001,0.4609375
222.64976406097412,862,1.6054002,0.001,0.4609375
222.8980188369751,863,1.7170076,0.001,0.46875
223.13838458061218,864,1.5623139,0.001,0.5234375
223.4036147594452,865,1.6565037,0.001,0.4765625
223.65286874771118,866,1.5718634,0.001,0.4453125
223.90754008293152,867,1.7615027,0.001,0.453125
224.17595267295837,868,1.5928538,0.001,0.4140625
224.43334937095642,869,1.6175432,0.001,0.4921875
224.66773390769958,870,1.6279569,0.001,0.5078125
224.93533635139465,871,1.6551867,0.001,0.4765625
225.18946194648743,872,1.4680209,0.001,0.421875
225.44120454788208,873,1.557013,0.001,0.4609375
225.68868470191956,874,1.677732,0.001,0.4453125
225.93720030784607,875,1.6469367,0.001,0.4375
226.18747854232788,876,1.6312246,0.001,0.4765625
226.4346911907196,877,1.65259,0.001,0.5390625
226.68100571632385,878,1.6241069,0.001,0.46875
226.94594979286194,879,1.5623958,0.001,0.53125
227.21618795394897,880,1.5675976,0.001,0.5
227.46077466011047,881,1.602032,0.001,0.453125
227.70780491828918,882,1.4731215,0.001,0.5390625
227.96412301063538,883,1.7136939,0.001,0.4609375
228.2160210609436,884,1.6123104,0.001,0.515625
228.46690106391907,885,1.5422229,0.001,0.53125
228.72346258163452,886,1.5502498,0.001,0.4140625
228.97700357437134,887,1.5033622,0.001,0.4375
229.2277548313141,888,1.7335302,0.001,0.4453125
229.47930240631104,889,1.5140045,0.001,0.3671875
229.73498225212097,890,1.6391501,0.001,0.40625
229.98637318611145,891,1.5986133,0.001,0.421875
230.2448000907898,892,1.6100663,0.001,0.34375
230.49648690223694,893,1.6514628,0.001,0.4296875
230.75271821022034,894,1.5430838,0.001,0.40625
231.0128996372223,895,1.4914544,0.001,0.3671875
231.27970838546753,896,1.6689427,0.001,0.328125
231.52469611167908,897,1.681146,0.001,0.390625
231.7808554172516,898,1.6626008,0.001,0.3671875
232.03277111053467,899,1.6123534,0.001,0.4609375
232.28547310829163,900,1.6114478,0.001,0.4609375
232.5368001461029,901,1.6249932,0.001,0.4609375
232.78563475608826,902,1.5963607,0.001,0.453125
233.04420065879822,903,1.6691556,0.001,0.46875
233.29647970199585,904,1.4866357,0.001,0.390625
233.55413699150085,905,1.5486512,0.001,0.4921875
233.79941296577454,906,1.7238909,0.001,0.40625
234.0638062953949,907,1.615375,0.001,0.4296875
234.30712890625,908,1.6052707,0.001,0.34375
234.56322121620178,909,1.5566707,0.001,0.5078125
234.82611513137817,910,1.5113513,0.001,0.5
235.07066583633423,911,1.7413423,0.001,0.4765625
235.32548022270203,912,1.6590106,0.001,0.4296875
235.59504199028015,913,1.6249456,0.001,0.5
235.85914659500122,914,1.6265202,0.001,0.40625
236.11626529693604,915,1.5651983,0.001,0.4296875
236.36989569664001,916,1.5713987,0.001,0.4765625
236.63266324996948,917,1.6746225,0.001,0.46875
236.88682389259338,918,1.599927,0.001,0.4609375
237.14847588539124,919,1.683588,0.001,0.421875
237.41564416885376,920,1.5274241,0.001,0.4609375
237.68764781951904,921,1.5719543,0.001,0.53125
237.92718935012817,922,1.551469,0.001,0.4375
238.1943714618683,923,1.5960448,0.001,0.3984375
238.4603943824768,924,1.6181604,0.001,0.46875
238.7108178138733,925,1.5853145,0.001,0.4921875
238.9602813720703,926,1.5911002,0.001,0.5078125
239.22295427322388,927,1.6922549,0.001,0.4765625
239.47493886947632,928,1.6186732,0.001,0.4140625
239.7339904308319,929,1.5415323,0.001,0.53125
239.98453569412231,930,1.6540734,0.001,0.4453125
240.25011014938354,931,1.5458806,0.001,0.484375
240.49621653556824,932,1.7124681,0.001,0.4375
240.74439144134521,933,1.5843239,0.001,0.5
241.00130367279053,934,1.6098161,0.001,0.46875
241.2508680820465,935,1.6884044,0.001,0.46875
241.49646496772766,936,1.5464848,0.001,0.4921875
241.75807690620422,937,1.6313913,0.001,0.40625
242.01090693473816,938,1.6859452,0.001,0.4453125
242.26447200775146,939,1.7077891,0.001,0.5390625
242.51210761070251,940,1.6065227,0.001,0.515625
242.77360844612122,941,1.5423167,0.001,0.5234375
243.04305005073547,942,1.6566529,0.001,0.5234375
243.29855465888977,943,1.5297267,0.001,0.515625
243.55244636535645,944,1.5752602,0.001,0.515625
243.81137990951538,945,1.5776576,0.001,0.5
244.06564140319824,946,1.5512096,0.001,0.4453125
244.32173442840576,947,1.5769048,0.001,0.4375
244.5636649131775,948,1.5600227,0.001,0.5234375
244.81649017333984,949,1.4802179,0.001,0.5625
245.07240438461304,950,1.6621139,0.001,0.3984375
245.33218574523926,951,1.5985284,0.001,0.4453125
245.57984018325806,952,1.5985124,0.001,0.578125
245.82575154304504,953,1.6764389,0.001,0.4140625
246.0765404701233,954,1.6932926,0.001,0.515625
246.3265540599823,955,1.61801,0.001,0.4453125
246.58274507522583,956,1.7417507,0.001,0.4375
246.83447766304016,957,1.6168041,0.001,0.5703125
247.0906457901001,958,1.4657695,0.001,0.5234375
247.34204864501953,959,1.5891099,0.001,0.46875
247.59578847885132,960,1.6123332,0.001,0.515625
247.85176253318787,961,1.6320559,0.001,0.46875
248.1080253124237,962,1.690692,0.001,0.5234375
248.34844207763672,963,1.5169909,0.001,0.5390625
248.60356950759888,964,1.5313017,0.001,0.390625
248.8595006465912,965,1.7015579,0.001,0.4921875
249.11389136314392,966,1.7124171,0.001,0.53125
249.37400197982788,967,1.5677292,0.001,0.5078125
249.62241554260254,968,1.6344577,0.001,0.4921875
249.88613057136536,969,1.5802741,0.001,0.46875
250.13453245162964,970,1.4217381,0.001,0.4140625
250.39335775375366,971,1.5923324,0.001,0.453125
250.65267705917358,972,1.6272558,0.001,0.4453125
250.91425395011902,973,1.6091582,0.001,0.46875
251.15737414360046,974,1.5866253,0.001,0.40625
251.41058325767517,975,1.6214263,0.001,0.4609375
251.66575598716736,976,1.5211666,0.001,0.3984375
251.91708040237427,977,1.5771556,0.001,0.4609375
252.17622447013855,978,1.5247684,0.001,0.4609375
252.43694400787354,979,1.5365338,0.001,0.4140625
252.7157928943634,980,1.6772723,0.001,0.390625
252.98079180717468,981,1.6143659,0.001,0.421875
253.22445273399353,982,1.5948281,0.001,0.40625
253.48192048072815,983,1.4652789,0.001,0.4140625
253.73087430000305,984,1.4110372,0.001,0.46875
253.9842767715454,985,1.4738165,0.001,0.34375
254.23316836357117,986,1.6495768,0.001,0.3828125
254.48650431632996,987,1.6455921,0.001,0.4296875
254.73957920074463,988,1.4609638,0.001,0.40625
254.99458837509155,989,1.5596194,0.001,0.4375
255.25630974769592,990,1.6138332,0.001,0.3984375
255.51182746887207,991,1.5148438,0.001,0.3671875
255.7652928829193,992,1.6314163,0.001,0.421875
256.0292990207672,993,1.5691105,0.001,0.40625
256.2790524959564,994,1.6466738,0.001,0.375
256.536119222641,995,1.6146295,0.001,0.4375
256.7769136428833,996,1.5436337,0.001,0.453125
257.0352544784546,997,1.6850348,0.001,0.4765625
257.2945511341095,998,1.6032076,0.001,0.3671875
257.54916739463806,999,1.5452197,0.001,0.5
257.7981970310211,1000,1.6261816,0.001,0.484375
258.04683232307434,1001,1.5725651,0.001,0.4609375
258.2955331802368,1002,1.5380281,0.001,0.453125
258.5427191257477,1003,1.5767219,0.001,0.4453125
258.8246030807495,1004,1.5485826,0.001,0.5390625
259.0815522670746,1005,1.590088,0.001,0.5078125
259.33520793914795,1006,1.576889,0.001,0.4453125
259.5949890613556,1007,1.5482714,0.001,0.5234375
259.8318364620209,1008,1.5147617,0.001,0.484375
260.0936381816864,1009,1.4834609,0.001,0.484375
260.3529603481293,1010,1.6206733,0.001,0.453125
260.5989556312561,1011,1.5999926,0.001,0.4375
260.8487157821655,1012,1.5940832,0.001,0.484375
261.09302735328674,1013,1.6070876,0.001,0.4765625
261.34001302719116,1014,1.4765916,0.001,0.453125
261.6162304878235,1015,1.610096,0.001,0.421875
261.85415601730347,1016,1.5856283,0.001,0.4609375
262.13131523132324,1017,1.5770571,0.001,0.5234375
262.40908908843994,1018,1.5775974,0.001,0.5234375
262.66477727890015,1019,1.5584882,0.001,0.5078125
262.89789843559265,1020,1.6320999,0.001,0.5078125
263.15810441970825,1021,1.5948422,0.001,0.5625
263.4217879772186,1022,1.5529035,0.001,0.5
263.66856122016907,1023,1.5095266,0.001,0.5234375
263.9173471927643,1024,1.537119,0.001,0.484375
264.17960476875305,1025,1.7304826,0.001,0.4765625
264.4214861392975,1026,1.4612658,0.001,0.484375
264.6758623123169,1027,1.6307819,0.001,0.4765625
264.93490719795227,1028,1.5637922,0.001,0.453125
265.196035861969,1029,1.6400717,0.001,0.515625
265.4335501194,1030,1.5235066,0.001,0.546875
265.68004751205444,1031,1.4900299,0.001,0.3984375
265.9361913204193,1032,1.5347027,0.001,0.5234375
266.18172955513,1033,1.6030793,0.001,0.484375
266.4658706188202,1034,1.5723355,0.001,0.4921875
266.725971698761,1035,1.5564208,0.001,0.5859375
266.98128867149353,1036,1.5580504,0.001,0.53125
267.2300536632538,1037,1.5641589,0.001,0.515625
267.4738087654114,1038,1.6110998,0.001,0.546875
267.7297577857971,1039,1.5986652,0.001,0.53125
267.98464584350586,1040,1.6182244,0.001,0.5
268.2368652820587,1041,1.5328375,0.001,0.5
268.49265456199646,1042,1.5507543,0.001,0.4375
268.75657868385315,1043,1.6306326,0.001,0.421875
269.00871539115906,1044,1.4205571,0.001,0.53125
269.26537132263184,1045,1.4529144,0.001,0.4765625
269.5199067592621,1046,1.5510635,0.001,0.4609375
269.77524065971375,1047,1.5327048,0.001,0.4375
270.02761912345886,1048,1.5666595,0.001,0.4453125
270.29758477211,1049,1.5518826,0.001,0.40625
270.5567910671234,1050,1.5897647,0.001,0.5078125
270.8024160861969,1051,1.5139058,0.001,0.5234375
271.05565118789673,1052,1.5739522,0.001,0.4296875
271.30179166793823,1053,1.4902627,0.001,0.5234375
271.5613465309143,1054,1.5187621,0.001,0.4921875
271.8243942260742,1055,1.5444074,0.001,0.5078125
272.08055567741394,1056,1.5081571,0.001,0.4453125
272.3429687023163,1057,1.6043861,0.001,0.5546875
272.60609221458435,1058,1.5683205,0.001,0.5234375
272.8571331501007,1059,1.503997,0.001,0.5390625
273.1250867843628,1060,1.4883211,0.001,0.4296875
273.3719823360443,1061,1.508085,0.001,0.484375
273.6283121109009,1062,1.5672245,0.001,0.5234375
273.88691759109497,1063,1.5295771,0.001,0.4296875
274.1439583301544,1064,1.6785527,0.001,0.3984375
274.3922553062439,1065,1.5490026,0.001,0.484375
274.6358058452606,1066,1.4468594,0.001,0.5703125
274.915159702301,1067,1.5570364,0.001,0.4609375
275.1578505039215,1068,1.5656054,0.001,0.4375
275.4323046207428,1069,1.641599,0.001,0.4609375
275.68916177749634,1070,1.5414605,0.001,0.46875
275.9538435935974,1071,1.6299059,0.001,0.4296875
276.20328664779663,1072,1.5581506,0.001,0.4296875
276.4529972076416,1073,1.4648714,0.001,0.4453125
276.7153217792511,1074,1.6599915,0.001,0.4375
276.9663152694702,1075,1.4427031,0.001,0.5234375
277.22412872314453,1076,1.5419017,0.001,0.3984375
277.472532749176,1077,1.5573183,0.001,0.5390625
277.7204852104187,1078,1.5419717,0.001,0.4921875
277.9755551815033,1079,1.4139445,0.001,0.4609375
278.2293746471405,1080,1.5433439,0.001,0.4609375
278.46416664123535,1081,1.7046576,0.001,0.5
278.7286686897278,1082,1.4515336,0.001,0.53125
278.97942304611206,1083,1.4580625,0.001,0.5390625
279.23063135147095,1084,1.6316526,0.001,0.4765625
279.48840832710266,1085,1.4879875,0.001,0.5390625
279.7380635738373,1086,1.4845158,0.001,0.515625
279.9982039928436,1087,1.4992732,0.001,0.5
280.24874114990234,1088,1.5185554,0.001,0.515625
280.51813220977783,1089,1.552352,0.001,0.453125
280.76797890663147,1090,1.5388497,0.001,0.4375
281.02195739746094,1091,1.6280642,0.001,0.4921875
281.276184797287,1092,1.5045687,0.001,0.46875
281.5256049633026,1093,1.5837499,0.001,0.40625
281.7808413505554,1094,1.449026,0.001,0.453125
282.02516436576843,1095,1.4427806,0.001,0.5078125
282.29230880737305,1096,1.6405439,0.001,0.5546875
282.5520977973938,1097,1.6257149,0.001,0.5390625
282.80379271507263,1098,1.4923061,0.001,0.5078125
283.073792219162,1099,1.4762264,0.001,0.4765625
283.31635880470276,1100,1.5379093,0.001,0.4296875
283.56508898735046,1101,1.5204073,0.001,0.46875
283.80708289146423,1102,1.5919081,0.001,0.4296875
284.05711817741394,1103,1.5661207,0.001,0.484375
284.31042098999023,1104,1.4814671,0.001,0.4609375
284.56855177879333,1105,1.5061948,0.001,0.4765625
284.8303916454315,1106,1.6922537,0.001,0.296875
285.08400988578796,1107,1.5251324,0.001,0.453125
285.3333864212036,1108,1.5251374,0.001,0.4453125
285.5966079235077,1109,1.5048659,0.001,0.375
285.8518261909485,1110,1.4928894,0.001,0.4765625
286.1136283874512,1111,1.5358074,0.001,0.46875
286.3670907020569,1112,1.5133352,0.001,0.5078125
286.6247317790985,1113,1.3908178,0.001,0.5078125
286.87104868888855,1114,1.4720166,0.001,0.546875
287.1332576274872,1115,1.6026287,0.001,0.53125
287.3992373943329,1116,1.417098,0.001,0.5390625
287.6635057926178,1117,1.5735668,0.001,0.5234375
287.9133081436157,1118,1.5465369,0.001,0.5078125
288.1667215824127,1119,1.6804624,0.001,0.484375
288.41536140441895,1120,1.4864656,0.001,0.484375
288.66844630241394,1121,1.4816451,0.001,0.4140625
288.9163727760315,1122,1.712302,0.001,0.53125
289.17432594299316,1123,1.5250796,0.001,0.4375
289.42132019996643,1124,1.5729759,0.001,0.46875
289.6714668273926,1125,1.5348854,0.001,0.453125
289.9200122356415,1126,1.4875858,0.001,0.484375
290.1751215457916,1127,1.4031011,0.001,0.4375
290.4264705181122,1128,1.5875366,0.001,0.4609375
290.6831922531128,1129,1.4612467,0.001,0.4921875
290.9381732940674,1130,1.4800824,0.001,0.3828125
291.18103861808777,1131,1.6153655,0.001,0.484375
291.4302861690521,1132,1.6008748,0.001,0.3984375
291.67881870269775,1133,1.58985,0.001,0.5078125
291.93112564086914,1134,1.3821552,0.001,0.484375
292.18138098716736,1135,1.5829232,0.001,0.4921875
292.43517684936523,1136,1.5393062,0.001,0.5078125
292.6818878650665,1137,1.5644689,0.001,0.5390625
292.92401123046875,1138,1.6399238,0.001,0.4375
293.1722650527954,1139,1.5390803,0.001,0.4296875
293.43047976493835,1140,1.4715459,0.001,0.4296875
293.678582906723,1141,1.5038176,0.001,0.390625
293.92681217193604,1142,1.5689062,0.001,0.3828125
294.1827073097229,1143,1.3991491,0.001,0.4921875
294.4293534755707,1144,1.5918632,0.001,0.4375
294.6785867214203,1145,1.5192261,0.001,0.421875
294.9332015514374,1146,1.5041406,0.001,0.3984375
295.1796600818634,1147,1.5059373,0.001,0.4375
295.43431329727173,1148,1.490044,0.001,0.4296875
295.6944487094879,1149,1.5704124,0.001,0.421875
295.94842648506165,1150,1.5975509,0.001,0.3984375
296.2215588092804,1151,1.4964911,0.001,0.4296875
296.47276401519775,1152,1.5660682,0.001,0.40625
296.722327709198,1153,1.3872118,0.001,0.5625
296.972758769989,1154,1.4819913,0.001,0.3359375
297.21971893310547,1155,1.4675612,0.001,0.5
297.50095295906067,1156,1.4216295,0.001,0.40625
297.75046277046204,1157,1.4932046,0.001,0.4140625
298.0177037715912,1158,1.5772856,0.001,0.3359375
298.26908349990845,1159,1.592404,0.001,0.3671875
298.51908898353577,1160,1.4664944,0.001,0.3828125
298.7704529762268,1161,1.5374808,0.001,0.3984375
299.0298354625702,1162,1.5162355,0.001,0.3046875
299.2809760570526,1163,1.4606512,0.001,0.4453125
299.5436954498291,1164,1.4730904,0.001,0.4375
299.7882707118988,1165,1.4757905,0.001,0.484375
300.0484547615051,1166,1.4329212,0.001,0.484375
300.2992379665375,1167,1.5717444,0.001,0.40625
300.5560894012451,1168,1.5449505,0.001,0.5078125
300.8076937198639,1169,1.4684719,0.001,0.4921875
301.0576219558716,1170,1.5676836,0.001,0.453125
301.31694984436035,1171,1.567603,0.001,0.4296875
301.56467628479004,1172,1.4813817,0.001,0.484375
301.81711077690125,1173,1.4394525,0.001,0.5234375
302.0759162902832,1174,1.5299394,0.001,0.5234375
302.32894802093506,1175,1.5496045,0.001,0.46875
302.58860516548157,1176,1.6331393,0.001,0.515625
302.8326554298401,1177,1.5087321,0.001,0.5078125
303.08514857292175,1178,1.5093989,0.001,0.484375
303.35009145736694,1179,1.5191202,0.001,0.4453125
303.59943556785583,1180,1.5211692,0.001,0.515625
303.85667514801025,1181,1.6011825,0.001,0.375
304.1082947254181,1182,1.5381293,0.001,0.3515625
304.36589908599854,1183,1.4190128,0.001,0.484375
304.61813974380493,1184,1.6187831,0.001,0.328125
304.8685345649719,1185,1.4787569,0.001,0.46875
305.1225800514221,1186,1.4435352,0.001,0.4609375
305.37663221359253,1187,1.4645929,0.001,0.390625
305.63609743118286,1188,1.5983207,0.001,0.515625
305.8894157409668,1189,1.5384645,0.001,0.390625
306.1409194469452,1190,1.5660644,0.001,0.515625
306.3844168186188,1191,1.4490609,0.001,0.4765625
306.6483840942383,1192,1.5037172,0.001,0.53125
306.8959541320801,1193,1.5179034,0.001,0.453125
307.15094780921936,1194,1.577164,0.001,0.5234375
307.3973250389099,1195,1.4103178,0.001,0.484375
307.643958568573,1196,1.4923353,0.001,0.4453125
307.9023587703705,1197,1.4867202,0.001,0.5703125
308.1442492008209,1198,1.4446132,0.001,0.4765625
308.4002306461334,1199,1.4698223,0.001,0.359375
308.65617513656616,1200,1.6299349,0.001,0.4765625
308.9037187099457,1201,1.5250623,0.001,0.4609375
309.15204977989197,1202,1.427866,0.001,0.453125
309.3994560241699,1203,1.533207,0.001,0.4140625
309.6582815647125,1204,1.5115592,0.001,0.453125
309.9056770801544,1205,1.5843172,0.001,0.4453125
310.16501450538635,1206,1.5002826,0.001,0.4765625
310.43193554878235,1207,1.4671539,0.001,0.515625
310.6763732433319,1208,1.3896117,0.001,0.4609375
310.92829871177673,1209,1.5020115,0.001,0.515625
311.1805462837219,1210,1.5387998,0.001,0.453125
311.43162727355957,1211,1.4424876,0.001,0.484375
311.6897304058075,1212,1.5534016,0.001,0.53125
311.94075059890747,1213,1.4296439,0.001,0.5703125
312.19156193733215,1214,1.4592063,0.001,0.53125
312.453341960907,1215,1.5624213,0.001,0.546875
312.7044279575348,1216,1.5038887,0.001,0.4609375
312.95388293266296,1217,1.4709965,0.001,0.4921875
313.22293186187744,1218,1.4642317,0.001,0.484375
313.48238015174866,1219,1.4750159,0.001,0.484375
313.73250460624695,1220,1.4759688,0.001,0.359375
313.98746132850647,1221,1.5629547,0.001,0.5
314.24138379096985,1222,1.5981306,0.001,0.421875
314.48622155189514,1223,1.5311595,0.001,0.5
314.73123836517334,1224,1.448405,0.001,0.3984375
314.98614048957825,1225,1.5698311,0.001,0.484375
315.2514600753784,1226,1.5145378,0.001,0.421875
315.50358271598816,1227,1.5210257,0.001,0.484375
315.74415612220764,1228,1.4630374,0.001,0.375
315.9950621128082,1229,1.454184,0.001,0.46875
316.2555847167969,1230,1.4688995,0.001,0.4765625
316.5154027938843,1231,1.6452625,0.001,0.4609375
316.7683036327362,1232,1.4355031,0.001,0.34375
317.0190095901489,1233,1.4691719,0.001,0.4765625
317.27406334877014,1234,1.4878364,0.001,0.4296875
317.5254626274109,1235,1.5564687,0.001,0.390625
317.7813148498535,1236,1.4481789,0.001,0.4921875
318.0390179157257,1237,1.5004852,0.001,0.4140625
318.2893238067627,1238,1.5058875,0.001,0.46875
318.55356884002686,1239,1.5303136,0.001,0.5390625
318.80125641822815,1240,1.4876068,0.001,0.421875
319.056245803833,1241,1.3462675,0.001,0.5625
319.3240475654602,1242,1.5127723,0.001,0.515625
319.56932401657104,1243,1.5613848,0.001,0.4921875
319.8240239620209,1244,1.4829903,0.001,0.53125
320.08675265312195,1245,1.427988,0.001,0.4453125
320.3310718536377,1246,1.4658153,0.001,0.5
320.5909070968628,1247,1.3896232,0.001,0.4375
320.8421847820282,1248,1.6007857,0.001,0.453125
321.0993251800537,1249,1.4338484,0.001,0.484375
321.35474848747253,1250,1.3996203,0.001,0.4453125
321.6020436286926,1251,1.4808178,0.001,0.5234375
321.8564224243164,1252,1.4929872,0.001,0.5390625
322.1013741493225,1253,1.467881,0.001,0.5703125
322.358864068985,1254,1.5700886,0.001,0.5
322.6218309402466,1255,1.4846022,0.001,0.5390625
322.8766462802887,1256,1.5086457,0.001,0.453125
323.1359977722168,1257,1.5240941,0.001,0.4609375
323.3837308883667,1258,1.4954071,0.001,0.4296875
323.6334843635559,1259,1.5472107,0.001,0.515625
323.8876459598541,1260,1.5889373,0.001,0.46875
324.13626503944397,1261,1.543778,0.001,0.5546875
324.394935131073,1262,1.5133075,0.001,0.421875
324.64304065704346,1263,1.4736859,0.001,0.4765625
324.8945848941803,1264,1.5057881,0.001,0.5
325.1495454311371,1265,1.531661,0.001,0.4375
325.40410351753235,1266,1.4466689,0.001,0.5546875
325.6567933559418,1267,1.4413476,0.001,0.4921875
325.91106629371643,1268,1.4028873,0.001,0.4921875
326.1594843864441,1269,1.4362153,0.001,0.5078125
326.41364765167236,1270,1.5575159,0.001,0.5703125
326.66285514831543,1271,1.5103397,0.001,0.390625
326.9169158935547,1272,1.5099158,0.001,0.4765625
327.16095662117004,1273,1.4517095,0.001,0.4765625
327.4310166835785,1274,1.4851007,0.001,0.453125
327.67995047569275,1275,1.5902163,0.001,0.4609375
327.93039178848267,1276,1.520798,0.001,0.453125
328.17930817604065,1277,1.4470359,0.001,0.40625
328.43483805656433,1278,1.4870689,0.001,0.546875
328.6807746887207,1279,1.562474,0.001,0.5625
328.946683883667,1280,1.3579235,0.001,0.5
329.1984934806824,1281,1.4707195,0.001,0.4765625
329.452392578125,1282,1.4070544,0.001,0.5078125
329.70672702789307,1283,1.4333473,0.001,0.4765625
329.9624514579773,1284,1.6172678,0.001,0.453125
330.2131688594818,1285,1.4071298,0.001,0.46875
330.479140996933,1286,1.4639012,0.001,0.4375
330.72991728782654,1287,1.4855855,0.001,0.4765625
330.9773986339569,1288,1.5019655,0.001,0.453125
331.23549795150757,1289,1.4785924,0.001,0.4765625
331.4836962223053,1290,1.5848426,0.001,0.53125
331.7322404384613,1291,1.4057226,0.001,0.4921875
331.9818389415741,1292,1.486028,0.001,0.515625
332.23880529403687,1293,1.4063276,0.001,0.515625
332.49176931381226,1294,1.6262047,0.001,0.5625
332.74264335632324,1295,1.5361387,0.001,0.3828125
333.00193309783936,1296,1.5161595,0.001,0.390625
333.24857234954834,1297,1.4355614,0.001,0.4296875
333.508606672287,1298,1.4667203,0.001,0.46875
333.7632586956024,1299,1.4821179,0.001,0.3828125
334.03116106987,1300,1.478659,0.001,0.5078125
334.2750153541565,1301,1.4666162,0.001,0.5
334.5304391384125,1302,1.6049532,0.001,0.4140625
334.7906050682068,1303,1.4912905,0.001,0.4453125
335.0592243671417,1304,1.4341369,0.001,0.484375
335.3134415149689,1305,1.4951892,0.001,0.3828125
335.5687379837036,1306,1.5189976,0.001,0.4453125
335.81985664367676,1307,1.4150773,0.001,0.484375
336.07265973091125,1308,1.4114243,0.001,0.453125
336.3166334629059,1309,1.5483993,0.001,0.453125
336.5643000602722,1310,1.4758464,0.001,0.4609375
336.8187766075134,1311,1.3515437,0.001,0.5390625
337.08562994003296,1312,1.4817294,0.001,0.5078125
337.333957195282,1313,1.5973804,0.001,0.484375
337.593469619751,1314,1.435199,0.001,0.4140625
337.8466229438782,1315,1.5706263,0.001,0.53125
338.11044359207153,1316,1.3944926,0.001,0.4453125
338.3586413860321,1317,1.4953873,0.001,0.53125
338.61540627479553,1318,1.4797766,0.001,0.375
338.8755819797516,1319,1.5256697,0.001,0.4765625
339.12984704971313,1320,1.4910287,0.001,0.5234375
339.3892226219177,1321,1.4664664,0.001,0.484375
339.6460726261139,1322,1.4521616,0.001,0.484375
339.90109157562256,1323,1.4982653,0.001,0.484375
340.16117691993713,1324,1.4827969,0.001,0.5703125
340.41007804870605,1325,1.5030638,0.001,0.4140625
340.6575574874878,1326,1.4240372,0.001,0.4765625
340.90943908691406,1327,1.6667829,0.001,0.296875
341.17187571525574,1328,1.4466298,0.001,0.4140625
341.4312992095947,1329,1.4792423,0.001,0.421875
341.68916296958923,1330,1.4337327,0.001,0.53125
341.94100689888,1331,1.3832824,0.001,0.578125
342.1907169818878,1332,1.4917947,0.001,0.53125
342.44921588897705,1333,1.4137203,0.001,0.5859375
342.7013864517212,1334,1.5136118,0.001,0.5703125
342.95449018478394,1335,1.4129131,0.001,0.453125
343.2076244354248,1336,1.4581685,0.001,0.4609375
343.4627196788788,1337,1.5352987,0.001,0.4453125
343.70627307891846,1338,1.5321999,0.001,0.3671875
343.98019075393677,1339,1.4499099,0.001,0.5234375
344.22809648513794,1340,1.3209625,0.001,0.390625
344.49130034446716,1341,1.5915927,0.001,0.4453125
344.73963499069214,1342,1.468293,0.001,0.421875
344.9881694316864,1343,1.5141509,0.001,0.515625
345.2474465370178,1344,1.451266,0.001,0.53125
345.4972012042999,1345,1.41536,0.001,0.4765625
345.7603907585144,1346,1.586839,0.001,0.5546875
346.0208625793457,1347,1.4670138,0.001,0.5390625
346.26516366004944,1348,1.4005793,0.001,0.59375
346.52615904808044,1349,1.4373837,0.001,0.5234375
346.7774250507355,1350,1.4418333,0.001,0.4765625
347.03016781806946,1351,1.4030182,0.001,0.546875
347.28903317451477,1352,1.4754591,0.001,0.53125
347.53991770744324,1353,1.4367497,0.001,0.5390625
347.7851777076721,1354,1.5111495,0.001,0.4921875
348.045179605484,1355,1.5531225,0.001,0.4453125
348.2961685657501,1356,1.4872426,0.001,0.484375
348.5529987812042,1357,1.4515852,0.001,0.5
348.8116970062256,1358,1.5147808,0.001,0.5
349.0569145679474,1359,1.4650825,0.001,0.4609375
349.31253695487976,1360,1.4325678,0.001,0.4609375
349.5635907649994,1361,1.3514856,0.001,0.4921875
349.8176198005676,1362,1.5152569,0.001,0.4765625
350.0756001472473,1363,1.5193167,0.001,0.5
350.3364236354828,1364,1.4901472,0.001,0.4140625
350.5901005268097,1365,1.5834659,0.001,0.5390625
350.8398678302765,1366,1.3556077,0.001,0.53125
351.0952305793762,1367,1.4095256,0.001,0.46875
351.33921337127686,1368,1.5134094,0.001,0.53125
351.5904779434204,1369,1.5145707,0.001,0.5
351.83916568756104,1370,1.4393673,0.001,0.4609375
352.0990996360779,1371,1.4647198,0.001,0.46875
352.34469079971313,1372,1.4629965,0.001,0.484375
352.59905886650085,1373,1.4999347,0.001,0.3828125
352.853609085083,1374,1.3423246,0.001,0.4375
353.1048581600189,1375,1.4527696,0.001,0.390625
353.36228799819946,1376,1.4579659,0.001,0.4375
353.6082468032837,1377,1.4592791,0.001,0.3828125
353.8597104549408,1378,1.4971958,0.001,0.5859375
354.1154570579529,1379,1.4530256,0.001,0.515625
354.3749985694885,1380,1.4560945,0.001,0.4375
354.62509179115295,1381,1.3706625,0.001,0.4921875
354.87438344955444,1382,1.4324104,0.001,0.4765625
355.134268283844,1383,1.362093,0.001,0.3984375
355.3834843635559,1384,1.4178753,0.001,0.4921875
355.62696170806885,1385,1.4867703,0.001,0.4609375
355.8850450515747,1386,1.4641659,0.001,0.484375
356.1304850578308,1387,1.5911126,0.001,0.5390625
356.3846483230591,1388,1.5359719,0.001,0.4453125
356.6354386806488,1389,1.3339844,0.001,0.5703125
356.8892068862915,1390,1.4220673,0.001,0.5390625
357.15053153038025,1391,1.4370064,0.001,0.5
357.4169874191284,1392,1.480137,0.001,0.4609375
357.6709785461426,1393,1.6037683,0.001,0.5703125
357.9341320991516,1394,1.4832236,0.001,0.578125
358.18557119369507,1395,1.3605192,0.001,0.5546875
358.44713139533997,1396,1.5185499,0.001,0.484375
358.6995642185211,1397,1.4214611,0.001,0.5
358.95510745048523,1398,1.435098,0.001,0.5078125
359.2064411640167,1399,1.4696836,0.001,0.515625
359.4647784233093,1400,1.3935493,0.001,0.46875
359.71405959129333,1401,1.4531854,0.001,0.46875
359.96578645706177,1402,1.6016136,0.001,0.546875
360.22033166885376,1403,1.395644,0.001,0.4765625
360.47392201423645,1404,1.5291886,0.001,0.5078125
360.72485995292664,1405,1.4056717,0.001,0.46875
360.974223613739,1406,1.3550777,0.001,0.4921875
361.2329683303833,1407,1.3963962,0.001,0.546875
361.4787349700928,1408,1.5297942,0.001,0.5546875
361.7369239330292,1409,1.5983155,0.001,0.5625
361.98408365249634,1410,1.5320563,0.001,0.5703125
362.24471712112427,1411,1.4273838,0.001,0.5625
362.48920035362244,1412,1.512003,0.001,0.5703125
362.74941635131836,1413,1.5532973,0.001,0.421875
363.00369453430176,1414,1.3800935,0.001,0.4765625
363.26922607421875,1415,1.3650289,0.001,0.46875
363.5160439014435,1416,1.3546009,0.001,0.46875
363.7686593532562,1417,1.4034765,0.001,0.4453125
364.03358697891235,1418,1.4611249,0.001,0.421875
364.28113555908203,1419,1.548423,0.001,0.390625
364.53981614112854,1420,1.3926558,0.001,0.453125
364.79541516304016,1421,1.4241257,0.001,0.5078125
365.0566062927246,1422,1.4170893,0.001,0.4765625
365.31560730934143,1423,1.4130051,0.001,0.5546875
365.5661871433258,1424,1.4844823,0.001,0.6015625
365.8185489177704,1425,1.4845967,0.001,0.515625
366.0838260650635,1426,1.4762492,0.001,0.546875
366.33352494239807,1427,1.4755089,0.001,0.5390625
366.5858449935913,1428,1.4797201,0.001,0.515625
366.83826327323914,1429,1.3152759,0.001,0.59375
367.1002986431122,1430,1.3535874,0.001,0.5703125
367.357458114624,1431,1.5624785,0.001,0.53125
367.5985770225525,1432,1.4897592,0.001,0.5390625
367.8523619174957,1433,1.3659048,0.001,0.3984375
368.1158893108368,1434,1.3607187,0.001,0.578125
368.3677976131439,1435,1.555089,0.001,0.5234375
368.6269187927246,1436,1.4935403,0.001,0.515625
368.86820673942566,1437,1.4436768,0.001,0.4765625
369.13477325439453,1438,1.4697187,0.001,0.4765625
369.3698353767395,1439,1.4958109,0.001,0.5
369.6345491409302,1440,1.463937,0.001,0.4375
369.885306596756,1441,1.5516806,0.001,0.46875
370.15078926086426,1442,1.4057863,0.001,0.4609375
370.39677834510803,1443,1.5030004,0.001,0.484375
370.6497347354889,1444,1.4141724,0.001,0.578125
370.9041247367859,1445,1.4999352,0.001,0.53125
371.1515426635742,1446,1.5356708,0.001,0.5703125
371.4110338687897,1447,1.446667,0.001,0.5546875
371.66601610183716,1448,1.572974,0.001,0.4765625
371.9114065170288,1449,1.4701841,0.001,0.546875
372.17544317245483,1450,1.5443442,0.001,0.546875
372.4352231025696,1451,1.5431794,0.001,0.4296875
372.69128370285034,1452,1.4194373,0.001,0.5
372.935569524765,1453,1.3805285,0.001,0.4765625
373.1873960494995,1454,1.4382432,0.001,0.453125
373.4388246536255,1455,1.4985064,0.001,0.3828125
373.6956045627594,1456,1.4927273,0.001,0.578125
373.943500995636,1457,1.483718,0.001,0.484375
374.19016885757446,1458,1.3867371,0.001,0.4921875
374.43934965133667,1459,1.4251629,0.001,0.5
374.6849148273468,1460,1.4631658,0.001,0.4765625
374.93419909477234,1461,1.4984858,0.001,0.421875
375.18782234191895,1462,1.5356839,0.001,0.4765625
375.4496879577637,1463,1.4395305,0.001,0.453125
375.7033290863037,1464,1.5115063,0.001,0.4921875
375.963721036911,1465,1.3066487,0.001,0.5390625
376.22943234443665,1466,1.4114938,0.001,0.4609375
376.47701358795166,1467,1.4038458,0.001,0.46875
376.7281584739685,1468,1.4144559,0.001,0.53125
376.9797513484955,1469,1.4287827,0.001,0.484375
377.23365569114685,1470,1.4340296,0.001,0.375
377.48851466178894,1471,1.4447587,0.001,0.5078125
377.7353277206421,1472,1.441464,0.001,0.4765625
377.9876432418823,1473,1.4874864,0.001,0.5859375
378.23990082740784,1474,1.418278,0.001,0.4921875
378.4939832687378,1475,1.4474874,0.001,0.453125
378.745493888855,1476,1.4994432,0.001,0.53125
379.0035774707794,1477,1.5223863,0.001,0.546875
379.26924324035645,1478,1.3445448,0.001,0.5234375
379.51596117019653,1479,1.4464412,0.001,0.4609375
379.7725133895874,1480,1.374465,0.001,0.5
380.0306279659271,1481,1.4730935,0.001,0.46875
380.29276037216187,1482,1.3374585,0.001,0.453125
380.54312109947205,1483,1.459712,0.001,0.46875
380.7941470146179,1484,1.3672807,0.001,0.46875
381.0398094654083,1485,1.4536436,0.001,0.5078125
381.2838463783264,1486,1.3993043,0.001,0.5234375
381.5319912433624,1487,1.6053505,0.001,0.5546875
381.7949981689453,1488,1.3886561,0.001,0.546875
382.0423424243927,1489,1.3546228,0.001,0.5
382.29482316970825,1490,1.4548317,0.001,0.6171875
382.5398952960968,1491,1.5296324,0.001,0.5
382.79253101348877,1492,1.5263467,0.001,0.46875
383.0485429763794,1493,1.4065479,0.001,0.4453125
383.30253171920776,1494,1.3356043,0.001,0.4921875
383.5540933609009,1495,1.4184713,0.001,0.5625
383.80728101730347,1496,1.2828133,0.001,0.4921875
384.05317902565,1497,1.3790379,0.001,0.4765625
384.3069932460785,1498,1.4400822,0.001,0.515625
384.55267667770386,1499,1.4644849,0.001,0.4453125
384.83637523651123,1500,1.4934804,0.001,0.5234375
