time,step,learning_rate,loss,accuracy
27.065186500549316,1,0.001,3.982122,0.12
34.07302975654602,2,0.001,3.3645737,0.12
41.30708861351013,3,0.001,3.28869,0.12
48.83353567123413,4,0.001,3.1575992,0.14
55.90236210823059,5,0.001,2.8922353,0.12
62.95864915847778,6,0.001,2.91419,0.12
70.1110610961914,7,0.001,2.8396664,0.11
77.06254267692566,8,0.001,2.768025,0.11
84.1144917011261,9,0.001,2.6809103,0.11
91.22814178466797,10,0.001,2.6633155,0.11
98.38674974441528,11,0.001,2.5838752,0.1
105.43499898910522,12,0.001,2.487443,0.1
112.54355597496033,13,0.001,2.584827,0.1
119.47627663612366,14,0.001,2.470134,0.12
126.64626026153564,15,0.001,2.533023,0.1
133.66384100914001,16,0.001,2.4561963,0.13
140.76074624061584,17,0.001,2.4214652,0.14
147.91542792320251,18,0.001,2.4269724,0.15
155.0061206817627,19,0.001,2.4768648,0.16
162.18984961509705,20,0.001,2.4232948,0.16
169.29437589645386,21,0.001,2.4153097,0.16
176.4117350578308,22,0.001,2.3940687,0.15
183.52545070648193,23,0.001,2.3483777,0.16
190.667418718338,24,0.001,2.3541844,0.17
197.65225672721863,25,0.001,2.3719993,0.1
204.70759987831116,26,0.001,2.315512,0.12
211.91212272644043,27,0.001,2.3452706,0.13
219.08378982543945,28,0.001,2.3042245,0.15
245.31608271598816,29,0.001,2.3193243,0.16
252.49816846847534,30,0.001,2.31478,0.15
259.6080393791199,31,0.001,2.3053296,0.17
266.7744138240814,32,0.001,2.2870264,0.16
273.87232661247253,33,0.001,2.3224797,0.2
281.02730536460876,34,0.001,2.2921844,0.21
288.1205413341522,35,0.001,2.2897017,0.2
295.15631556510925,36,0.001,2.3043787,0.18
302.2653522491455,37,0.001,2.2871726,0.16
309.40885949134827,38,0.001,2.2856765,0.2
316.4808304309845,39,0.001,2.3063207,0.18
323.6092281341553,40,0.001,2.2885387,0.17
330.78783345222473,41,0.001,2.2821064,0.2
337.7346570491791,42,0.001,2.2780747,0.17
344.8597602844238,43,0.001,2.2724648,0.17
351.86119389533997,44,0.001,2.285141,0.17
358.99081921577454,45,0.001,2.278182,0.18
366.2074177265167,46,0.001,2.2767017,0.18
373.38948369026184,47,0.001,2.2755582,0.18
380.5226082801819,48,0.001,2.2682538,0.19
387.852774143219,49,0.001,2.2450678,0.18
395.0360972881317,50,0.001,2.2689078,0.19
402.13872623443604,51,0.00093000004,2.2746475,0.17
409.21782088279724,52,0.00093000004,2.248827,0.19
416.4675335884094,53,0.00093000004,2.2929134,0.23
444.233384847641,54,0.00093000004,2.2890277,0.15
451.44140625,55,0.00093000004,2.2549746,0.18
458.6290616989136,56,0.00093000004,2.2560422,0.22
485.0600016117096,57,0.00093000004,2.2583473,0.16
492.18569779396057,58,0.00093000004,2.2547834,0.16
499.2954943180084,59,0.00093000004,2.28747,0.19
506.4906051158905,60,0.00093000004,2.2672794,0.15
513.6431255340576,61,0.00093000004,2.2282214,0.17
520.7489709854126,62,0.00093000004,2.2997603,0.24
527.8642058372498,63,0.00093000004,2.2790384,0.18
534.9498736858368,64,0.00093000004,2.2319322,0.2
542.034430027008,65,0.00093000004,2.2496343,0.14
549.0798335075378,66,0.00093000004,2.257203,0.19
556.2512261867523,67,0.00093000004,2.2700596,0.1
563.4329631328583,68,0.00093000004,2.3233519,0.14
570.5977692604065,69,0.00093000004,2.2794785,0.2
577.4946358203888,70,0.00093000004,2.2458885,0.21
584.6200120449066,71,0.00093000004,2.2427087,0.23
591.7289485931396,72,0.00093000004,2.249028,0.17
598.8480799198151,73,0.00093000004,2.3537056,0.2
605.9735217094421,74,0.00093000004,2.2727842,0.18
613.0837216377258,75,0.00093000004,2.262953,0.17
620.1918849945068,76,0.00093000004,2.2519367,0.16
627.1530175209045,77,0.00093000004,2.2525904,0.22
634.216230392456,78,0.00093000004,2.2491796,0.14
641.3031458854675,79,0.00093000004,2.260034,0.15
648.1957068443298,80,0.00093000004,2.3046405,0.13
655.3110086917877,81,0.00093000004,2.301917,0.11
662.3314068317413,82,0.00093000004,2.2660575,0.14
669.4627220630646,83,0.00093000004,2.2789564,0.18
676.6603806018829,84,0.00093000004,2.255278,0.21
702.8276906013489,85,0.00093000004,2.2718618,0.19
709.9862160682678,86,0.00093000004,2.2784104,0.17
717.0969982147217,87,0.00093000004,2.2716088,0.2
724.1263918876648,88,0.00093000004,2.236941,0.18
731.2885792255402,89,0.00093000004,2.2923563,0.14
738.4488761425018,90,0.00093000004,2.3333514,0.14
745.7077400684357,91,0.00093000004,2.3111246,0.16
752.7484860420227,92,0.00093000004,2.293601,0.14
759.9081275463104,93,0.00093000004,2.254775,0.18
767.1349651813507,94,0.00093000004,2.240039,0.1
774.2552714347839,95,0.00093000004,2.237399,0.17
781.3040080070496,96,0.00093000004,2.285113,0.09
788.498831987381,97,0.00093000004,2.481199,0.11
795.6868703365326,98,0.00093000004,2.315192,0.15
802.88512134552,99,0.00093000004,2.2799485,0.2
809.9888114929199,100,0.00093000004,2.2720878,0.12
817.0005691051483,101,0.0008649,2.2707908,0.22
824.1526050567627,102,0.0008649,2.26557,0.14
831.2267751693726,103,0.0008649,2.3107076,0.14
838.3503427505493,104,0.0008649,2.2995667,0.14
845.6203463077545,105,0.0008649,2.2789114,0.11
852.6509256362915,106,0.0008649,2.2652097,0.13
859.7989499568939,107,0.0008649,2.2647848,0.12
882.0556833744049,108,0.0008649,2.2972627,0.12
888.9816536903381,109,0.0008649,2.2844384,0.18
895.9742794036865,110,0.0008649,2.277277,0.17
903.1429758071899,111,0.0008649,2.2494314,0.18
910.3236224651337,112,0.0008649,2.2042606,0.18
936.371908903122,113,0.0008649,2.3717794,0.12
943.498556137085,114,0.0008649,2.689844,0.08
950.6112024784088,115,0.0008649,2.314343,0.11
957.7275223731995,116,0.0008649,2.300875,0.11
964.975798368454,117,0.0008649,2.2847867,0.1
972.0665771961212,118,0.0008649,2.2795928,0.2
979.7714750766754,119,0.0008649,2.270914,0.18
986.9515204429626,120,0.0008649,2.2478135,0.2
994.0359065532684,121,0.0008649,2.2279053,0.15
1000.9807362556458,122,0.0008649,2.2934377,0.16
1008.1657590866089,123,0.0008649,2.280372,0.19
1015.3376700878143,124,0.0008649,2.2536516,0.2
1022.4487075805664,125,0.0008649,2.2147446,0.15
1029.708901166916,126,0.0008649,2.212435,0.13
1036.8856098651886,127,0.0008649,2.3990226,0.11
1043.9485576152802,128,0.0008649,2.4166484,0.07
1051.0700929164886,129,0.0008649,2.2972534,0.13
1058.1544981002808,130,0.0008649,2.2712069,0.13
1065.266725063324,131,0.0008649,2.2398756,0.15
1072.221399307251,132,0.0008649,2.2315073,0.11
1079.3428087234497,133,0.0008649,2.2009387,0.13
1086.5359218120575,134,0.0008649,2.2757585,0.13
1093.6644649505615,135,0.0008649,2.1935813,0.21
1101.1492266654968,136,0.0008649,2.1794446,0.13
1108.3953206539154,137,0.0008649,2.1685712,0.15
1115.7118771076202,138,0.0008649,2.3817208,0.12
1122.8727695941925,139,0.0008649,2.337871,0.08
1129.8927319049835,140,0.0008649,2.298482,0.13
1137.50332736969,141,0.0008649,2.297684,0.13
1144.7849202156067,142,0.0008649,2.275131,0.26
1151.8453783988953,143,0.0008649,2.2195895,0.22
1159.3524477481842,144,0.0008649,2.2203546,0.17
1166.461537361145,145,0.0008649,2.807993,0.14
1173.4004769325256,146,0.0008649,2.4253836,0.09
1180.452248096466,147,0.0008649,2.3004,0.19
1187.5877213478088,148,0.0008649,2.2926786,0.19
1194.6848409175873,149,0.0008649,2.2392724,0.22
1201.8345742225647,150,0.0008649,2.1910386,0.18
1209.0061485767365,151,0.0008043571,2.1644564,0.11
1216.1877241134644,152,0.0008043571,2.522463,0.13
1223.374758720398,153,0.0008043571,2.2879074,0.13
1230.566077709198,154,0.0008043571,2.2878473,0.17
1237.7231459617615,155,0.0008043571,2.2321281,0.2
1244.8600914478302,156,0.0008043571,2.2535574,0.18
1252.0182247161865,157,0.0008043571,2.2224066,0.21
1259.0851135253906,158,0.0008043571,2.2029881,0.22
1266.2425887584686,159,0.0008043571,2.1468368,0.15
1273.3299617767334,160,0.0008043571,2.2901578,0.26
1280.4273223876953,161,0.0008043571,2.176658,0.25
1287.574326992035,162,0.0008043571,2.0962865,0.15
1313.4270977973938,163,0.0008043571,2.0679367,0.2
1320.408826828003,164,0.0008043571,2.6658993,0.13
1327.5451216697693,165,0.0008043571,2.4252033,0.11
1334.7385869026184,166,0.0008043571,2.3021395,0.12
1341.8469953536987,167,0.0008043571,2.2651584,0.17
1348.8457441329956,168,0.0008043571,2.251658,0.18
1356.530696630478,169,0.0008043571,2.2090409,0.2
1363.5794451236725,170,0.0008043571,2.154202,0.19
1370.6833472251892,171,0.0008043571,2.15141,0.15
1377.7481727600098,172,0.0008043571,2.1117435,0.14
1384.8739519119263,173,0.0008043571,2.4016144,0.14
1392.0142426490784,174,0.0008043571,2.2044642,0.21
1399.0613369941711,175,0.0008043571,2.1623564,0.3
1406.172608613968,176,0.0008043571,2.1067815,0.28
1413.2094993591309,177,0.0008043571,2.05834,0.23
1420.3373465538025,178,0.0008043571,2.0333052,0.25
1427.3800585269928,179,0.0008043571,2.049108,0.18
1434.5894837379456,180,0.0008043571,2.1749594,0.15
1441.6218712329865,181,0.0008043571,2.5590103,0.16
1448.7460792064667,182,0.0008043571,2.217728,0.19
1455.8304917812347,183,0.0008043571,2.176346,0.15
1463.028248310089,184,0.0008043571,2.107536,0.3
1470.1869688034058,185,0.0008043571,2.1506248,0.23
1477.167664051056,186,0.0008043571,2.1163316,0.21
1484.3160197734833,187,0.0008043571,2.1016514,0.17
1491.4935114383698,188,0.0008043571,2.123035,0.19
1498.4519593715668,189,0.0008043571,2.1730483,0.24
1505.6231107711792,190,0.0008043571,2.0455077,0.25
1512.843331336975,191,0.0008043571,2.0898135,0.26
1520.0313687324524,192,0.0008043571,1.9394935,0.29
1527.177067041397,193,0.0008043571,1.9561821,0.2
1534.2934761047363,194,0.0008043571,2.2421408,0.14
1541.4493374824524,195,0.0008043571,2.4458501,0.15
1548.5496881008148,196,0.0008043571,2.2282364,0.22
1556.3023612499237,197,0.0008043571,2.1625962,0.17
1563.3170273303986,198,0.0008043571,2.0741985,0.25
1570.6441571712494,199,0.0008043571,2.0151975,0.2
1577.6964840888977,200,0.0008043571,2.090502,0.3
1584.925388097763,201,0.000748052,2.222086,0.29
1591.9910850524902,202,0.000748052,1.9834082,0.32
1599.1650657653809,203,0.000748052,1.9932827,0.32
1606.1551306247711,204,0.000748052,1.9432318,0.26
1613.332157611847,205,0.000748052,1.9315599,0.22
1620.491693019867,206,0.000748052,2.2169135,0.23
1627.8393952846527,207,0.000748052,2.0747824,0.31
1634.936622619629,208,0.000748052,1.972827,0.28
1642.2705266475677,209,0.000748052,1.8985685,0.28
1649.456396818161,210,0.000748052,1.9038218,0.31
1656.56347823143,211,0.000748052,2.0388246,0.31
1663.736091375351,212,0.000748052,1.9127107,0.27
1671.179523229599,213,0.000748052,1.9080589,0.34
1678.527149438858,214,0.000748052,1.8874971,0.26
1685.79807305336,215,0.000748052,1.8981706,0.34
1692.946010351181,216,0.000748052,1.8533739,0.28
1700.0778942108154,217,0.000748052,1.8366699,0.3
1707.3248052597046,218,0.000748052,1.9232488,0.24
1714.5495524406433,219,0.000748052,2.2006595,0.26
1721.6385803222656,220,0.000748052,2.1238768,0.29
1747.0524535179138,221,0.000748052,1.91339,0.29
1754.0521576404572,222,0.000748052,1.8614049,0.33
1761.117837190628,223,0.000748052,1.7471461,0.36
1768.4340651035309,224,0.000748052,1.7909297,0.33
1775.9743707180023,225,0.000748052,1.8468049,0.28
1783.0509893894196,226,0.000748052,1.9099846,0.25
1790.2143671512604,227,0.000748052,1.8658574,0.28
1797.2780623435974,228,0.000748052,1.800935,0.35
1804.460929632187,229,0.000748052,1.959977,0.35
1811.6727938652039,230,0.000748052,1.8377497,0.28
1818.7120597362518,231,0.000748052,1.7613786,0.36
1825.8996946811676,232,0.000748052,1.7243444,0.33
1833.0026941299438,233,0.000748052,1.7016848,0.35
1840.160611152649,234,0.000748052,1.7992882,0.37
1847.2693753242493,235,0.000748052,1.7637932,0.38
1854.4254899024963,236,0.000748052,1.8284602,0.26
1861.7665181159973,237,0.000748052,1.978818,0.3
1868.9153864383698,238,0.000748052,2.0058768,0.27
1875.96479845047,239,0.000748052,1.9133419,0.31
1883.1296141147614,240,0.000748052,1.8695326,0.31
1890.236923456192,241,0.000748052,1.8041868,0.36
1897.3033537864685,242,0.000748052,1.6879219,0.38
1904.3843612670898,243,0.000748052,1.6131694,0.39
1911.3997135162354,244,0.000748052,1.7152752,0.29
1918.4042437076569,245,0.000748052,1.8860273,0.36
1925.4001665115356,246,0.000748052,1.7875015,0.4
1932.3333659172058,247,0.000748052,1.6959367,0.4
1939.4261994361877,248,0.000748052,1.627186,0.38
1946.5354890823364,249,0.000748052,1.6667218,0.4
1953.6134827136993,250,0.000748052,1.7194295,0.32
1960.6695215702057,251,0.0006956884,1.7564164,0.33
1967.8423149585724,252,0.0006956884,1.8933008,0.3
1975.308441400528,253,0.0006956884,1.7441183,0.35
1982.3348071575165,254,0.0006956884,1.7147835,0.36
1989.4864239692688,255,0.0006956884,1.6295604,0.38
1996.5350019931793,256,0.0006956884,1.523157,0.42
2003.6956067085266,257,0.0006956884,1.5699823,0.42
2010.7291114330292,258,0.0006956884,1.5538176,0.41
2017.813456773758,259,0.0006956884,1.7229024,0.39
2024.9641103744507,260,0.0006956884,1.7372688,0.32
2032.1274862289429,261,0.0006956884,1.7759948,0.39
2039.1801266670227,262,0.0006956884,1.81828,0.34
2046.349651813507,263,0.0006956884,1.7185501,0.42
2053.5192008018494,264,0.0006956884,1.5572181,0.45
2060.6405935287476,265,0.0006956884,1.5284975,0.44
2067.863493680954,266,0.0006956884,1.4655323,0.46
2074.947023630142,267,0.0006956884,1.5841671,0.36
2082.0957641601562,268,0.0006956884,1.5970335,0.46
2089.263470172882,269,0.0006956884,1.5795084,0.35
2096.445763349533,270,0.0006956884,1.6100035,0.41
2103.6282126903534,271,0.0006956884,1.5429268,0.44
2110.8248348236084,272,0.0006956884,1.5652822,0.46
2117.989663362503,273,0.0006956884,1.500068,0.37
2125.0822587013245,274,0.0006956884,1.6553392,0.43
2132.29625415802,275,0.0006956884,1.7211037,0.38
2139.3579483032227,276,0.0006956884,1.7078509,0.39
2146.529793024063,277,0.0006956884,1.7547235,0.38
2153.698579311371,278,0.0006956884,1.536801,0.48
2160.9006128311157,279,0.0006956884,1.4429473,0.52
2168.1924612522125,280,0.0006956884,1.558578,0.44
2175.6527450084686,281,0.0006956884,1.4994546,0.41
2182.8300766944885,282,0.0006956884,1.6767093,0.35
2190.0875883102417,283,0.0006956884,1.6835272,0.4
2197.2994117736816,284,0.0006956884,1.4860852,0.48
2204.478774547577,285,0.0006956884,1.3939625,0.52
2211.600038290024,286,0.0006956884,1.3438019,0.48
2218.635882616043,287,0.0006956884,1.4448067,0.43
2225.8167695999146,288,0.0006956884,1.5054696,0.41
2232.897710084915,289,0.0006956884,1.5822395,0.36
2240.129851102829,290,0.0006956884,1.7494826,0.34
2247.3294520378113,291,0.0006956884,1.6593443,0.39
2254.6478157043457,292,0.0006956884,1.5868613,0.48
2261.747755765915,293,0.0006956884,1.516247,0.5
2268.8304829597473,294,0.0006956884,1.3927522,0.52
2275.798683166504,295,0.0006956884,1.2817293,0.47
2282.9460797309875,296,0.0006956884,1.323271,0.47
2289.9779596328735,297,0.0006956884,1.3987286,0.44
2297.02042222023,298,0.0006956884,1.4371085,0.44
2304.313987016678,299,0.0006956884,1.5197226,0.36
2311.4854226112366,300,0.0006956884,1.5383885,0.46
2318.6331305503845,301,0.00064699026,1.7119845,0.43
2325.752188205719,302,0.00064699026,1.4153358,0.46
2332.8876395225525,303,0.00064699026,1.3728933,0.48
2340.0900897979736,304,0.00064699026,1.3374684,0.43
2347.2207448482513,305,0.00064699026,1.3182396,0.46
2354.3135759830475,306,0.00064699026,1.3886305,0.45
2361.4543504714966,307,0.00064699026,1.3667574,0.47
2368.554809808731,308,0.00064699026,1.4263713,0.44
2376.014288663864,309,0.00064699026,1.6078428,0.44
2383.098784685135,310,0.00064699026,1.3086864,0.52
2390.280945301056,311,0.00064699026,1.3326088,0.46
2397.4715025424957,312,0.00064699026,1.2800945,0.44
2404.5494425296783,313,0.00064699026,1.603331,0.47
2411.926191806793,314,0.00064699026,1.5118365,0.46
2419.149435043335,315,0.00064699026,1.3684605,0.56
2426.3026661872864,316,0.00064699026,1.3559496,0.42
2433.4864242076874,317,0.00064699026,1.3572632,0.46
2440.4721853733063,318,0.00064699026,1.4044322,0.5
2447.6644389629364,319,0.00064699026,1.3397646,0.56
2454.8906569480896,320,0.00064699026,1.3192507,0.49
2461.951075077057,321,0.00064699026,1.2923735,0.53
2469.2260847091675,322,0.00064699026,1.4187015,0.49
2476.390730381012,323,0.00064699026,1.4970374,0.43
2483.683599948883,324,0.00064699026,1.5923556,0.56
2490.8765966892242,325,0.00064699026,1.3351817,0.47
2498.0296239852905,326,0.00064699026,1.3089126,0.52
2505.1088004112244,327,0.00064699026,1.2649305,0.4
2512.2200367450714,328,0.00064699026,1.4485238,0.44
2519.3740994930267,329,0.00064699026,1.5027978,0.49
2526.57754611969,330,0.00064699026,1.5419182,0.48
2533.6306443214417,331,0.00064699026,1.4874597,0.51
2540.7857797145844,332,0.00064699026,1.3205051,0.53
2547.8636462688446,333,0.00064699026,1.3921561,0.5
2555.076835155487,334,0.00064699026,1.2404784,0.53
2562.2376425266266,335,0.00064699026,1.2358379,0.4
2569.4452998638153,336,0.00064699026,1.439173,0.41
2577.02037024498,337,0.00064699026,1.4959499,0.44
2584.1428174972534,338,0.00064699026,1.462647,0.48
2591.5338435173035,339,0.00064699026,1.2567787,0.51
2598.6654176712036,340,0.00064699026,1.2096952,0.52
2605.868909597397,341,0.00064699026,1.1237364,0.56
2613.022910118103,342,0.00064699026,1.2677723,0.55
2620.116977930069,343,0.00064699026,1.1013294,0.6
2627.250566482544,344,0.00064699026,1.189829,0.47
2634.415431499481,345,0.00064699026,1.2014723,0.56
2641.582308292389,346,0.00064699026,1.2931974,0.51
2648.7367062568665,347,0.00064699026,1.1563175,0.58
2655.7398731708527,348,0.00064699026,1.1992824,0.45
2662.8408665657043,349,0.00064699026,1.3087485,0.45
2669.9965693950653,350,0.00064699026,1.481873,0.46
2677.068016052246,351,0.0006017009,1.5294412,0.48
2684.261304140091,352,0.0006017009,1.3777305,0.51
2691.4106543064117,353,0.0006017009,1.226152,0.53
2698.5760822296143,354,0.0006017009,1.2067479,0.56
2705.7500460147858,355,0.0006017009,1.2213488,0.52
2712.800502538681,356,0.0006017009,1.1192429,0.57
2719.922835826874,357,0.0006017009,1.1881475,0.51
2727.1422262191772,358,0.0006017009,1.0423014,0.6
2734.375623703003,359,0.0006017009,1.2901161,0.49
2741.590908765793,360,0.0006017009,1.197729,0.55
2748.8713409900665,361,0.0006017009,1.1894615,0.53
2756.1187796592712,362,0.0006017009,1.170447,0.5
2763.287299156189,363,0.0006017009,1.1769767,0.55
2770.448800086975,364,0.0006017009,1.1988319,0.52
2778.0605528354645,365,0.0006017009,1.2069759,0.54
2785.233014822006,366,0.0006017009,1.1882701,0.55
2792.423195362091,367,0.0006017009,1.204089,0.54
2799.6500430107117,368,0.0006017009,1.20574,0.57
2806.7187876701355,369,0.0006017009,1.2682947,0.48
2813.8638982772827,370,0.0006017009,1.2531254,0.51
2821.030183315277,371,0.0006017009,1.2221245,0.59
2828.222284078598,372,0.0006017009,1.262386,0.46
2835.406274795532,373,0.0006017009,1.0135585,0.58
2842.606996536255,374,0.0006017009,1.206685,0.6
2849.698115348816,375,0.0006017009,1.2049814,0.56
2856.893669605255,376,0.0006017009,1.1621498,0.55
2864.052472114563,377,0.0006017009,1.0566816,0.56
2871.0493557453156,378,0.0006017009,1.046492,0.54
2878.202113389969,379,0.0006017009,1.0496272,0.53
2885.370301961899,380,0.0006017009,1.2651167,0.54
2892.5714251995087,381,0.0006017009,1.2134646,0.5
2899.615252017975,382,0.0006017009,1.2490512,0.54
2906.7819623947144,383,0.0006017009,1.2435293,0.5
2914.0166602134705,384,0.0006017009,1.3305262,0.58
2921.1764092445374,385,0.0006017009,1.1687912,0.56
2928.2702264785767,386,0.0006017009,1.1052145,0.55
2935.4728467464447,387,0.0006017009,1.04602,0.54
2942.6282238960266,388,0.0006017009,1.2339573,0.59
2949.764497280121,389,0.0006017009,1.1202877,0.52
2956.9696838855743,390,0.0006017009,0.9960178,0.64
2964.023587703705,391,0.0006017009,1.0719019,0.47
2971.199561357498,392,0.0006017009,1.13334,0.55
2978.9092075824738,393,0.0006017009,1.2953265,0.56
2986.0226879119873,394,0.0006017009,1.1914227,0.52
2993.151165008545,395,0.0006017009,1.0424641,0.58
3000.3313715457916,396,0.0006017009,1.086516,0.5
3007.4985926151276,397,0.0006017009,1.1215094,0.56
3014.581904411316,398,0.0006017009,1.0195028,0.6
3021.7286133766174,399,0.0006017009,1.0245651,0.57
3028.7946577072144,400,0.0006017009,1.0766106,0.55
3035.977522611618,401,0.00055958185,1.001819,0.56
3043.1726937294006,402,0.00055958185,1.0077895,0.6
3050.3263804912567,403,0.00055958185,0.9877206,0.55
3057.3661966323853,404,0.00055958185,1.0484427,0.51
3064.5115797519684,405,0.00055958185,0.9679822,0.56
3071.756807088852,406,0.00055958185,1.0810251,0.58
3078.9424946308136,407,0.00055958185,0.91214305,0.55
3086.1169817447662,408,0.00055958185,1.0147266,0.54
3093.1870012283325,409,0.00055958185,1.1590081,0.56
3100.197559118271,410,0.00055958185,1.0272832,0.61
3107.276381254196,411,0.00055958185,1.102307,0.57
3114.500733613968,412,0.00055958185,0.97340786,0.66
3121.685144662857,413,0.00055958185,1.0106546,0.56
3128.8318362236023,414,0.00055958185,0.9600179,0.6
3136.007303237915,415,0.00055958185,0.9776768,0.53
3143.0523767471313,416,0.00055958185,0.9891503,0.56
3150.2420659065247,417,0.00055958185,0.92489415,0.59
3157.411632537842,418,0.00055958185,0.9205702,0.58
3164.5417256355286,419,0.00055958185,0.9477607,0.63
3171.568431854248,420,0.00055958185,0.98635495,0.51
3179.155697107315,421,0.00055958185,0.9732139,0.6
3186.389207839966,422,0.00055958185,0.97081816,0.54
3193.669544696808,423,0.00055958185,0.8167025,0.62
3200.941376686096,424,0.00055958185,1.0013967,0.58
3208.0834245681763,425,0.00055958185,0.9727506,0.62
3215.237866640091,426,0.00055958185,0.88305706,0.55
3222.3476593494415,427,0.00055958185,1.0855197,0.58
3229.5443153381348,428,0.00055958185,1.0765625,0.55
3236.63307762146,429,0.00055958185,0.9037827,0.52
3243.8961791992188,430,0.00055958185,0.94676995,0.59
3251.060899734497,431,0.00055958185,0.9615084,0.59
3258.2205622196198,432,0.00055958185,0.9757679,0.55
3265.3682379722595,433,0.00055958185,1.0467386,0.61
3272.4483280181885,434,0.00055958185,0.9202093,0.62
3279.499039173126,435,0.00055958185,0.84639275,0.6
3286.6594779491425,436,0.00055958185,0.7971859,0.56
3293.831197500229,437,0.00055958185,0.8868318,0.65
3301.073614358902,438,0.00055958185,1.0304422,0.53
3308.2908413410187,439,0.00055958185,1.0465764,0.64
3315.3514275550842,440,0.00055958185,0.8546487,0.67
3322.511978626251,441,0.00055958185,0.7979572,0.59
3329.723209142685,442,0.00055958185,0.86584604,0.62
3336.7760179042816,443,0.00055958185,0.8702224,0.59
3343.9979400634766,444,0.00055958185,0.8402098,0.65
3351.046998500824,445,0.00055958185,0.9017661,0.53
3358.244450569153,446,0.00055958185,0.9145344,0.59
3365.477936267853,447,0.00055958185,0.99914193,0.57
3372.5671486854553,448,0.00055958185,1.0085275,0.55
3380.1853721141815,449,0.00055958185,0.94973505,0.58
3387.35884475708,450,0.00055958185,0.84983253,0.64
3394.544812440872,451,0.0005204112,0.9055514,0.58
3401.7591166496277,452,0.0005204112,0.8175188,0.59
3409.0085508823395,453,0.0005204112,0.8471539,0.59
3416.069881916046,454,0.0005204112,0.8573992,0.59
3423.186270713806,455,0.0005204112,0.8584963,0.54
3430.606043815613,456,0.0005204112,0.94845986,0.61
3437.8079233169556,457,0.0005204112,0.8178607,0.63
3445.010213136673,458,0.0005204112,0.86994606,0.61
3452.2052364349365,459,0.0005204112,0.9669358,0.58
3459.5594635009766,460,0.0005204112,0.8934649,0.66
3466.818579673767,461,0.0005204112,0.78094536,0.58
3474.089193582535,462,0.0005204112,0.7089811,0.68
3481.293934106827,463,0.0005204112,0.7834966,0.58
3488.7600071430206,464,0.0005204112,0.8919009,0.66
3495.884737968445,465,0.0005204112,1.0482925,0.57
3503.049124956131,466,0.0005204112,0.848377,0.68
3510.078231573105,467,0.0005204112,0.89576584,0.62
3517.240986585617,468,0.0005204112,0.7404034,0.63
3524.3537356853485,469,0.0005204112,0.8351438,0.62
3531.522568464279,470,0.0005204112,0.7539602,0.62
3538.679719209671,471,0.0005204112,0.82609487,0.66
3545.898681640625,472,0.0005204112,0.7614089,0.55
3553.0013585090637,473,0.0005204112,0.8132477,0.58
3560.127204656601,474,0.0005204112,0.9016938,0.6
3567.136081457138,475,0.0005204112,0.963059,0.62
3574.3505041599274,476,0.0005204112,0.9441984,0.67
3581.931168317795,477,0.0005204112,0.7628327,0.53
3589.071627140045,478,0.0005204112,0.76131827,0.64
3596.2074677944183,479,0.0005204112,0.8780052,0.54
3603.4339995384216,480,0.0005204112,0.74151313,0.66
3610.6836190223694,481,0.0005204112,0.7213325,0.58
3617.65305519104,482,0.0005204112,0.6435231,0.67
3624.873724937439,483,0.0005204112,0.58900917,0.6
3631.936800479889,484,0.0005204112,0.5918868,0.68
3639.1197204589844,485,0.0005204112,0.69616944,0.54
3646.322467327118,486,0.0005204112,0.7093911,0.66
3653.5273451805115,487,0.0005204112,0.79728186,0.62
3660.6353731155396,488,0.0005204112,0.8507058,0.56
3667.8788273334503,489,0.0005204112,0.8321907,0.63
3675.121581554413,490,0.0005204112,0.80467737,0.59
3682.2904410362244,491,0.0005204112,0.7393238,0.66
3689.403508901596,492,0.0005204112,0.69868696,0.58
3696.567795276642,493,0.0005204112,0.73142266,0.7
3703.7761108875275,494,0.0005204112,0.63027626,0.59
3710.917391061783,495,0.0005204112,0.63937724,0.64
3718.0998957157135,496,0.0005204112,0.7405092,0.55
3725.4537534713745,497,0.0005204112,0.7719138,0.62
3732.6550409793854,498,0.0005204112,0.6738228,0.58
3739.6473665237427,499,0.0005204112,0.73578507,0.6
3746.800615787506,500,0.0005204112,0.7532941,0.65
3753.945098400116,501,0.00048398238,0.65881157,0.64
3761.158521413803,502,0.00048398238,0.5834498,0.67
3768.344054222107,503,0.00048398238,0.72399026,0.61
3775.5119631290436,504,0.00048398238,0.5649117,0.62
3782.9568433761597,505,0.00048398238,0.796193,0.62
3790.0147576332092,506,0.00048398238,0.63863593,0.66
3797.1946890354156,507,0.00048398238,0.6779199,0.6
3804.3944396972656,508,0.00048398238,0.6187551,0.58
3811.6209483146667,509,0.00048398238,0.81698686,0.6
3818.7941715717316,510,0.00048398238,0.7710207,0.64
3825.9062402248383,511,0.00048398238,0.5054477,0.63
3833.1007730960846,512,0.00048398238,0.6613168,0.68
3840.3067078590393,513,0.00048398238,0.56833094,0.64
3847.521735191345,514,0.00048398238,0.5221153,0.69
3854.740898370743,515,0.00048398238,0.5616804,0.61
3861.9135863780975,516,0.00048398238,0.5770884,0.61
3869.0487475395203,517,0.00048398238,0.65750945,0.58
3876.234842777252,518,0.00048398238,0.71769404,0.65
3883.3187141418457,519,0.00048398238,0.6875392,0.64
3890.4909472465515,520,0.00048398238,0.5705236,0.6
3897.675288915634,521,0.00048398238,0.59607244,0.63
3904.9319145679474,522,0.00048398238,0.74812216,0.64
3912.0520029067993,523,0.00048398238,0.64995074,0.62
3919.163074016571,524,0.00048398238,0.6010066,0.67
3926.4059631824493,525,0.00048398238,0.57909405,0.61
3933.4990894794464,526,0.00048398238,0.67989016,0.68
3940.6694662570953,527,0.00048398238,0.52541107,0.55
3947.845050573349,528,0.00048398238,0.7104282,0.66
3955.059717655182,529,0.00048398238,0.6644239,0.59
3962.0580422878265,530,0.00048398238,0.6821102,0.66
3969.8189454078674,531,0.00048398238,0.69545174,0.62
3976.97212767601,532,0.00048398238,0.5771156,0.66
3984.569936275482,533,0.00048398238,0.6099218,0.67
3991.709365606308,534,0.00048398238,0.583866,0.61
3998.794506788254,535,0.00048398238,0.6108503,0.67
4005.9935796260834,536,0.00048398238,0.7004297,0.56
4013.0496373176575,537,0.00048398238,0.77256966,0.69
4020.230768442154,538,0.00048398238,0.6233349,0.66
4027.431099176407,539,0.00048398238,0.5618327,0.66
4034.5175001621246,540,0.00048398238,0.5206646,0.67
4041.6255779266357,541,0.00048398238,0.661002,0.58
4048.606387615204,542,0.00048398238,0.70409226,0.65
4055.822877407074,543,0.00048398238,0.7104603,0.52
4062.95539355278,544,0.00048398238,0.8655176,0.64
4070.127400159836,545,0.00048398238,0.67895746,0.58
4077.293637275696,546,0.00048398238,0.5410747,0.68
4084.2956080436707,547,0.00048398238,0.48292315,0.62
4091.4893946647644,548,0.00048398238,0.544408,0.71
4098.920031785965,549,0.00048398238,0.41730404,0.62
4106.134956121445,550,0.00048398238,0.52641135,0.67
4113.37589597702,551,0.0004501036,0.5393702,0.63
4120.512445926666,552,0.0004501036,0.56160057,0.61
4127.672885656357,553,0.0004501036,0.5142777,0.67
4134.90855884552,554,0.0004501036,0.43621188,0.67
4142.004650115967,555,0.0004501036,0.5216347,0.67
4149.049552679062,556,0.0004501036,0.47182256,0.62
4156.1711893081665,557,0.0004501036,0.4649931,0.7
4163.385663032532,558,0.0004501036,0.52487487,0.64
4170.579171180725,559,0.0004501036,0.41417184,0.65
4177.753698825836,560,0.0004501036,0.48044917,0.67
4185.315534353256,561,0.0004501036,0.53862447,0.65
4192.472829818726,562,0.0004501036,0.4933061,0.63
4199.5640506744385,563,0.0004501036,0.51356715,0.6
4206.861303567886,564,0.0004501036,0.7341042,0.62
4213.956028699875,565,0.0004501036,0.618664,0.62
4221.131773471832,566,0.0004501036,0.49018604,0.63
4228.227442264557,567,0.0004501036,0.5081617,0.64
4235.429838657379,568,0.0004501036,0.36014423,0.67
4242.591261386871,569,0.0004501036,0.4123628,0.63
4249.723174571991,570,0.0004501036,0.4087524,0.65
4256.8147349357605,571,0.0004501036,0.33747485,0.69
4264.018877983093,572,0.0004501036,0.33278075,0.65
4271.164708614349,573,0.0004501036,0.34991175,0.62
4278.366352558136,574,0.0004501036,0.4190889,0.61
4285.511553287506,575,0.0004501036,0.48340565,0.58
4292.533226490021,576,0.0004501036,0.5826432,0.62
4299.685678720474,577,0.0004501036,0.5503253,0.55
4306.875696659088,578,0.0004501036,0.6244748,0.65
4314.101931095123,579,0.0004501036,0.8009025,0.59
4321.289390325546,580,0.0004501036,0.4687982,0.68
4328.6116280555725,581,0.0004501036,0.36811846,0.64
4335.814860343933,582,0.0004501036,0.31970838,0.63
4342.993061065674,583,0.0004501036,0.28574017,0.61
4350.177521705627,584,0.0004501036,0.38691005,0.6
4357.388622760773,585,0.0004501036,0.39279628,0.66
4364.429080247879,586,0.0004501036,0.44233733,0.59
4371.515754699707,587,0.0004501036,0.55266225,0.67
4378.4994196891785,588,0.0004501036,0.46100575,0.59
4386.28616809845,589,0.0004501036,0.35461393,0.7
4393.526955842972,590,0.0004501036,0.3385124,0.66
4400.7013256549835,591,0.0004501036,0.26258528,0.69
4407.942502498627,592,0.0004501036,0.26211417,0.66
4415.192806720734,593,0.0004501036,0.33816457,0.69
4422.390118360519,594,0.0004501036,0.31175932,0.62
4429.4934203624725,595,0.0004501036,0.31255224,0.66
4436.598029851913,596,0.0004501036,0.40835345,0.65
4443.729280948639,597,0.0004501036,0.33610243,0.61
4451.524216175079,598,0.0004501036,0.43903628,0.63
4458.659520864487,599,0.0004501036,0.3662896,0.67
4465.789497375488,600,0.0004501036,0.26330742,0.66
4472.88258767128,601,0.00041859635,0.31645122,0.61
4480.006995677948,602,0.00041859635,0.36735728,0.7
4487.089990854263,603,0.00041859635,0.45202714,0.63
4494.207975625992,604,0.00041859635,0.36587447,0.68
4501.340557813644,605,0.00041859635,0.32591304,0.65
4508.529635190964,606,0.00041859635,0.31221426,0.67
4515.7137043476105,607,0.00041859635,0.24179807,0.68
4523.080832719803,608,0.00041859635,0.27531862,0.69
4530.300347328186,609,0.00041859635,0.2669269,0.6
4537.506503582001,610,0.00041859635,0.29583907,0.71
4544.484745025635,611,0.00041859635,0.30280662,0.61
4551.602246522903,612,0.00041859635,0.28281948,0.68
4558.732546806335,613,0.00041859635,0.28958225,0.64
4565.954685926437,614,0.00041859635,0.30965045,0.71
4572.992565393448,615,0.00041859635,0.2651585,0.61
4580.152097940445,616,0.00041859635,0.26424772,0.67
4587.660370588303,617,0.00041859635,0.5926084,0.61
4594.933811664581,618,0.00041859635,0.52030325,0.6
4603.011544942856,619,0.00041859635,0.5379299,0.61
4610.163795232773,620,0.00041859635,0.59397554,0.67
4617.298083305359,621,0.00041859635,0.38091815,0.64
4624.3935606479645,622,0.00041859635,0.43232074,0.64
4631.643967628479,623,0.00041859635,0.4972639,0.67
4638.748836278915,624,0.00041859635,0.35092077,0.64
4645.883502006531,625,0.00041859635,0.3592712,0.67
4653.00227189064,626,0.00041859635,0.32947809,0.66
4660.157492160797,627,0.00041859635,0.3235674,0.67
4667.126918077469,628,0.00041859635,0.31471702,0.63
4674.218211174011,629,0.00041859635,0.30453396,0.7
4681.565362215042,630,0.00041859635,0.29623187,0.63
4688.711575508118,631,0.00041859635,0.3032031,0.69
4695.86537861824,632,0.00041859635,0.38590825,0.58
4702.870935916901,633,0.00041859635,0.4459292,0.66
4710.027058124542,634,0.00041859635,0.38311237,0.56
4717.125177383423,635,0.00041859635,0.3521677,0.68
4724.398624658585,636,0.00041859635,0.34516984,0.65
4731.534139156342,637,0.00041859635,0.33386958,0.6
4738.827958583832,638,0.00041859635,0.31858766,0.68
4746.20644903183,639,0.00041859635,0.35503733,0.64
4753.315546512604,640,0.00041859635,0.33323926,0.67
4760.451993703842,641,0.00041859635,0.3019991,0.63
4767.5728261470795,642,0.00041859635,0.38958046,0.64
4774.553800106049,643,0.00041859635,0.38061437,0.66
4781.75371837616,644,0.00041859635,0.29581347,0.63
4789.280810594559,645,0.00041859635,0.2502888,0.69
4796.436076164246,646,0.00041859635,0.2819428,0.64
4803.690305233002,647,0.00041859635,0.24920279,0.65
4810.882657766342,648,0.00041859635,0.3059985,0.64
4818.037695884705,649,0.00041859635,0.28838843,0.68
4825.1789309978485,650,0.00041859635,0.15880911,0.66
4832.374511957169,651,0.0003892946,0.25565785,0.64
4839.566698789597,652,0.0003892946,0.19706781,0.69
4846.711625099182,653,0.0003892946,0.30005297,0.64
4853.846938371658,654,0.0003892946,0.19850382,0.69
4861.052790880203,655,0.0003892946,0.16554958,0.69
4868.346134185791,656,0.0003892946,0.1642475,0.66
4875.544602155685,657,0.0003892946,0.1475423,0.7
4882.5248947143555,658,0.0003892946,0.11997715,0.66
4889.769205093384,659,0.0003892946,0.1606964,0.64
4896.942239522934,660,0.0003892946,0.16508292,0.64
4904.009772062302,661,0.0003892946,0.18615071,0.66
4911.15188574791,662,0.0003892946,0.20476416,0.65
4918.3121728897095,663,0.0003892946,0.22848725,0.55
4925.523628234863,664,0.0003892946,0.34399793,0.66
4932.740327596664,665,0.0003892946,0.23692141,0.63
4939.874657869339,666,0.0003892946,0.20435995,0.66
4946.882434844971,667,0.0003892946,0.24701633,0.62
4954.043502092361,668,0.0003892946,0.13814113,0.7
4961.089047908783,669,0.0003892946,0.15316291,0.66
4968.188643455505,670,0.0003892946,0.12235436,0.71
4975.3059821128845,671,0.0003892946,0.17439343,0.63
4982.330861091614,672,0.0003892946,0.14939404,0.7
4989.849998950958,673,0.0003892946,0.19509815,0.63
4997.008844614029,674,0.0003892946,0.25611398,0.68
5004.130047082901,675,0.0003892946,0.23015301,0.63
5011.312743425369,676,0.0003892946,0.20544805,0.68
5018.4793491363525,677,0.0003892946,0.1585044,0.61
5025.434702396393,678,0.0003892946,0.19695386,0.67
5032.554475069046,679,0.0003892946,0.20086412,0.63
5039.560960054398,680,0.0003892946,0.21932988,0.69
5046.730520963669,681,0.0003892946,0.24464588,0.61
5053.87585401535,682,0.0003892946,0.22459714,0.67
5061.32625579834,683,0.0003892946,0.21066205,0.63
5068.442851066589,684,0.0003892946,0.19977869,0.69
5075.476877689362,685,0.0003892946,0.23760137,0.58
5082.638300657272,686,0.0003892946,0.30347255,0.69
5089.835607767105,687,0.0003892946,0.20456599,0.65
5096.940421819687,688,0.0003892946,0.11102407,0.71
5103.947180509567,689,0.0003892946,0.12561418,0.69
5111.161100149155,690,0.0003892946,0.12225433,0.67
5118.311780691147,691,0.0003892946,0.092394665,0.68
5125.475178003311,692,0.0003892946,0.1285087,0.69
5132.508020162582,693,0.0003892946,0.14107028,0.69
5139.65762591362,694,0.0003892946,0.13592206,0.67
5146.6811327934265,695,0.0003892946,0.11165154,0.69
5153.637265920639,696,0.0003892946,0.12446947,0.63
5160.694816827774,697,0.0003892946,0.31543562,0.63
5167.860126256943,698,0.0003892946,0.33070832,0.57
5174.987364053726,699,0.0003892946,0.5124095,0.59
5182.088922739029,700,0.0003892946,0.5190195,0.58
5189.667751550674,701,0.000362044,0.33317304,0.69
5196.800745725632,702,0.000362044,0.2199151,0.69
5203.9357261657715,703,0.000362044,0.09545867,0.69
5211.049850940704,704,0.000362044,0.07111098,0.69
5218.074581861496,705,0.000362044,0.110430844,0.71
5225.215477705002,706,0.000362044,0.14682265,0.69
5232.321964502335,707,0.000362044,0.08081231,0.71
5239.533928155899,708,0.000362044,0.083007574,0.7
5246.512715101242,709,0.000362044,0.07484968,0.67
5253.633317947388,710,0.000362044,0.06820589,0.67
5260.646724700928,711,0.000362044,0.09737245,0.64
5267.692647457123,712,0.000362044,0.092646204,0.69
5274.8039791584015,713,0.000362044,0.09972563,0.63
5281.833665132523,714,0.000362044,0.18761571,0.71
5288.963182687759,715,0.000362044,0.19191526,0.69
5296.094767093658,716,0.000362044,0.078216545,0.71
5303.187843084335,717,0.000362044,0.08731209,0.72
5310.237840414047,718,0.000362044,0.07615028,0.67
5317.461548566818,719,0.000362044,0.060517885,0.69
5324.590388774872,720,0.000362044,0.07401558,0.67
5331.736886262894,721,0.000362044,0.07745811,0.68
5338.856559514999,722,0.000362044,0.079730466,0.6
5346.067330598831,723,0.000362044,0.13378485,0.64
5353.1498465538025,724,0.000362044,0.25249013,0.64
5360.213684797287,725,0.000362044,0.17625788,0.61
5367.339296102524,726,0.000362044,0.21497568,0.63
5374.442330360413,727,0.000362044,0.082870476,0.64
5381.37585067749,728,0.000362044,0.16769724,0.65
5388.847182035446,729,0.000362044,0.1661301,0.7
5395.957543373108,730,0.000362044,0.15821205,0.67
5402.992772579193,731,0.000362044,0.13687593,0.67
5410.077210187912,732,0.000362044,0.11833934,0.67
5417.156808853149,733,0.000362044,0.12914275,0.67
5424.315563440323,734,0.000362044,0.07730883,0.66
5431.519536018372,735,0.000362044,0.08290258,0.69
5438.663748025894,736,0.000362044,0.10040508,0.66
5445.752397537231,737,0.000362044,0.11797631,0.69
5453.174208402634,738,0.000362044,0.1138132,0.62
5460.334200382233,739,0.000362044,0.10815229,0.68
5467.343672275543,740,0.000362044,0.1444705,0.62
5474.426016807556,741,0.000362044,0.38076267,0.71
5481.545933246613,742,0.000362044,0.3214066,0.65
5488.683020591736,743,0.000362044,0.23983398,0.63
5495.786765575409,744,0.000362044,0.15311082,0.64
5502.8135805130005,745,0.000362044,0.17311525,0.67
5509.993385076523,746,0.000362044,0.06576946,0.63
5517.078247308731,747,0.000362044,0.1206053,0.68
5524.194706439972,748,0.000362044,0.10253178,0.63
5531.255316734314,749,0.000362044,0.07161831,0.7
5538.377175569534,750,0.000362044,0.07410434,0.63
5545.546833753586,751,0.00033670093,0.06401448,0.64
5552.676963329315,752,0.00033670093,0.10204075,0.65
5559.617264509201,753,0.00033670093,0.053617146,0.65
5566.687721014023,754,0.00033670093,0.08837099,0.64
5573.858241558075,755,0.00033670093,0.06267199,0.65
5580.997916460037,756,0.00033670093,0.07204168,0.64
5588.616053104401,757,0.00033670093,0.036868833,0.62
5595.721458911896,758,0.00033670093,0.055987787,0.66
5604.099695444107,759,0.00033670093,0.07178751,0.66
5611.291650533676,760,0.00033670093,0.04467704,0.62
5618.412667512894,761,0.00033670093,0.05992982,0.68
5625.348549365997,762,0.00033670093,0.05786682,0.63
5632.436499118805,763,0.00033670093,0.072271176,0.67
5639.537979364395,764,0.00033670093,0.08707427,0.64
5647.054419994354,765,0.00033670093,0.11874901,0.67
5654.036613941193,766,0.00033670093,0.0510988,0.6
5661.135409593582,767,0.00033670093,0.16656777,0.65
5668.236840009689,768,0.00033670093,0.22259676,0.56
5675.254912137985,769,0.00033670093,0.34348896,0.59
5682.363101005554,770,0.00033670093,0.30003354,0.62
5689.285286426544,771,0.00033670093,0.1130725,0.66
5696.3975965976715,772,0.00033670093,0.055723194,0.65
5703.558069705963,773,0.00033670093,0.042286977,0.64
5710.638238430023,774,0.00033670093,0.04605073,0.67
5717.809148073196,775,0.00033670093,0.03022158,0.65
5724.970810413361,776,0.00033670093,0.045500826,0.65
5732.029833316803,777,0.00033670093,0.03859266,0.67
5739.212669849396,778,0.00033670093,0.03928671,0.66
5746.307440042496,779,0.00033670093,0.060501747,0.66
5753.439776659012,780,0.00033670093,0.041992106,0.67
5760.498445749283,781,0.00033670093,0.044314258,0.64
5767.634656429291,782,0.00033670093,0.06387445,0.68
5774.694556713104,783,0.00033670093,0.15492292,0.63
5781.768258333206,784,0.00033670093,0.22142,0.64
5789.213150262833,785,0.00033670093,0.13759467,0.65
5796.346252202988,786,0.00033670093,0.1437395,0.6
5803.422935724258,787,0.00033670093,0.16041201,0.68
5810.5475244522095,788,0.00033670093,0.027954016,0.69
5817.575301647186,789,0.00033670093,0.03601129,0.72
5824.661813259125,790,0.00033670093,0.030828746,0.7
5831.802055358887,791,0.00033670093,0.02517461,0.71
5838.9729063510895,792,0.00033670093,0.02524637,0.7
5845.963366270065,793,0.00033670093,0.023704808,0.69
5853.16175031662,794,0.00033670093,0.03690921,0.7
5860.348351478577,795,0.00033670093,0.016105631,0.68
5867.390985965729,796,0.00033670093,0.04025978,0.67
5874.58735537529,797,0.00033670093,0.02642969,0.66
5881.735284566879,798,0.00033670093,0.051259562,0.65
5888.90382027626,799,0.00033670093,0.023558356,0.71
5896.168266773224,800,0.00033670093,0.024197457,0.68
5903.335866689682,801,0.00031313187,0.053343207,0.7
5910.491018533707,802,0.00031313187,0.023738151,0.64
5917.568599700928,803,0.00031313187,0.03573648,0.67
5924.687995672226,804,0.00031313187,0.06351503,0.64
5932.083938121796,805,0.00031313187,0.1482736,0.61
5939.222866773605,806,0.00031313187,0.24064203,0.68
5946.304796218872,807,0.00031313187,0.12409548,0.62
5953.367991447449,808,0.00031313187,0.059949115,0.68
5962.206139087677,809,0.00031313187,0.05541507,0.71
5969.305583000183,810,0.00031313187,0.047968853,0.67
5976.4531507492065,811,0.00031313187,0.02610731,0.69
5983.4832174777985,812,0.00031313187,0.03104214,0.7
5990.980275630951,813,0.00031313187,0.040181253,0.69
5998.162763834,814,0.00031313187,0.031695444,0.69
6005.350528717041,815,0.00031313187,0.031157555,0.7
6012.37991976738,816,0.00031313187,0.03790844,0.71
6019.526153326035,817,0.00031313187,0.023351261,0.68
6026.616857290268,818,0.00031313187,0.016667003,0.67
6033.764858484268,819,0.00031313187,0.031484626,0.7
6040.88291311264,820,0.00031313187,0.018173706,0.69
6047.855626583099,821,0.00031313187,0.023597723,0.66
6055.081044435501,822,0.00031313187,0.035469186,0.67
6062.192927360535,823,0.00031313187,0.03057812,0.67
6069.225766658783,824,0.00031313187,0.029156446,0.71
6076.3527846336365,825,0.00031313187,0.028658507,0.64
6083.486396789551,826,0.00031313187,0.04001,0.67
6090.634558200836,827,0.00031313187,0.0382519,0.67
6097.664660453796,828,0.00031313187,0.037689235,0.67
6104.815460205078,829,0.00031313187,0.20753409,0.6
6111.923446416855,830,0.00031313187,0.5189597,0.63
6119.0588409900665,831,0.00031313187,0.22651681,0.61
6126.299560785294,832,0.00031313187,0.19768801,0.67
6133.291395664215,833,0.00031313187,0.09412599,0.66
6140.338159799576,834,0.00031313187,0.038748205,0.68
6147.403637170792,835,0.00031313187,0.028715024,0.66
6154.475990056992,836,0.00031313187,0.025226949,0.66
6161.530948877335,837,0.00031313187,0.011889854,0.68
6168.703568458557,838,0.00031313187,0.030732661,0.65
6175.827445983887,839,0.00031313187,0.015346008,0.68
6182.955995082855,840,0.00031313187,0.02128696,0.65
6190.8225655555725,841,0.00031313187,0.023435267,0.69
6197.955438613892,842,0.00031313187,0.033458162,0.68
6204.876510381699,843,0.00031313187,0.014892553,0.69
6211.920892238617,844,0.00031313187,0.01982901,0.69
6218.977888584137,845,0.00031313187,0.016773146,0.7
6226.155046463013,846,0.00031313187,0.022869218,0.67
6233.294984102249,847,0.00031313187,0.017497428,0.7
6240.484709024429,848,0.00031313187,0.035653405,0.66
6247.634900808334,849,0.00031313187,0.03360762,0.66
6254.838125228882,850,0.00031313187,0.021523394,0.7
6261.892798900604,851,0.00029121264,0.034821313,0.71
6268.8136830329895,852,0.00029121264,0.024290454,0.69
6276.029752254486,853,0.00029121264,0.012693261,0.66
6283.084327220917,854,0.00029121264,0.0194339,0.67
6290.210008621216,855,0.00029121264,0.027236639,0.65
6297.33956861496,856,0.00029121264,0.027200526,0.68
6304.528738260269,857,0.00029121264,0.03254693,0.63
6311.65935921669,858,0.00029121264,0.019431222,0.68
6318.6627633571625,859,0.00029121264,0.018408172,0.64
6325.809613227844,860,0.00029121264,0.01430842,0.71
6332.916617155075,861,0.00029121264,0.029213214,0.61
6340.057655334473,862,0.00029121264,0.020658754,0.67
6347.252692461014,863,0.00029121264,0.055737678,0.68
6354.292296886444,864,0.00029121264,0.019053703,0.68
6361.453025341034,865,0.00029121264,0.039374027,0.68
6368.536607265472,866,0.00029121264,0.06611183,0.64
6375.671033382416,867,0.00029121264,0.040304996,0.68
6382.796593904495,868,0.00029121264,0.025303952,0.65
6390.241170883179,869,0.00029121264,0.01778187,0.66
6397.405708789825,870,0.00029121264,0.029978096,0.68
6404.5378041267395,871,0.00029121264,0.020652415,0.63
6411.690770864487,872,0.00029121264,0.019783849,0.67
6419.082569122314,873,0.00029121264,0.053995527,0.66
6426.307197570801,874,0.00029121264,0.17382044,0.56
6433.557067871094,875,0.00029121264,0.5144059,0.67
6440.696372509003,876,0.00029121264,0.29637504,0.63
6447.6822628974915,877,0.00029121264,0.10742601,0.7
6454.704822063446,878,0.00029121264,0.037770752,0.7
6461.87748336792,879,0.00029121264,0.01672689,0.68
6468.950815677643,880,0.00029121264,0.014269017,0.7
6476.132194519043,881,0.00029121264,0.010363584,0.65
6483.2931208610535,882,0.00029121264,0.015747739,0.66
6490.309747457504,883,0.00029121264,0.014969422,0.67
6497.310896396637,884,0.00029121264,0.015693296,0.67
6504.477916955948,885,0.00029121264,0.01784767,0.68
6511.550824642181,886,0.00029121264,0.01852449,0.66
6518.7494740486145,887,0.00029121264,0.008228367,0.67
6525.852066040039,888,0.00029121264,0.01681671,0.67
6532.975466012955,889,0.00029121264,0.010757795,0.67
6540.110545873642,890,0.00029121264,0.008100992,0.67
6547.264847040176,891,0.00029121264,0.014879891,0.66
6554.287910461426,892,0.00029121264,0.018484939,0.67
6561.316152095795,893,0.00029121264,0.014574071,0.66
6568.442895889282,894,0.00029121264,0.018449975,0.64
6575.858458995819,895,0.00029121264,0.006816189,0.65
6583.016869306564,896,0.00029121264,0.019060167,0.65
6590.793855905533,897,0.00029121264,0.007432699,0.64
6597.776324748993,898,0.00029121264,0.032340158,0.66
6604.925504684448,899,0.00029121264,0.012090729,0.66
6612.048444986343,900,0.00029121264,0.0063773994,0.66
6619.184377193451,901,0.00027082776,0.01062008,0.69
6626.403209924698,902,0.00027082776,0.006832233,0.68
6633.43799996376,903,0.00027082776,0.007426415,0.68
6640.559363603592,904,0.00027082776,0.007962264,0.7
6647.648099422455,905,0.00027082776,0.0295158,0.72
6654.690177440643,906,0.00027082776,0.008005017,0.68
6661.8015077114105,907,0.00027082776,0.009254783,0.67
6668.911659479141,908,0.00027082776,0.017776566,0.69
6676.014590024948,909,0.00027082776,0.0143295275,0.69
6683.2058482170105,910,0.00027082776,0.012592167,0.68
6690.33064699173,911,0.00027082776,0.009904533,0.69
6697.359667539597,912,0.00027082776,0.022516875,0.72
6704.460391044617,913,0.00027082776,0.046737377,0.67
6711.68078327179,914,0.00027082776,0.050832152,0.68
6718.643965005875,915,0.00027082776,0.10894456,0.66
6725.801003217697,916,0.00027082776,0.15000288,0.74
6733.174682855606,917,0.00027082776,0.19798397,0.63
6740.594892501831,918,0.00027082776,0.091884635,0.7
6747.549072504044,919,0.00027082776,0.025375187,0.7
6754.726506471634,920,0.00027082776,0.014350595,0.67
6761.6825070381165,921,0.00027082776,0.013602709,0.68
6768.815712690353,922,0.00027082776,0.017837495,0.7
6775.793412685394,923,0.00027082776,0.006436966,0.7
6782.849712133408,924,0.00027082776,0.0037443286,0.66
6790.459283590317,925,0.00027082776,0.005158096,0.7
6797.513525485992,926,0.00027082776,0.013222909,0.7
6804.614244222641,927,0.00027082776,0.0092542395,0.71
6811.753067016602,928,0.00027082776,0.0070702573,0.68
6818.907363414764,929,0.00027082776,0.006892822,0.68
6826.0717124938965,930,0.00027082776,0.02788975,0.71
6833.170063257217,931,0.00027082776,0.016284758,0.7
6840.294235944748,932,0.00027082776,0.0071429885,0.68
6847.6996121406555,933,0.00027082776,0.0027515604,0.69
6854.904474020004,934,0.00027082776,0.011297098,0.68
6862.661032915115,935,0.00027082776,0.008113879,0.66
6869.874738454819,936,0.00027082776,0.009629532,0.69
6876.983460187912,937,0.00027082776,0.01008246,0.69
6884.135454177856,938,0.00027082776,0.006721553,0.72
6891.300397396088,939,0.00027082776,0.019734431,0.7
6898.318422317505,940,0.00027082776,0.0068971305,0.7
6905.479901075363,941,0.00027082776,0.0059423726,0.69
6912.699187994003,942,0.00027082776,0.01274553,0.66
6919.929841518402,943,0.00027082776,0.014076658,0.69
6927.090690374374,944,0.00027082776,0.0108882515,0.66
6934.1599378585815,945,0.00027082776,0.024995493,0.67
6941.290075063705,946,0.00027082776,0.024168361,0.69
6948.349905014038,947,0.00027082776,0.109016344,0.65
6955.484023809433,948,0.00027082776,0.31170735,0.65
6962.500318527222,949,0.00027082776,0.18531872,0.65
6969.5888929367065,950,0.00027082776,0.060123686,0.68
6976.614591360092,951,0.00025186982,0.043387543,0.69
6983.781708478928,952,0.00025186982,0.009839018,0.68
6991.494920730591,953,0.00025186982,0.007173178,0.69
6998.631201982498,954,0.00025186982,0.010494882,0.7
7005.796889305115,955,0.00025186982,0.005006775,0.7
7012.922957897186,956,0.00025186982,0.012661392,0.69
7020.094897031784,957,0.00025186982,0.004327553,0.67
7027.741893291473,958,0.00025186982,0.005521119,0.71
7034.914031982422,959,0.00025186982,0.0066896123,0.7
7042.059857606888,960,0.00025186982,0.011576635,0.7
7049.329699039459,961,0.00025186982,0.009468214,0.68
7056.453466415405,962,0.00025186982,0.006778614,0.71
7063.44346165657,963,0.00025186982,0.020497687,0.68
7070.591885566711,964,0.00025186982,0.008521334,0.68
7077.6931829452515,965,0.00025186982,0.008233355,0.73
7084.93786907196,966,0.00025186982,0.005258688,0.69
7092.162555217743,967,0.00025186982,0.0025894705,0.69
7099.388557672501,968,0.00025186982,0.010258707,0.68
7106.623214483261,969,0.00025186982,0.0063571455,0.67
7113.7823922634125,970,0.00025186982,0.0036494168,0.68
7120.94723033905,971,0.00025186982,0.0091257645,0.67
7128.109704017639,972,0.00025186982,0.024879094,0.69
7135.515787363052,973,0.00025186982,0.015060346,0.66
7142.678268909454,974,0.00025186982,0.015543477,0.67
7149.927188634872,975,0.00025186982,0.0058157877,0.67
7157.111853837967,976,0.00025186982,0.0032469975,0.67
7164.398656368256,977,0.00025186982,0.02005025,0.69
7171.819619417191,978,0.00025186982,0.049198106,0.68
7178.985145330429,979,0.00025186982,0.077361286,0.56
7186.189314842224,980,0.00025186982,0.20404488,0.59
7193.757368326187,981,0.00025186982,0.1769639,0.63
7200.878476142883,982,0.00025186982,0.06886355,0.66
7208.051114797592,983,0.00025186982,0.030394064,0.72
7215.075977802277,984,0.00025186982,0.008542535,0.67
7222.034201383591,985,0.00025186982,0.005680682,0.68
7229.129225254059,986,0.00025186982,0.0065548783,0.71
7236.276765584946,987,0.00025186982,0.0052852067,0.7
7243.3575484752655,988,0.00025186982,0.0061321743,0.7
7250.589634895325,989,0.00025186982,0.003033875,0.7
7257.733259439468,990,0.00025186982,0.0034471836,0.67
7264.995584964752,991,0.00025186982,0.008028172,0.69
7272.227544307709,992,0.00025186982,0.0058995276,0.66
7279.277137994766,993,0.00025186982,0.010491597,0.7
7286.455770730972,994,0.00025186982,0.010473484,0.67
7293.5923063755035,995,0.00025186982,0.0034679312,0.67
7300.850596904755,996,0.00025186982,0.0052683596,0.69
7308.231889724731,997,0.00025186982,0.014738344,0.68
7315.466645002365,998,0.00025186982,0.005937048,0.69
7322.656897544861,999,0.00025186982,0.005774257,0.67
7329.748572587967,1000,0.00025186982,0.0061985664,0.69
7336.849734544754,1001,0.00023423892,0.005452507,0.66
7343.926322221756,1002,0.00023423892,0.023048798,0.66
7351.019228696823,1003,0.00023423892,0.004376234,0.68
7358.050562143326,1004,0.00023423892,0.004028439,0.69
7365.133063554764,1005,0.00023423892,0.0064167962,0.7
7372.2664976119995,1006,0.00023423892,0.0057050404,0.68
7379.417836904526,1007,0.00023423892,0.0074357074,0.68
7386.695257425308,1008,0.00023423892,0.0040395563,0.68
7394.244566440582,1009,0.00023423892,0.0031141595,0.69
7401.423162937164,1010,0.00023423892,0.0059477226,0.68
7408.452112674713,1011,0.00023423892,0.022700176,0.66
7415.535430431366,1012,0.00023423892,0.004570499,0.65
7422.588504552841,1013,0.00023423892,0.0076402626,0.66
7429.594949007034,1014,0.00023423892,0.009100906,0.64
7436.680251836777,1015,0.00023423892,0.0057355,0.66
7443.847093582153,1016,0.00023423892,0.0029269704,0.68
7451.178385972977,1017,0.00023423892,0.0072030155,0.67
7458.274772882462,1018,0.00023423892,0.005205465,0.66
7465.477726221085,1019,0.00023423892,0.008058034,0.7
7472.62286734581,1020,0.00023423892,0.0055286344,0.64
7479.657416343689,1021,0.00023423892,0.011424769,0.66
7486.843100309372,1022,0.00023423892,0.0043078037,0.65
7493.953425168991,1023,0.00023423892,0.017393457,0.65
7501.013253450394,1024,0.00023423892,0.037550405,0.66
7508.352270126343,1025,0.00023423892,0.13039656,0.62
7515.506295681,1026,0.00023423892,0.09420024,0.67
7522.674016237259,1027,0.00023423892,0.025315005,0.67
7529.831081390381,1028,0.00023423892,0.006340742,0.68
7537.028556108475,1029,0.00023423892,0.004580784,0.65
7544.169437408447,1030,0.00023423892,0.0037543168,0.68
7551.2724323272705,1031,0.00023423892,0.008174793,0.66
7558.368376493454,1032,0.00023423892,0.0060122306,0.68
7565.579961299896,1033,0.00023423892,0.010429643,0.67
7572.7283847332,1034,0.00023423892,0.008794373,0.67
7579.890290975571,1035,0.00023423892,0.008871063,0.66
7587.0964550971985,1036,0.00023423892,0.0032917443,0.64
7594.671427726746,1037,0.00023423892,0.0029541394,0.66
7601.738232851028,1038,0.00023423892,0.0037556626,0.65
7608.890402793884,1039,0.00023423892,0.0064699585,0.65
7616.019889116287,1040,0.00023423892,0.012600871,0.67
7623.146152973175,1041,0.00023423892,0.010450701,0.65
7630.292702436447,1042,0.00023423892,0.0069665257,0.64
7637.412365436554,1043,0.00023423892,0.0104317805,0.66
7644.552969455719,1044,0.00023423892,0.0029247806,0.65
7651.704729795456,1045,0.00023423892,0.01775154,0.69
7658.839020729065,1046,0.00023423892,0.0042738575,0.67
7665.931628704071,1047,0.00023423892,0.006260961,0.67
7673.066689968109,1048,0.00023423892,0.0042607705,0.65
7680.122273445129,1049,0.00023423892,0.0077106417,0.62
7687.158112049103,1050,0.00023423892,0.012040826,0.62
7694.242510318756,1051,0.0002178422,0.012018928,0.65
7701.4544043540955,1052,0.0002178422,0.0065245167,0.69
7708.559287548065,1053,0.0002178422,0.002491173,0.62
7715.728803634644,1054,0.0002178422,0.00502289,0.66
7722.829971313477,1055,0.0002178422,0.007613161,0.68
7730.001752138138,1056,0.0002178422,0.0042692926,0.67
7736.993933677673,1057,0.0002178422,0.017935095,0.68
7744.06313419342,1058,0.0002178422,0.010126903,0.65
7751.258478403091,1059,0.0002178422,0.0013845362,0.67
7758.492164373398,1060,0.0002178422,0.0042773476,0.65
7765.477503538132,1061,0.0002178422,0.0094122095,0.65
7772.683127164841,1062,0.0002178422,0.010630118,0.62
7779.659725427628,1063,0.0002178422,0.006664863,0.64
7786.787009477615,1064,0.0002178422,0.007164443,0.65
7794.290316104889,1065,0.0002178422,0.0050503653,0.64
7801.453145503998,1066,0.0002178422,0.0069705676,0.69
7808.653043746948,1067,0.0002178422,0.0028804205,0.62
7815.867476940155,1068,0.0002178422,0.009626202,0.65
7822.867151975632,1069,0.0002178422,0.0080312025,0.66
7829.921368598938,1070,0.0002178422,0.004675433,0.67
7837.05894112587,1071,0.0002178422,0.014326728,0.65
7844.0515303611755,1072,0.0002178422,0.009070226,0.67
7851.082842350006,1073,0.0002178422,0.0044608577,0.69
7858.183864593506,1074,0.0002178422,0.005204375,0.67
7865.513787031174,1075,0.0002178422,0.0056277392,0.67
7872.861802816391,1076,0.0002178422,0.013233126,0.65
7880.075078964233,1077,0.0002178422,0.0048753405,0.65
7887.136329174042,1078,0.0002178422,0.0026187992,0.64
7894.138152360916,1079,0.0002178422,0.0055125444,0.65
7901.284172773361,1080,0.0002178422,0.008963052,0.66
7908.463622808456,1081,0.0002178422,0.0062437835,0.66
7915.466815710068,1082,0.0002178422,0.008532484,0.66
7922.5680141448975,1083,0.0002178422,0.002361775,0.65
7929.71652173996,1084,0.0002178422,0.012344822,0.64
7936.819212675095,1085,0.0002178422,0.008467538,0.67
7943.991214990616,1086,0.0002178422,0.018581627,0.66
7951.092738866806,1087,0.0002178422,0.0108416835,0.71
7958.154974460602,1088,0.0002178422,0.016696485,0.64
7965.310813903809,1089,0.0002178422,0.07484369,0.62
7972.334528684616,1090,0.0002178422,0.1278534,0.66
7979.438089847565,1091,0.0002178422,0.072816245,0.62
7986.487678289413,1092,0.0002178422,0.025986325,0.65
7994.125950098038,1093,0.0002178422,0.011597012,0.68
8001.286411046982,1094,0.0002178422,0.0025271697,0.67
8008.237554311752,1095,0.0002178422,0.003010451,0.68
8015.434628725052,1096,0.0002178422,0.0036606654,0.71
8022.58635020256,1097,0.0002178422,0.0028911422,0.68
8029.777403593063,1098,0.0002178422,0.002067611,0.68
8036.872710227966,1099,0.0002178422,0.008467438,0.69
8044.069523334503,1100,0.0002178422,0.0059138597,0.69
8051.200976848602,1101,0.00020259325,0.012097401,0.69
8058.316472053528,1102,0.00020259325,0.0012765937,0.68
8065.454168081284,1103,0.00020259325,0.015574724,0.7
8072.724150419235,1104,0.00020259325,0.0016574325,0.65
8079.940727710724,1105,0.00020259325,0.00584891,0.66
8087.088290929794,1106,0.00020259325,0.0025725083,0.68
8094.266488313675,1107,0.00020259325,0.002042207,0.67
8101.384228944778,1108,0.00020259325,0.004289107,0.65
8108.3752110004425,1109,0.00020259325,0.0046850126,0.64
8115.530408143997,1110,0.00020259325,0.0021738072,0.68
8122.613122463226,1111,0.00020259325,0.0012630321,0.64
8129.772751569748,1112,0.00020259325,0.0051402147,0.67
8136.686679363251,1113,0.00020259325,0.005898294,0.67
8143.791570663452,1114,0.00020259325,0.005329448,0.66
8150.932997703552,1115,0.00020259325,0.005358124,0.66
8158.121648788452,1116,0.00020259325,0.010482536,0.68
8165.235253334045,1117,0.00020259325,0.0039838785,0.66
8172.275145292282,1118,0.00020259325,0.0005455355,0.67
8179.278911352158,1119,0.00020259325,0.0027128363,0.67
8186.248338699341,1120,0.00020259325,0.0019014888,0.69
8193.848566532135,1121,0.00020259325,0.00936937,0.68
8200.95889043808,1122,0.00020259325,0.0022112841,0.68
8207.993019104004,1123,0.00020259325,0.00829216,0.66
8215.164184570312,1124,0.00020259325,0.03149968,0.68
8222.129056215286,1125,0.00020259325,0.0015071878,0.64
8229.468846321106,1126,0.00020259325,0.0035819411,0.67
8236.549836158752,1127,0.00020259325,0.0063199457,0.65
8243.501946210861,1128,0.00020259325,0.0053926385,0.66
8250.556935310364,1129,0.00020259325,0.015686417,0.68
8257.552162647247,1130,0.00020259325,0.012436971,0.64
8264.65145277977,1131,0.00020259325,0.00586426,0.67
8271.7347946167,1132,0.00020259325,0.007557954,0.67
8278.821977853775,1133,0.00020259325,0.004777958,0.69
8286.018246650696,1134,0.00020259325,0.00345306,0.67
8293.110429763794,1135,0.00020259325,0.0058989483,0.65
8300.196528196335,1136,0.00020259325,0.0025941273,0.65
8307.106018543243,1137,0.00020259325,0.009654807,0.64
8314.235166311264,1138,0.00020259325,0.0030212693,0.66
8321.367787122726,1139,0.00020259325,0.0077349422,0.66
8331.080218553543,1140,0.00020259325,0.0060924646,0.65
8338.177084684372,1141,0.00020259325,0.004934636,0.64
8345.431074619293,1142,0.00020259325,0.025329534,0.63
8352.776599168777,1143,0.00020259325,0.0036955331,0.64
8359.976911306381,1144,0.00020259325,0.0073424703,0.63
8366.985557079315,1145,0.00020259325,0.0043926258,0.64
8374.32986831665,1146,0.00020259325,0.01053059,0.64
8381.411036968231,1147,0.00020259325,0.004551651,0.63
8388.505589962006,1148,0.00020259325,0.011270221,0.68
8396.076936006546,1149,0.00020259325,0.007340315,0.68
8402.995746850967,1150,0.00020259325,0.0045946627,0.66
8410.498235940933,1151,0.00018841172,0.01855977,0.62
8417.58764743805,1152,0.00018841172,0.0049230363,0.67
8424.739290952682,1153,0.00018841172,0.0041851564,0.64
8431.692708492279,1154,0.00018841172,0.009449123,0.67
8438.664568185806,1155,0.00018841172,0.007157581,0.67
8445.687969446182,1156,0.00018841172,0.005774792,0.68
8452.762212514877,1157,0.00018841172,0.006708701,0.69
8459.756342887878,1158,0.00018841172,0.007300305,0.69
8466.758457899094,1159,0.00018841172,0.0045764274,0.68
8473.920986652374,1160,0.00018841172,0.002530221,0.68
8481.078257322311,1161,0.00018841172,0.0064252727,0.68
8488.148562431335,1162,0.00018841172,0.0074726343,0.68
8495.36795258522,1163,0.00018841172,0.0032560816,0.67
8502.337833404541,1164,0.00018841172,0.005570176,0.69
8509.459617853165,1165,0.00018841172,0.00910642,0.63
8516.559655427933,1166,0.00018841172,0.008676057,0.67
8523.68672800064,1167,0.00018841172,0.0029263932,0.69
8530.734018564224,1168,0.00018841172,0.018790979,0.65
8537.821410655975,1169,0.00018841172,0.0028077706,0.69
8544.988982915878,1170,0.00018841172,0.0036184392,0.69
8552.068140029907,1171,0.00018841172,0.003074474,0.69
8559.187345981598,1172,0.00018841172,0.0034079743,0.67
8566.317397594452,1173,0.00018841172,0.004520728,0.69
8573.375784873962,1174,0.00018841172,0.0033542668,0.68
8580.545424461365,1175,0.00018841172,0.0056914366,0.67
8587.732130289078,1176,0.00018841172,0.0032763863,0.7
8595.372497558594,1177,0.00018841172,0.0016679553,0.67
8602.547034978867,1178,0.00018841172,0.0009748624,0.67
8609.681544542313,1179,0.00018841172,0.004318661,0.67
8616.797080039978,1180,0.00018841172,0.0035421895,0.66
8623.876648664474,1181,0.00018841172,0.01295776,0.66
8630.935729026794,1182,0.00018841172,0.002090439,0.67
8638.049735069275,1183,0.00018841172,0.015279944,0.66
8645.22398352623,1184,0.00018841172,0.008432794,0.66
8652.349177837372,1185,0.00018841172,0.0036788636,0.67
8659.32573390007,1186,0.00018841172,0.00077081623,0.68
8666.463151931763,1187,0.00018841172,0.0017204792,0.68
8673.616697788239,1188,0.00018841172,0.0043295734,0.69
8680.75671505928,1189,0.00018841172,0.003388517,0.69
8687.947865724564,1190,0.00018841172,0.022871971,0.67
8695.121522665024,1191,0.00018841172,0.0019622096,0.67
8702.246507644653,1192,0.00018841172,0.0045319865,0.69
8709.389081716537,1193,0.00018841172,0.0038706379,0.65
8716.454755783081,1194,0.00018841172,0.0009389208,0.71
8723.578732967377,1195,0.00018841172,0.0034829052,0.66
8730.699199676514,1196,0.00018841172,0.006261581,0.66
8737.842907190323,1197,0.00018841172,0.0061280527,0.69
8745.226949691772,1198,0.00018841172,0.0036941115,0.67
8752.401923179626,1199,0.00018841172,0.0039530355,0.69
8759.674881219864,1200,0.00018841172,0.0032935203,0.69
8766.682827711105,1201,0.0001752229,0.006160666,0.67
8773.6674554348,1202,0.0001752229,0.009914669,0.67
8780.626960515976,1203,0.0001752229,0.0043653673,0.66
8787.77203297615,1204,0.0001752229,0.017135613,0.66
8795.379514694214,1205,0.0001752229,0.005334939,0.67
8802.532146215439,1206,0.0001752229,0.010560206,0.67
8809.695220470428,1207,0.0001752229,0.00078224886,0.66
8816.762943029404,1208,0.0001752229,0.007102967,0.7
8823.93464231491,1209,0.0001752229,0.0011094483,0.7
8831.13714671135,1210,0.0001752229,0.001215976,0.69
8838.295989513397,1211,0.0001752229,0.0059914235,0.68
8845.388410329819,1212,0.0001752229,0.0046719327,0.67
8852.462886810303,1213,0.0001752229,0.0023105945,0.65
8859.633134126663,1214,0.0001752229,0.0047768895,0.66
8866.736350774765,1215,0.0001752229,0.0018350418,0.63
8873.8813226223,1216,0.0001752229,0.0053149564,0.61
8880.983127593994,1217,0.0001752229,0.013825875,0.61
8888.043362617493,1218,0.0001752229,0.004209976,0.67
8895.157271623611,1219,0.0001752229,0.0070680534,0.63
8902.292934417725,1220,0.0001752229,0.0028385285,0.63
8909.41328072548,1221,0.0001752229,0.0030045235,0.63
8916.52668261528,1222,0.0001752229,0.0018530636,0.65
8923.589240074158,1223,0.0001752229,0.0009836138,0.65
8930.558863401413,1224,0.0001752229,0.003175414,0.65
8937.6325674057,1225,0.0001752229,0.0014580105,0.67
8944.747225761414,1226,0.0001752229,0.0069209887,0.63
8952.053354024887,1227,0.0001752229,0.009942571,0.61
8959.294202327728,1228,0.0001752229,0.028674938,0.65
8966.475104093552,1229,0.0001752229,0.0040914123,0.66
8973.589197158813,1230,0.0001752229,0.008978258,0.65
8980.727767467499,1231,0.0001752229,0.0006870504,0.66
8987.787011384964,1232,0.0001752229,0.0012324391,0.64
8995.408170223236,1233,0.0001752229,0.0051067476,0.63
9002.406598567963,1234,0.0001752229,0.0060994704,0.65
9009.34461402893,1235,0.0001752229,0.0056302594,0.64
9016.44351530075,1236,0.0001752229,0.00395136,0.64
9023.509036302567,1237,0.0001752229,0.00079145667,0.67
9030.629457712173,1238,0.0001752229,0.0005839119,0.65
9037.873069047928,1239,0.0001752229,0.0014881575,0.68
9045.019784450531,1240,0.0001752229,0.0021867054,0.64
9052.165863990784,1241,0.0001752229,0.0052344226,0.64
9059.264560222626,1242,0.0001752229,0.007947563,0.62
9066.487926959991,1243,0.0001752229,0.0115290545,0.65
9073.536327838898,1244,0.0001752229,0.0025124159,0.65
9080.674684286118,1245,0.0001752229,0.004805413,0.64
9087.780883073807,1246,0.0001752229,0.0020558615,0.66
9094.86239528656,1247,0.0001752229,0.0029293774,0.64
9102.0038356781,1248,0.0001752229,0.0021477481,0.68
9108.9076192379,1249,0.0001752229,0.011878261,0.65
9115.987776994705,1250,0.0001752229,0.0036296058,0.64
9123.167098522186,1251,0.00016295731,0.0014739793,0.65
9130.33509016037,1252,0.00016295731,0.0032752308,0.66
9137.286087751389,1253,0.00016295731,0.002703791,0.66
9144.704499006271,1254,0.00016295731,0.0043042838,0.66
9151.885536909103,1255,0.00016295731,0.004118124,0.68
9159.01504278183,1256,0.00016295731,0.0013571243,0.67
9166.05294251442,1257,0.00016295731,0.004750833,0.69
9173.160144329071,1258,0.00016295731,0.0038076695,0.65
9180.348340034485,1259,0.00016295731,0.00692859,0.66
9187.595619440079,1260,0.00016295731,0.0007177841,0.62
9195.23640704155,1261,0.00016295731,0.00899239,0.64
9202.3826816082,1262,0.00016295731,0.000837369,0.68
9209.687133789062,1263,0.00016295731,0.011179333,0.65
9216.878713130951,1264,0.00016295731,0.008148562,0.62
9223.880157709122,1265,0.00016295731,0.005269473,0.65
9230.884873867035,1266,0.00016295731,0.0026731398,0.64
9238.040080070496,1267,0.00016295731,0.002528158,0.65
9245.207283496857,1268,0.00016295731,0.00843731,0.62
9252.397915363312,1269,0.00016295731,0.0108063845,0.63
9259.50684261322,1270,0.00016295731,0.010824479,0.66
9266.637538671494,1271,0.00016295731,0.0015154486,0.64
9273.65358042717,1272,0.00016295731,0.004178032,0.62
9280.870134592056,1273,0.00016295731,0.0032817377,0.64
9287.946592330933,1274,0.00016295731,0.0029549375,0.63
9295.00124835968,1275,0.00016295731,0.0036290267,0.66
9302.111565828323,1276,0.00016295731,0.0028031347,0.64
9309.321803808212,1277,0.00016295731,0.0008597318,0.65
9316.413092136383,1278,0.00016295731,0.020306531,0.64
9323.539874792099,1279,0.00016295731,0.003169914,0.65
9330.66795015335,1280,0.00016295731,0.0022645204,0.65
9337.789427995682,1281,0.00016295731,0.0017794226,0.68
9344.946402311325,1282,0.00016295731,0.0024035946,0.68
9352.122548103333,1283,0.00016295731,0.0019062523,0.66
9359.206626653671,1284,0.00016295731,0.0058768014,0.67
9366.347148895264,1285,0.00016295731,0.0012591466,0.66
9373.397655248642,1286,0.00016295731,0.0014150987,0.67
9380.556843042374,1287,0.00016295731,0.0008436814,0.66
9387.625990867615,1288,0.00016295731,0.0035596245,0.68
9395.207682132721,1289,0.00016295731,0.0016162479,0.67
9402.336370944977,1290,0.00016295731,0.008583998,0.64
9409.42611002922,1291,0.00016295731,0.009537197,0.67
9416.500488519669,1292,0.00016295731,0.004993266,0.66
9423.599266529083,1293,0.00016295731,0.0119865425,0.64
9431.5436668396,1294,0.00016295731,0.0028217204,0.63
9438.710315227509,1295,0.00016295731,0.0014580289,0.62
9445.889244794846,1296,0.00016295731,0.004279588,0.62
9453.016161203384,1297,0.00016295731,0.0016613697,0.67
9460.143783092499,1298,0.00016295731,0.0010056106,0.64
9467.207165002823,1299,0.00016295731,0.004364949,0.64
9474.159142255783,1300,0.00016295731,0.0065470645,0.68
9481.341382741928,1301,0.00015155028,0.013226041,0.64
9488.650040149689,1302,0.00015155028,0.0015616481,0.67
9495.915224552155,1303,0.00015155028,0.000829752,0.68
9503.119079828262,1304,0.00015155028,0.003960671,0.69
9510.320554733276,1305,0.00015155028,0.0013359322,0.69
9517.311598539352,1306,0.00015155028,0.0074098906,0.68
9524.45177578926,1307,0.00015155028,0.002129385,0.69
9531.606954097748,1308,0.00015155028,0.0034459785,0.7
9538.739916563034,1309,0.00015155028,0.000653999,0.67
9545.93912577629,1310,0.00015155028,0.00048868114,0.65
9553.07479596138,1311,0.00015155028,0.0013583378,0.65
9559.991436243057,1312,0.00015155028,0.0010939728,0.66
9567.124769926071,1313,0.00015155028,0.010964229,0.65
9574.22356581688,1314,0.00015155028,0.0034446588,0.66
9581.434547901154,1315,0.00015155028,0.0005244403,0.67
9588.580815792084,1316,0.00015155028,0.0011815972,0.66
9596.14698266983,1317,0.00015155028,0.0013720425,0.64
9603.276573181152,1318,0.00015155028,0.0006009229,0.67
9610.565960884094,1319,0.00015155028,0.0018510872,0.65
9617.656278848648,1320,0.00015155028,0.007090318,0.66
9624.641164541245,1321,0.00015155028,0.0007913866,0.63
9631.916364431381,1322,0.00015155028,0.0015686239,0.65
9639.044330120087,1323,0.00015155028,0.0069280663,0.62
9646.24908208847,1324,0.00015155028,0.0011102732,0.66
9653.38922381401,1325,0.00015155028,0.0005935683,0.65
9660.50897359848,1326,0.00015155028,0.0032403346,0.64
9667.683220148087,1327,0.00015155028,0.0050433837,0.66
9674.760510444641,1328,0.00015155028,0.0063215373,0.66
9681.864824771881,1329,0.00015155028,0.003923282,0.67
9689.182712078094,1330,0.00015155028,0.0013951717,0.64
9696.333398103714,1331,0.00015155028,0.002822115,0.63
9703.509217977524,1332,0.00015155028,0.0023658713,0.63
9710.559443712234,1333,0.00015155028,0.0014832991,0.62
9717.891273498535,1334,0.00015155028,0.0036320817,0.63
9725.067705631256,1335,0.00015155028,0.0104668345,0.61
9732.188222885132,1336,0.00015155028,0.00050758873,0.64
9739.291578531265,1337,0.00015155028,0.0019857564,0.65
9746.401865243912,1338,0.00015155028,0.0017412683,0.62
9753.535080194473,1339,0.00015155028,0.0010099792,0.63
9760.603224039078,1340,0.00015155028,0.000829015,0.61
9767.624088525772,1341,0.00015155028,0.00091439806,0.62
9774.828516244888,1342,0.00015155028,0.005427541,0.64
9781.951797008514,1343,0.00015155028,0.011057264,0.67
9788.896476984024,1344,0.00015155028,0.00064598897,0.67
9796.526776313782,1345,0.00015155028,0.0023720863,0.66
9803.602675199509,1346,0.00015155028,0.005989616,0.65
9810.573954343796,1347,0.00015155028,0.00081664766,0.64
9817.6199593544,1348,0.00015155028,0.0017771255,0.64
9824.539964199066,1349,0.00015155028,0.0017129637,0.64
9831.659554481506,1350,0.00015155028,0.0011958655,0.64
9838.739047765732,1351,0.00014094177,0.0023626033,0.64
9845.97911810875,1352,0.00014094177,0.0009721208,0.64
9853.128796815872,1353,0.00014094177,0.012317318,0.66
9860.20494890213,1354,0.00014094177,0.002923796,0.68
9867.282184123993,1355,0.00014094177,0.009362536,0.67
9874.3836581707,1356,0.00014094177,0.0055523007,0.68
9881.581091403961,1357,0.00014094177,0.004229941,0.66
9888.787531852722,1358,0.00014094177,0.0023771427,0.65
9895.838058233261,1359,0.00014094177,0.0022440592,0.63
9903.029957294464,1360,0.00014094177,0.00090033753,0.66
9910.168184995651,1361,0.00014094177,0.0014011844,0.63
9917.36902832985,1362,0.00014094177,0.0011087072,0.63
9924.466785669327,1363,0.00014094177,0.0005304247,0.67
9931.606879234314,1364,0.00014094177,0.0017027443,0.67
9938.811329126358,1365,0.00014094177,0.0008989956,0.67
9945.957109212875,1366,0.00014094177,0.0032011438,0.67
9953.158793210983,1367,0.00014094177,0.00057483086,0.69
9960.356374025345,1368,0.00014094177,0.0153808165,0.68
9967.495589017868,1369,0.00014094177,0.0033017953,0.66
9974.655808448792,1370,0.00014094177,0.001333236,0.69
9981.854113340378,1371,0.00014094177,0.002512121,0.7
9989.04086303711,1372,0.00014094177,0.011881589,0.7
9996.702492713928,1373,0.00014094177,0.0012635272,0.65
10003.851397514343,1374,0.00014094177,0.014336385,0.68
10011.049191713333,1375,0.00014094177,0.0013584055,0.68
10018.228872776031,1376,0.00014094177,0.0015566845,0.67
10025.412420511246,1377,0.00014094177,0.00047910938,0.66
10032.48258137703,1378,0.00014094177,0.002455072,0.67
10039.671519756317,1379,0.00014094177,0.00088888314,0.7
10046.915436029434,1380,0.00014094177,0.004885278,0.69
10054.007840156555,1381,0.00014094177,0.0019951484,0.7
10061.09585905075,1382,0.00014094177,0.0005447295,0.68
10068.216562986374,1383,0.00014094177,0.0019121144,0.7
10075.290715694427,1384,0.00014094177,0.002403842,0.69
10082.414176940918,1385,0.00014094177,0.0010311268,0.67
10089.61587381363,1386,0.00014094177,0.014422554,0.68
10096.657693386078,1387,0.00014094177,0.0004528105,0.65
10103.82760810852,1388,0.00014094177,0.0011428553,0.67
10110.988526582718,1389,0.00014094177,0.0015191748,0.63
10118.098852157593,1390,0.00014094177,0.00080173335,0.65
10125.203807353973,1391,0.00014094177,0.001411156,0.66
10132.361263751984,1392,0.00014094177,0.0016271526,0.68
10139.492676973343,1393,0.00014094177,0.0010298626,0.66
10146.581045866013,1394,0.00014094177,0.0005380828,0.67
10153.49400472641,1395,0.00014094177,0.0015123478,0.69
10160.640776395798,1396,0.00014094177,0.004855687,0.67
10167.697271108627,1397,0.00014094177,0.0016062857,0.67
10174.629169940948,1398,0.00014094177,0.0028989627,0.63
10181.8400785923,1399,0.00014094177,0.00041001072,0.69
10188.957247972488,1400,0.00014094177,0.0013870181,0.7
10196.445275306702,1401,0.00013107585,0.0007101675,0.68
10203.510534524918,1402,0.00013107585,0.00073842757,0.68
10211.211241722107,1403,0.00013107585,0.00608249,0.68
10218.371603488922,1404,0.00013107585,0.007306938,0.7
10225.524340629578,1405,0.00013107585,0.0019150014,0.65
10232.730809211731,1406,0.00013107585,0.01563856,0.66
10239.85425066948,1407,0.00013107585,0.0039572697,0.68
10246.925493955612,1408,0.00013107585,0.0014757927,0.66
10254.066894769669,1409,0.00013107585,0.014193345,0.68
10261.129067659378,1410,0.00013107585,0.0022216667,0.68
10268.160822868347,1411,0.00013107585,0.0009862238,0.73
10275.327905654907,1412,0.00013107585,0.00021533296,0.68
10282.699756383896,1413,0.00013107585,0.0012010543,0.69
10289.781435251236,1414,0.00013107585,0.010892567,0.69
10296.908802986145,1415,0.00013107585,0.012327261,0.66
10304.045392274857,1416,0.00013107585,0.0011072528,0.67
10311.24497294426,1417,0.00013107585,0.0011263359,0.67
10318.309393882751,1418,0.00013107585,0.001474022,0.66
10325.456282138824,1419,0.00013107585,0.0009318797,0.65
10332.52115559578,1420,0.00013107585,0.00031345565,0.65
10339.802379369736,1421,0.00013107585,0.0051839035,0.68
10346.924325466156,1422,0.00013107585,0.0050009876,0.65
10353.997637033463,1423,0.00013107585,0.00044569833,0.69
10361.173543214798,1424,0.00013107585,0.014728766,0.68
10368.320543050766,1425,0.00013107585,0.0014658781,0.64
10375.434310674667,1426,0.00013107585,0.002078395,0.65
10382.600491523743,1427,0.00013107585,0.0042530894,0.66
10389.776333808899,1428,0.00013107585,0.0005696066,0.65
10397.423604488373,1429,0.00013107585,0.00097145105,0.66
10404.50876045227,1430,0.00013107585,0.0010529463,0.63
10411.716447353363,1431,0.00013107585,0.0064712744,0.62
10418.657665252686,1432,0.00013107585,0.00092732825,0.61
10425.892131328583,1433,0.00013107585,0.0007810868,0.65
10433.080604076385,1434,0.00013107585,0.003435035,0.68
10440.29632616043,1435,0.00013107585,0.0038105831,0.66
10447.52194595337,1436,0.00013107585,0.0010742607,0.67
10454.77759218216,1437,0.00013107585,0.0004932686,0.63
10461.856039047241,1438,0.00013107585,0.0014497912,0.65
10468.94955778122,1439,0.00013107585,0.004867758,0.66
10476.130175352097,1440,0.00013107585,0.0013151788,0.64
10483.130719661713,1441,0.00013107585,0.0004746757,0.64
10490.259553909302,1442,0.00013107585,0.00060368824,0.64
10497.46815943718,1443,0.00013107585,0.0057745255,0.67
10504.736469268799,1444,0.00013107585,0.0047051776,0.67
10511.85252046585,1445,0.00013107585,0.0014988264,0.63
10519.025961637497,1446,0.00013107585,0.0075055845,0.68
10526.172042608261,1447,0.00013107585,0.00595407,0.66
10533.28331542015,1448,0.00013107585,0.0021114775,0.65
10540.469534158707,1449,0.00013107585,0.011583405,0.65
10547.593410491943,1450,0.00013107585,0.0077001452,0.65
10554.691441774368,1451,0.00012190054,0.0009921594,0.65
10561.861550331116,1452,0.00012190054,0.00064404204,0.63
10569.10951256752,1453,0.00012190054,0.0003389309,0.63
10576.123192548752,1454,0.00012190054,0.0012883948,0.63
10583.319448947906,1455,0.00012190054,0.0008472313,0.63
10590.501625299454,1456,0.00012190054,0.00028748086,0.63
10598.00135564804,1457,0.00012190054,0.0011941465,0.64
10605.112115859985,1458,0.00012190054,0.003718633,0.63
10612.26341342926,1459,0.00012190054,0.004802168,0.65
10619.372452497482,1460,0.00012190054,0.0025829184,0.67
10626.605558633804,1461,0.00012190054,0.0018144739,0.67
10633.80453491211,1462,0.00012190054,0.003587405,0.67
10641.045102834702,1463,0.00012190054,0.0006360052,0.66
10648.199133396149,1464,0.00012190054,0.0018270188,0.67
10655.370462179184,1465,0.00012190054,0.00031123718,0.66
10662.585186243057,1466,0.00012190054,0.0029276952,0.66
10669.630952596664,1467,0.00012190054,0.0063766423,0.66
10676.723749399185,1468,0.00012190054,0.0011104441,0.65
10683.876883029938,1469,0.00012190054,0.0010917162,0.65
10691.010338306427,1470,0.00012190054,0.00054350414,0.68
10698.138661146164,1471,0.00012190054,0.001425447,0.69
10705.253820180893,1472,0.00012190054,0.00083124655,0.65
10712.376157522202,1473,0.00012190054,0.0046127886,0.66
10719.57299208641,1474,0.00012190054,0.0005024432,0.64
10726.63438463211,1475,0.00012190054,0.00095455756,0.66
10733.734300613403,1476,0.00012190054,0.00083927845,0.66
10740.921095132828,1477,0.00012190054,0.0006253389,0.66
10748.039667844772,1478,0.00012190054,0.00056031614,0.66
10755.27989268303,1479,0.00012190054,0.0010139814,0.67
10762.525759935379,1480,0.00012190054,0.0037567266,0.66
10769.739733934402,1481,0.00012190054,0.0022573944,0.67
10776.783549070358,1482,0.00012190054,0.0013879552,0.68
10783.950118780136,1483,0.00012190054,0.0008472028,0.67
10790.94964504242,1484,0.00012190054,0.003206321,0.65
10798.383885383606,1485,0.00012190054,0.0004107929,0.66
10805.567209720612,1486,0.00012190054,0.00024168944,0.64
10812.808373451233,1487,0.00012190054,0.0006166991,0.65
10819.931772470474,1488,0.00012190054,0.005008958,0.65
10827.065788269043,1489,0.00012190054,0.002043958,0.64
10834.239333868027,1490,0.00012190054,0.0037293793,0.66
10841.43891119957,1491,0.00012190054,0.0050747935,0.66
10848.584206342697,1492,0.00012190054,0.0005177664,0.66
10855.68872141838,1493,0.00012190054,0.0047991266,0.62
10862.848454475403,1494,0.00012190054,0.0062219556,0.65
10869.973816394806,1495,0.00012190054,0.011263465,0.65
10877.126029014587,1496,0.00012190054,0.0011273329,0.64
10884.160935640335,1497,0.00012190054,0.0042396425,0.65
10891.349649906158,1498,0.00012190054,0.0007327184,0.63
10898.594503641129,1499,0.00012190054,0.016339993,0.65
10905.817008972168,1500,0.00012190054,0.0017236088,0.65
10913.005725383759,1501,0.0001133675,0.0012200668,0.64
10920.208136558533,1502,0.0001133675,0.00036320393,0.63
10927.507296085358,1503,0.0001133675,0.0024124833,0.65
10934.720705986023,1504,0.0001133675,0.00048527512,0.66
10941.864848613739,1505,0.0001133675,0.00034394147,0.67
10949.01343035698,1506,0.0001133675,0.000891999,0.67
10956.099401473999,1507,0.0001133675,0.00073124235,0.65
10963.269326925278,1508,0.0001133675,0.00085053284,0.65
10970.364253282547,1509,0.0001133675,0.0010707828,0.65
10977.419355392456,1510,0.0001133675,0.00029201445,0.65
10984.507960319519,1511,0.0001133675,0.0007930652,0.64
10991.915702104568,1512,0.0001133675,0.00027004283,0.66
10999.54553604126,1513,0.0001133675,0.00052402593,0.64
11006.76064157486,1514,0.0001133675,0.000106721636,0.67
11013.743912696838,1515,0.0001133675,0.002541175,0.69
11020.910752773285,1516,0.0001133675,0.0033463247,0.68
11028.149389266968,1517,0.0001133675,0.0048897415,0.7
11035.211812973022,1518,0.0001133675,0.0016133717,0.68
11042.217877149582,1519,0.0001133675,0.00022601742,0.65
11049.360126256943,1520,0.0001133675,0.0006756798,0.67
11056.520279169083,1521,0.0001133675,0.0010703825,0.69
11063.653220415115,1522,0.0001133675,0.00066284277,0.67
11070.865822792053,1523,0.0001133675,0.005637503,0.66
11078.05838727951,1524,0.0001133675,0.0029413244,0.66
11085.202770471573,1525,0.0001133675,0.001860225,0.68
11092.330629587173,1526,0.0001133675,0.0013961868,0.67
11099.49310874939,1527,0.0001133675,0.0012301687,0.69
11106.704558134079,1528,0.0001133675,0.0011537416,0.68
11113.86432480812,1529,0.0001133675,0.0005835488,0.69
11121.041085004807,1530,0.0001133675,0.0013600442,0.67
11128.174884319305,1531,0.0001133675,0.0003919113,0.67
11135.40084528923,1532,0.0001133675,0.00045254597,0.7
11142.593887090683,1533,0.0001133675,0.00021224645,0.7
11149.799945354462,1534,0.0001133675,0.00045137334,0.7
11156.98055934906,1535,0.0001133675,0.0010405456,0.72
11164.136502981186,1536,0.0001133675,0.0014725125,0.71
11171.344942092896,1537,0.0001133675,0.0029614836,0.72
11178.567466497421,1538,0.0001133675,0.000587404,0.68
11185.79868888855,1539,0.0001133675,0.0067067333,0.69
11192.972661495209,1540,0.0001133675,0.0013702647,0.68
11200.699139356613,1541,0.0001133675,0.002937439,0.7
11207.745666742325,1542,0.0001133675,0.001284901,0.68
11214.95048904419,1543,0.0001133675,0.00074896927,0.68
11222.123782634735,1544,0.0001133675,0.0002736344,0.71
11229.467195034027,1545,0.0001133675,0.0010739435,0.71
11236.66592001915,1546,0.0001133675,0.00073441485,0.69
11243.77632188797,1547,0.0001133675,0.00020889351,0.69
11250.869698762894,1548,0.0001133675,0.0016728125,0.71
11258.033380031586,1549,0.0001133675,0.0019760535,0.69
11265.27440905571,1550,0.0001133675,0.0070691076,0.68
11272.45723938942,1551,0.000105431776,0.00033796008,0.67
11279.64611029625,1552,0.000105431776,0.0003346951,0.67
11286.859833478928,1553,0.000105431776,0.0008504123,0.66
11294.077709913254,1554,0.000105431776,0.00062773126,0.66
11301.103477954865,1555,0.000105431776,0.000861162,0.67
11308.144180774689,1556,0.000105431776,0.00039821526,0.68
11315.357952833176,1557,0.000105431776,0.00032685747,0.68
11322.56971693039,1558,0.000105431776,0.0022759158,0.69
11329.733673334122,1559,0.000105431776,0.009832205,0.68
11336.82687330246,1560,0.000105431776,0.0003376432,0.7
11344.010266780853,1561,0.000105431776,0.00408114,0.69
11351.23767709732,1562,0.000105431776,0.00032724562,0.7
11358.371536016464,1563,0.000105431776,0.002432753,0.68
11365.559396743774,1564,0.000105431776,0.0085804835,0.68
11372.683548212051,1565,0.000105431776,0.001443475,0.69
11379.813046216965,1566,0.000105431776,0.0019577055,0.69
11386.992842912674,1567,0.000105431776,0.0002992857,0.7
11394.085699796677,1568,0.000105431776,0.0014929362,0.68
11401.594970941544,1569,0.000105431776,0.0009240671,0.68
11408.765993356705,1570,0.000105431776,0.0012174987,0.67
11415.952847003937,1571,0.000105431776,0.0008535376,0.67
11423.12087392807,1572,0.000105431776,0.001674978,0.66
11430.26495552063,1573,0.000105431776,0.0012542632,0.65
11437.488121271133,1574,0.000105431776,0.011154601,0.67
11444.522793769836,1575,0.000105431776,0.0023810545,0.69
11451.699972867966,1576,0.000105431776,0.0018804531,0.7
11458.886707782745,1577,0.000105431776,0.0014503847,0.7
11466.134642124176,1578,0.000105431776,0.0011454655,0.7
11473.241084814072,1579,0.000105431776,0.0009127353,0.67
11480.799048662186,1580,0.000105431776,0.00049386494,0.66
11487.863943338394,1581,0.000105431776,0.001270395,0.68
11494.953996896744,1582,0.000105431776,0.00061583094,0.66
11502.1520113945,1583,0.000105431776,0.0029148483,0.68
11509.25222826004,1584,0.000105431776,0.00018630592,0.67
11516.420734405518,1585,0.000105431776,0.0014706715,0.68
11523.61780667305,1586,0.000105431776,0.00038741226,0.67
11530.76307439804,1587,0.000105431776,0.00023717695,0.7
11537.836681604385,1588,0.000105431776,0.002078802,0.69
11545.068017244339,1589,0.000105431776,0.0005008024,0.68
11552.269436836243,1590,0.000105431776,0.0049215797,0.65
11559.47825551033,1591,0.000105431776,0.0027903656,0.67
11566.631685256958,1592,0.000105431776,0.0018345867,0.67
11573.881583690643,1593,0.000105431776,0.0017390237,0.68
11580.920539855957,1594,0.000105431776,0.0015229691,0.67
11588.170842170715,1595,0.000105431776,0.00055033015,0.67
11595.323253393173,1596,0.000105431776,0.00066881423,0.69
11602.923464536667,1597,0.000105431776,0.0002661966,0.68
11610.15294122696,1598,0.000105431776,0.0029753447,0.69
11617.286190032959,1599,0.000105431776,0.00022922811,0.66
11624.428344011307,1600,0.000105431776,0.0068201455,0.68
11631.6619515419,1601,9.8051554e-05,0.0002169062,0.65
11638.74368929863,1602,9.8051554e-05,0.00024859112,0.65
11645.90596151352,1603,9.8051554e-05,0.00017269616,0.65
11653.068543434143,1604,9.8051554e-05,0.0014956174,0.67
11660.575737953186,1605,9.8051554e-05,0.00059996446,0.66
11667.770008802414,1606,9.8051554e-05,0.00057454937,0.67
11674.793059825897,1607,9.8051554e-05,0.0010738688,0.7
11681.921500205994,1608,9.8051554e-05,0.00013603226,0.69
11689.10153913498,1609,9.8051554e-05,0.0006187595,0.7
11696.253406763077,1610,9.8051554e-05,8.590643e-05,0.7
11703.336856842041,1611,9.8051554e-05,0.00033869452,0.67
11710.488029003143,1612,9.8051554e-05,0.00039336804,0.66
11717.623615980148,1613,9.8051554e-05,0.004193701,0.68
11724.720822572708,1614,9.8051554e-05,0.000113888455,0.69
11731.817101716995,1615,9.8051554e-05,0.0034807685,0.7
11739.043259620667,1616,9.8051554e-05,0.001210119,0.7
11746.084079265594,1617,9.8051554e-05,0.00043957387,0.69
11753.21912932396,1618,9.8051554e-05,0.0003872058,0.67
11760.425744056702,1619,9.8051554e-05,0.00019558787,0.67
11767.826009988785,1620,9.8051554e-05,0.00044510205,0.66
11774.98749423027,1621,9.8051554e-05,0.0005111439,0.7
11782.071129083633,1622,9.8051554e-05,0.010143574,0.68
11789.165721416473,1623,9.8051554e-05,0.0005954012,0.67
11796.389412403107,1624,9.8051554e-05,0.00060811354,0.67
11803.978341341019,1625,9.8051554e-05,0.0015733818,0.68
11811.136466741562,1626,9.8051554e-05,0.0008306309,0.67
11818.284832239151,1627,9.8051554e-05,0.0004095878,0.67
11825.377727508545,1628,9.8051554e-05,0.0012767449,0.66
11832.468330144882,1629,9.8051554e-05,0.00018798602,0.67
11839.672124624252,1630,9.8051554e-05,0.0011662336,0.67
11846.859723806381,1631,9.8051554e-05,0.00031102294,0.68
11854.091743946075,1632,9.8051554e-05,0.0004786505,0.66
11861.076274633408,1633,9.8051554e-05,0.00019422533,0.67
11868.301280260086,1634,9.8051554e-05,0.00793199,0.66
11875.43949508667,1635,9.8051554e-05,0.0004060341,0.64
11882.56025648117,1636,9.8051554e-05,0.0020651629,0.64
11889.717607975006,1637,9.8051554e-05,0.0006781578,0.67
11896.890449047089,1638,9.8051554e-05,0.00031056497,0.68
11904.022750139236,1639,9.8051554e-05,0.0011979756,0.67
11911.210452318192,1640,9.8051554e-05,0.00023185014,0.66
11918.319877624512,1641,9.8051554e-05,0.00052624085,0.64
11925.389726638794,1642,9.8051554e-05,0.0003019241,0.68
11932.578815937042,1643,9.8051554e-05,0.0027808114,0.65
11939.740514039993,1644,9.8051554e-05,0.00033125386,0.65
11946.945124149323,1645,9.8051554e-05,0.0025831447,0.67
11954.134434461594,1646,9.8051554e-05,0.0071189953,0.66
11961.406748533249,1647,9.8051554e-05,0.00019612728,0.65
11968.363268852234,1648,9.8051554e-05,0.0013550756,0.66
11975.460504293442,1649,9.8051554e-05,0.0001757061,0.66
11982.613894701004,1650,9.8051554e-05,0.00028305702,0.66
11989.719594240189,1651,9.118795e-05,9.8687e-05,0.67
11996.823874235153,1652,9.118795e-05,0.003108406,0.68
12004.426520824432,1653,9.118795e-05,0.0012760924,0.66
12011.626030921936,1654,9.118795e-05,0.00075968605,0.65
12018.760613679886,1655,9.118795e-05,0.0029213724,0.65
12025.912858486176,1656,9.118795e-05,0.0010169672,0.67
12033.077636957169,1657,9.118795e-05,0.00010911175,0.67
12040.264549732208,1658,9.118795e-05,0.00040902887,0.66
12047.440525770187,1659,9.118795e-05,0.0032036933,0.65
12054.615898132324,1660,9.118795e-05,0.0005014606,0.62
12061.794749975204,1661,9.118795e-05,0.0003366731,0.64
12069.075496196747,1662,9.118795e-05,6.021877e-05,0.63
12076.243155241013,1663,9.118795e-05,0.00014330409,0.64
12083.371656656265,1664,9.118795e-05,0.00044153194,0.64
12090.59478187561,1665,9.118795e-05,0.0018829555,0.65
12097.63307261467,1666,9.118795e-05,0.000514819,0.66
12104.750477552414,1667,9.118795e-05,0.0070558125,0.67
12111.832304239273,1668,9.118795e-05,0.0067316433,0.67
12118.912643194199,1669,9.118795e-05,0.00022367189,0.66
12126.136838436127,1670,9.118795e-05,0.0003121308,0.67
12133.310722589493,1671,9.118795e-05,0.0012828409,0.67
12140.40884065628,1672,9.118795e-05,0.00021977602,0.66
12147.521202325821,1673,9.118795e-05,0.0025209629,0.67
12154.617223978043,1674,9.118795e-05,0.001297915,0.68
12161.65824842453,1675,9.118795e-05,0.00023121347,0.69
12168.787830114365,1676,9.118795e-05,0.0016989846,0.68
12176.007254838943,1677,9.118795e-05,0.00022430331,0.67
12183.192389249802,1678,9.118795e-05,0.0014147591,0.66
12190.332850456238,1679,9.118795e-05,0.001096106,0.64
12197.479363918304,1680,9.118795e-05,0.0014019341,0.64
12204.93231010437,1681,9.118795e-05,0.00029254096,0.65
12212.060009002686,1682,9.118795e-05,0.005879312,0.65
12219.175385951996,1683,9.118795e-05,0.00025900127,0.65
12226.343334674835,1684,9.118795e-05,0.0011491962,0.66
12233.511437654495,1685,9.118795e-05,0.008106016,0.66
12240.574583292007,1686,9.118795e-05,0.0028820345,0.66
12247.67779660225,1687,9.118795e-05,0.00015049898,0.65
12254.848021268845,1688,9.118795e-05,0.0016443237,0.64
12261.970704555511,1689,9.118795e-05,0.0010661938,0.63
12269.104165554047,1690,9.118795e-05,0.0010946286,0.63
12276.315269708633,1691,9.118795e-05,0.00052150467,0.63
12283.339041948318,1692,9.118795e-05,0.0011418341,0.64
12290.321275949478,1693,9.118795e-05,0.00078056566,0.63
12297.44733428955,1694,9.118795e-05,0.0028185518,0.63
12304.674662828445,1695,9.118795e-05,0.0033543515,0.63
12311.833228826523,1696,9.118795e-05,0.00016721242,0.64
12318.912369728088,1697,9.118795e-05,0.00092734746,0.63
12326.048511743546,1698,9.118795e-05,0.001131491,0.63
12333.171020507812,1699,9.118795e-05,0.00056199863,0.62
12340.382606267929,1700,9.118795e-05,0.0004098003,0.65
12347.515487670898,1701,8.480479e-05,0.00043684128,0.63
12354.71412396431,1702,8.480479e-05,0.00027384397,0.64
12361.905667304993,1703,8.480479e-05,0.00052686204,0.64
12368.951429128647,1704,8.480479e-05,0.0006419881,0.64
12376.010972738266,1705,8.480479e-05,0.0032075248,0.66
12383.162028551102,1706,8.480479e-05,0.00010871878,0.65
12390.346085071564,1707,8.480479e-05,0.00019197715,0.66
12397.475725412369,1708,8.480479e-05,0.0008156372,0.64
12404.983698606491,1709,8.480479e-05,0.0015518699,0.66
12412.090127706528,1710,8.480479e-05,0.00017419017,0.67
12419.22511959076,1711,8.480479e-05,0.0004148369,0.66
